ISO-10303-21;
HEADER;
/* Generated by software containing ST-Developer
 * from STEP Tools, Inc. (www.steptools.com) 
 */
/* OPTION: using custom renumber hook */

FILE_DESCRIPTION(
/* description */ ('STEP AP242 Edition 2',
'CAx-IF Rec.Pracs.---Representation and Presentation of Product Manufa
cturing Information (PMI)---4.0---2014-10-13',
'CAx-IF Rec.Pracs.---3D Tessellated Geometry---0.4---2014-09-14','2;1',
'CAx-IF Rec.Pracs.---User Defined Attributes---1.5---2016-08-15'),
/* implementation_level */ '2;1');

FILE_NAME(
/* name */ 'Part Studio 1',
/* time_stamp */ '2026-08-18T14:30:53Z',
/* author */ (''),
/* organization */ (''),
/* preprocessor_version */ 'ST-DEVELOPER v20',
/* originating_system */ 'ONSHAPE BY PTC INC, 1.219',
/* authorisation */ '  ');

FILE_SCHEMA (('AP242_MANAGED_MODEL_BASED_3D_ENGINEERING_MIM_LF { 1 0 10303 442 3 1 4 }'));
ENDSEC;

DATA;
#10=SHAPE_REPRESENTATION_RELATIONSHIP('','',#2110,#13);
#11=SHAPE_REPRESENTATION_RELATIONSHIP('','',#2111,#14);
#12=SHAPE_REPRESENTATION_RELATIONSHIP('','',#2112,#15);
#13=ADVANCED_BREP_SHAPE_REPRESENTATION('',(#2104),#3469);
#14=ADVANCED_BREP_SHAPE_REPRESENTATION('',(#2105),#3470);
#15=ADVANCED_BREP_SHAPE_REPRESENTATION('',(#2106),#3471);
#16=TOROIDAL_SURFACE('',#2244,0.00145466868334374,0.000265563491861041);
#17=TOROIDAL_SURFACE('',#2245,0.000742984933720958,0.000265563491861041);
#18=B_SPLINE_SURFACE_WITH_KNOTS('',3,1,((#3293,#3294),(#3295,#3296),(#3297,
#3298),(#3299,#3300),(#3301,#3302),(#3303,#3304),(#3305,#3306),(#3307,#3308),
(#3309,#3310),(#3311,#3312),(#3313,#3314),(#3315,#3316),(#3317,#3318),(#3319,
#3320),(#3321,#3322),(#3323,#3324),(#3325,#3326)),
 .SURF_OF_LINEAR_EXTRUSION.,.F.,.F.,.F.,(4,1,1,1,1,1,1,1,1,1,1,1,1,1,4),
(2,2),(0.,0.105138499864326,0.157707749796489,0.210276999728652,0.262846249660815,
0.315415499592978,0.367984749525141,0.420553999457304,0.473123249389467,
0.52569249932163,0.578261749253793,0.630830999185956,0.683400249118119,
0.735969499050282,0.841107998914608),(0.,1.),.UNSPECIFIED.);
#19=B_SPLINE_CURVE_WITH_KNOTS('',3,(#3280,#3281,#3282,#3283,#3284,#3285,
#3286,#3287,#3288),.UNSPECIFIED.,.F.,.F.,(4,1,1,1,1,1,4),(0.,0.265934480222609,
0.343908337935234,0.410245182894843,0.481600370102492,0.575503862787786,
0.841107998914608),.UNSPECIFIED.);
#20=B_SPLINE_CURVE_WITH_KNOTS('',3,(#3329,#3330,#3331,#3332,#3333,#3334,
#3335,#3336,#3337),.UNSPECIFIED.,.F.,.F.,(4,1,1,1,1,1,4),(0.,0.265934480222609,
0.343908337935234,0.410245182894843,0.481600370102492,0.575503862787786,
0.841107998914608),.UNSPECIFIED.);
#21=B_SPLINE_CURVE_WITH_KNOTS('',3,(#3370,#3371,#3372,#3373,#3374),
 .UNSPECIFIED.,.F.,.F.,(4,1,4),(0.,0.000247275964173053,0.000494551928346105),
 .UNSPECIFIED.);
#22=B_SPLINE_CURVE_WITH_KNOTS('',3,(#3375,#3376,#3377,#3378,#3379),
 .UNSPECIFIED.,.F.,.F.,(4,1,4),(0.,0.000247275964173063,0.000494551928346127),
 .UNSPECIFIED.);
#23=B_SPLINE_CURVE_WITH_KNOTS('',3,(#3387,#3388,#3389,#3390,#3391,#3392,
#3393,#3394,#3395,#3396,#3397,#3398,#3399,#3400,#3401),.UNSPECIFIED.,.T.,
 .F.,(1,1,1,1,1,1,1,1,1,1,1,1,1,1,1,1,1,1,1),(-0.000852643170764233,-0.000426321585382116,
-0.000213160792691058,0.,0.000213160792691058,0.000426321585382116,0.000852643170764233,
0.00127896475614635,0.00149212554883741,0.00170528634152847,0.00191844713421952,
0.00213160792691058,0.0025579295122927,0.00298425109767481,0.00319741189036587,
0.00341057268305693,0.00362373347574799,0.00383689426843905,0.00426321585382116),
 .UNSPECIFIED.);
#24=CYLINDRICAL_SURFACE('',#2134,0.000434071432991401);
#25=CYLINDRICAL_SURFACE('',#2164,0.00105);
#26=CYLINDRICAL_SURFACE('',#2165,0.00103811183182043);
#27=CYLINDRICAL_SURFACE('',#2166,0.00103811183182043);
#28=CYLINDRICAL_SURFACE('',#2182,0.00102526613869552);
#29=CYLINDRICAL_SURFACE('',#2183,0.00133577670389751);
#30=CYLINDRICAL_SURFACE('',#2184,0.00172023217520478);
#31=CYLINDRICAL_SURFACE('',#2186,0.001008548425582);
#32=CYLINDRICAL_SURFACE('',#2223,0.001);
#33=CYLINDRICAL_SURFACE('',#2233,0.000690989537790995);
#34=CYLINDRICAL_SURFACE('',#2238,0.000299999999999994);
#35=CYLINDRICAL_SURFACE('',#2239,0.000299999999999994);
#36=CYLINDRICAL_SURFACE('',#2240,0.0003);
#37=CYLINDRICAL_SURFACE('',#2241,0.0003);
#38=CYLINDRICAL_SURFACE('',#2242,0.0003);
#39=CYLINDRICAL_SURFACE('',#2243,0.0003);
#40=CYLINDRICAL_SURFACE('',#2247,0.000303595554965397);
#41=CYLINDRICAL_SURFACE('',#2252,0.00060358367942922);
#42=CYLINDRICAL_SURFACE('',#2256,0.000599991693874582);
#43=CIRCLE('',#2131,0.000434071432991401);
#44=CIRCLE('',#2133,0.000434071432991401);
#45=CIRCLE('',#2135,0.000434071432991401);
#46=CIRCLE('',#2137,0.00145466868334374);
#47=CIRCLE('',#2138,0.000742984933720958);
#48=CIRCLE('',#2140,0.00133577670389751);
#49=CIRCLE('',#2145,0.00133577670389751);
#50=CIRCLE('',#2146,0.00102526613869552);
#51=CIRCLE('',#2154,0.00105);
#52=CIRCLE('',#2155,0.00103811183182043);
#53=CIRCLE('',#2156,0.00103811183182043);
#54=CIRCLE('',#2159,0.00105);
#55=CIRCLE('',#2160,0.00103811183182043);
#56=CIRCLE('',#2161,0.00103811183182043);
#57=CIRCLE('',#2175,0.00102526613869552);
#58=CIRCLE('',#2180,0.001008548425582);
#59=CIRCLE('',#2181,0.00172023217520478);
#60=CIRCLE('',#2185,0.00172023217520478);
#61=CIRCLE('',#2187,0.001008548425582);
#62=CIRCLE('',#2216,0.0003);
#63=CIRCLE('',#2217,0.0003);
#64=CIRCLE('',#2218,0.0003);
#65=CIRCLE('',#2219,0.0003);
#66=CIRCLE('',#2220,0.000299999999999994);
#67=CIRCLE('',#2221,0.001);
#68=CIRCLE('',#2222,0.000299999999999994);
#69=CIRCLE('',#2224,0.001);
#70=CIRCLE('',#2226,0.0003);
#71=CIRCLE('',#2227,0.0003);
#72=CIRCLE('',#2228,0.0003);
#73=CIRCLE('',#2229,0.0003);
#74=CIRCLE('',#2230,0.000299999999999994);
#75=CIRCLE('',#2231,0.000299999999999994);
#76=CIRCLE('',#2232,0.000690989537790995);
#77=CIRCLE('',#2234,0.000690989537790995);
#78=CIRCLE('',#2237,0.000299999999999994);
#79=CIRCLE('',#2248,0.000303595554965397);
#80=CIRCLE('',#2249,0.000303595554965397);
#81=CIRCLE('',#2253,0.000599991693874582);
#82=CIRCLE('',#2254,0.00060358367942922);
#83=CIRCLE('',#2257,0.000599991693874582);
#84=ORIENTED_EDGE('',*,*,#634,.F.);
#85=ORIENTED_EDGE('',*,*,#635,.F.);
#86=ORIENTED_EDGE('',*,*,#636,.F.);
#87=ORIENTED_EDGE('',*,*,#637,.T.);
#88=ORIENTED_EDGE('',*,*,#638,.F.);
#89=ORIENTED_EDGE('',*,*,#637,.F.);
#90=ORIENTED_EDGE('',*,*,#639,.F.);
#91=ORIENTED_EDGE('',*,*,#640,.T.);
#92=ORIENTED_EDGE('',*,*,#641,.F.);
#93=ORIENTED_EDGE('',*,*,#640,.F.);
#94=ORIENTED_EDGE('',*,*,#642,.F.);
#95=ORIENTED_EDGE('',*,*,#643,.T.);
#96=ORIENTED_EDGE('',*,*,#644,.T.);
#97=ORIENTED_EDGE('',*,*,#642,.T.);
#98=ORIENTED_EDGE('',*,*,#639,.T.);
#99=ORIENTED_EDGE('',*,*,#636,.T.);
#100=ORIENTED_EDGE('',*,*,#645,.T.);
#101=ORIENTED_EDGE('',*,*,#646,.T.);
#102=ORIENTED_EDGE('',*,*,#647,.T.);
#103=ORIENTED_EDGE('',*,*,#648,.T.);
#104=ORIENTED_EDGE('',*,*,#649,.T.);
#105=ORIENTED_EDGE('',*,*,#650,.T.);
#106=ORIENTED_EDGE('',*,*,#651,.T.);
#107=ORIENTED_EDGE('',*,*,#652,.T.);
#108=ORIENTED_EDGE('',*,*,#653,.T.);
#109=ORIENTED_EDGE('',*,*,#654,.T.);
#110=ORIENTED_EDGE('',*,*,#655,.T.);
#111=ORIENTED_EDGE('',*,*,#656,.T.);
#112=ORIENTED_EDGE('',*,*,#657,.F.);
#113=ORIENTED_EDGE('',*,*,#655,.F.);
#114=ORIENTED_EDGE('',*,*,#658,.T.);
#115=ORIENTED_EDGE('',*,*,#659,.T.);
#116=ORIENTED_EDGE('',*,*,#658,.F.);
#117=ORIENTED_EDGE('',*,*,#654,.F.);
#118=ORIENTED_EDGE('',*,*,#660,.T.);
#119=ORIENTED_EDGE('',*,*,#661,.T.);
#120=ORIENTED_EDGE('',*,*,#660,.F.);
#121=ORIENTED_EDGE('',*,*,#653,.F.);
#122=ORIENTED_EDGE('',*,*,#662,.T.);
#123=ORIENTED_EDGE('',*,*,#663,.T.);
#124=ORIENTED_EDGE('',*,*,#662,.F.);
#125=ORIENTED_EDGE('',*,*,#652,.F.);
#126=ORIENTED_EDGE('',*,*,#664,.T.);
#127=ORIENTED_EDGE('',*,*,#665,.T.);
#128=ORIENTED_EDGE('',*,*,#664,.F.);
#129=ORIENTED_EDGE('',*,*,#651,.F.);
#130=ORIENTED_EDGE('',*,*,#666,.T.);
#131=ORIENTED_EDGE('',*,*,#667,.T.);
#132=ORIENTED_EDGE('',*,*,#666,.F.);
#133=ORIENTED_EDGE('',*,*,#650,.F.);
#134=ORIENTED_EDGE('',*,*,#668,.T.);
#135=ORIENTED_EDGE('',*,*,#669,.T.);
#136=ORIENTED_EDGE('',*,*,#668,.F.);
#137=ORIENTED_EDGE('',*,*,#649,.F.);
#138=ORIENTED_EDGE('',*,*,#670,.T.);
#139=ORIENTED_EDGE('',*,*,#671,.T.);
#140=ORIENTED_EDGE('',*,*,#670,.F.);
#141=ORIENTED_EDGE('',*,*,#648,.F.);
#142=ORIENTED_EDGE('',*,*,#672,.T.);
#143=ORIENTED_EDGE('',*,*,#673,.T.);
#144=ORIENTED_EDGE('',*,*,#672,.F.);
#145=ORIENTED_EDGE('',*,*,#647,.F.);
#146=ORIENTED_EDGE('',*,*,#674,.T.);
#147=ORIENTED_EDGE('',*,*,#675,.T.);
#148=ORIENTED_EDGE('',*,*,#674,.F.);
#149=ORIENTED_EDGE('',*,*,#646,.F.);
#150=ORIENTED_EDGE('',*,*,#676,.T.);
#151=ORIENTED_EDGE('',*,*,#677,.F.);
#152=ORIENTED_EDGE('',*,*,#678,.T.);
#153=ORIENTED_EDGE('',*,*,#679,.T.);
#154=ORIENTED_EDGE('',*,*,#676,.F.);
#155=ORIENTED_EDGE('',*,*,#645,.F.);
#156=ORIENTED_EDGE('',*,*,#635,.T.);
#157=ORIENTED_EDGE('',*,*,#680,.T.);
#158=ORIENTED_EDGE('',*,*,#681,.T.);
#159=ORIENTED_EDGE('',*,*,#682,.F.);
#160=ORIENTED_EDGE('',*,*,#643,.F.);
#161=ORIENTED_EDGE('',*,*,#644,.F.);
#162=ORIENTED_EDGE('',*,*,#657,.T.);
#163=ORIENTED_EDGE('',*,*,#679,.F.);
#164=ORIENTED_EDGE('',*,*,#683,.T.);
#165=ORIENTED_EDGE('',*,*,#680,.F.);
#166=ORIENTED_EDGE('',*,*,#656,.F.);
#167=ORIENTED_EDGE('',*,*,#659,.F.);
#168=ORIENTED_EDGE('',*,*,#661,.F.);
#169=ORIENTED_EDGE('',*,*,#663,.F.);
#170=ORIENTED_EDGE('',*,*,#665,.F.);
#171=ORIENTED_EDGE('',*,*,#667,.F.);
#172=ORIENTED_EDGE('',*,*,#669,.F.);
#173=ORIENTED_EDGE('',*,*,#671,.F.);
#174=ORIENTED_EDGE('',*,*,#673,.F.);
#175=ORIENTED_EDGE('',*,*,#675,.F.);
#176=ORIENTED_EDGE('',*,*,#677,.T.);
#177=ORIENTED_EDGE('',*,*,#634,.T.);
#178=ORIENTED_EDGE('',*,*,#638,.T.);
#179=ORIENTED_EDGE('',*,*,#641,.T.);
#180=ORIENTED_EDGE('',*,*,#682,.T.);
#181=ORIENTED_EDGE('',*,*,#684,.T.);
#182=ORIENTED_EDGE('',*,*,#685,.T.);
#183=ORIENTED_EDGE('',*,*,#684,.F.);
#184=ORIENTED_EDGE('',*,*,#681,.F.);
#185=ORIENTED_EDGE('',*,*,#683,.F.);
#186=ORIENTED_EDGE('',*,*,#678,.F.);
#187=ORIENTED_EDGE('',*,*,#686,.T.);
#188=ORIENTED_EDGE('',*,*,#687,.T.);
#189=ORIENTED_EDGE('',*,*,#688,.F.);
#190=ORIENTED_EDGE('',*,*,#689,.F.);
#191=ORIENTED_EDGE('',*,*,#690,.F.);
#192=ORIENTED_EDGE('',*,*,#691,.F.);
#193=ORIENTED_EDGE('',*,*,#692,.F.);
#194=ORIENTED_EDGE('',*,*,#693,.F.);
#195=ORIENTED_EDGE('',*,*,#694,.F.);
#196=ORIENTED_EDGE('',*,*,#695,.F.);
#197=ORIENTED_EDGE('',*,*,#696,.F.);
#198=ORIENTED_EDGE('',*,*,#697,.F.);
#199=ORIENTED_EDGE('',*,*,#698,.F.);
#200=ORIENTED_EDGE('',*,*,#699,.F.);
#201=ORIENTED_EDGE('',*,*,#700,.F.);
#202=ORIENTED_EDGE('',*,*,#701,.F.);
#203=ORIENTED_EDGE('',*,*,#702,.F.);
#204=ORIENTED_EDGE('',*,*,#703,.F.);
#205=ORIENTED_EDGE('',*,*,#704,.F.);
#206=ORIENTED_EDGE('',*,*,#705,.F.);
#207=ORIENTED_EDGE('',*,*,#706,.F.);
#208=ORIENTED_EDGE('',*,*,#707,.F.);
#209=ORIENTED_EDGE('',*,*,#708,.F.);
#210=ORIENTED_EDGE('',*,*,#709,.F.);
#211=ORIENTED_EDGE('',*,*,#710,.F.);
#212=ORIENTED_EDGE('',*,*,#711,.F.);
#213=ORIENTED_EDGE('',*,*,#712,.F.);
#214=ORIENTED_EDGE('',*,*,#713,.F.);
#215=ORIENTED_EDGE('',*,*,#714,.F.);
#216=ORIENTED_EDGE('',*,*,#715,.T.);
#217=ORIENTED_EDGE('',*,*,#716,.T.);
#218=ORIENTED_EDGE('',*,*,#717,.F.);
#219=ORIENTED_EDGE('',*,*,#718,.F.);
#220=ORIENTED_EDGE('',*,*,#719,.F.);
#221=ORIENTED_EDGE('',*,*,#720,.F.);
#222=ORIENTED_EDGE('',*,*,#721,.T.);
#223=ORIENTED_EDGE('',*,*,#722,.T.);
#224=ORIENTED_EDGE('',*,*,#723,.F.);
#225=ORIENTED_EDGE('',*,*,#724,.T.);
#226=ORIENTED_EDGE('',*,*,#725,.F.);
#227=ORIENTED_EDGE('',*,*,#726,.F.);
#228=ORIENTED_EDGE('',*,*,#727,.T.);
#229=ORIENTED_EDGE('',*,*,#728,.T.);
#230=ORIENTED_EDGE('',*,*,#729,.T.);
#231=ORIENTED_EDGE('',*,*,#717,.T.);
#232=ORIENTED_EDGE('',*,*,#730,.F.);
#233=ORIENTED_EDGE('',*,*,#731,.T.);
#234=ORIENTED_EDGE('',*,*,#732,.T.);
#235=ORIENTED_EDGE('',*,*,#733,.F.);
#236=ORIENTED_EDGE('',*,*,#734,.T.);
#237=ORIENTED_EDGE('',*,*,#735,.T.);
#238=ORIENTED_EDGE('',*,*,#736,.T.);
#239=ORIENTED_EDGE('',*,*,#737,.T.);
#240=ORIENTED_EDGE('',*,*,#738,.F.);
#241=ORIENTED_EDGE('',*,*,#739,.T.);
#242=ORIENTED_EDGE('',*,*,#740,.T.);
#243=ORIENTED_EDGE('',*,*,#741,.F.);
#244=ORIENTED_EDGE('',*,*,#742,.F.);
#245=ORIENTED_EDGE('',*,*,#743,.F.);
#246=ORIENTED_EDGE('',*,*,#726,.T.);
#247=ORIENTED_EDGE('',*,*,#744,.T.);
#248=ORIENTED_EDGE('',*,*,#745,.T.);
#249=ORIENTED_EDGE('',*,*,#746,.T.);
#250=ORIENTED_EDGE('',*,*,#747,.T.);
#251=ORIENTED_EDGE('',*,*,#748,.F.);
#252=ORIENTED_EDGE('',*,*,#724,.F.);
#253=ORIENTED_EDGE('',*,*,#749,.F.);
#254=ORIENTED_EDGE('',*,*,#750,.F.);
#255=ORIENTED_EDGE('',*,*,#751,.T.);
#256=ORIENTED_EDGE('',*,*,#728,.F.);
#257=ORIENTED_EDGE('',*,*,#752,.T.);
#258=ORIENTED_EDGE('',*,*,#753,.F.);
#259=ORIENTED_EDGE('',*,*,#744,.F.);
#260=ORIENTED_EDGE('',*,*,#725,.T.);
#261=ORIENTED_EDGE('',*,*,#748,.T.);
#262=ORIENTED_EDGE('',*,*,#742,.T.);
#263=ORIENTED_EDGE('',*,*,#753,.T.);
#264=ORIENTED_EDGE('',*,*,#747,.F.);
#265=ORIENTED_EDGE('',*,*,#754,.F.);
#266=ORIENTED_EDGE('',*,*,#755,.F.);
#267=ORIENTED_EDGE('',*,*,#756,.T.);
#268=ORIENTED_EDGE('',*,*,#757,.T.);
#269=ORIENTED_EDGE('',*,*,#731,.F.);
#270=ORIENTED_EDGE('',*,*,#758,.F.);
#271=ORIENTED_EDGE('',*,*,#759,.T.);
#272=ORIENTED_EDGE('',*,*,#755,.T.);
#273=ORIENTED_EDGE('',*,*,#730,.T.);
#274=ORIENTED_EDGE('',*,*,#760,.F.);
#275=ORIENTED_EDGE('',*,*,#761,.T.);
#276=ORIENTED_EDGE('',*,*,#758,.T.);
#277=ORIENTED_EDGE('',*,*,#733,.T.);
#278=ORIENTED_EDGE('',*,*,#757,.F.);
#279=ORIENTED_EDGE('',*,*,#762,.T.);
#280=ORIENTED_EDGE('',*,*,#760,.T.);
#281=ORIENTED_EDGE('',*,*,#732,.F.);
#282=ORIENTED_EDGE('',*,*,#763,.F.);
#283=ORIENTED_EDGE('',*,*,#764,.T.);
#284=ORIENTED_EDGE('',*,*,#765,.T.);
#285=ORIENTED_EDGE('',*,*,#766,.T.);
#286=ORIENTED_EDGE('',*,*,#739,.F.);
#287=ORIENTED_EDGE('',*,*,#767,.F.);
#288=ORIENTED_EDGE('',*,*,#768,.T.);
#289=ORIENTED_EDGE('',*,*,#769,.F.);
#290=ORIENTED_EDGE('',*,*,#770,.T.);
#291=ORIENTED_EDGE('',*,*,#767,.T.);
#292=ORIENTED_EDGE('',*,*,#738,.T.);
#293=ORIENTED_EDGE('',*,*,#771,.F.);
#294=ORIENTED_EDGE('',*,*,#772,.F.);
#295=ORIENTED_EDGE('',*,*,#773,.T.);
#296=ORIENTED_EDGE('',*,*,#774,.F.);
#297=ORIENTED_EDGE('',*,*,#775,.T.);
#298=ORIENTED_EDGE('',*,*,#769,.T.);
#299=ORIENTED_EDGE('',*,*,#741,.T.);
#300=ORIENTED_EDGE('',*,*,#766,.F.);
#301=ORIENTED_EDGE('',*,*,#776,.T.);
#302=ORIENTED_EDGE('',*,*,#772,.T.);
#303=ORIENTED_EDGE('',*,*,#740,.F.);
#304=ORIENTED_EDGE('',*,*,#774,.T.);
#305=ORIENTED_EDGE('',*,*,#777,.T.);
#306=ORIENTED_EDGE('',*,*,#764,.F.);
#307=ORIENTED_EDGE('',*,*,#778,.T.);
#308=ORIENTED_EDGE('',*,*,#763,.T.);
#309=ORIENTED_EDGE('',*,*,#771,.T.);
#310=ORIENTED_EDGE('',*,*,#765,.F.);
#311=ORIENTED_EDGE('',*,*,#777,.F.);
#312=ORIENTED_EDGE('',*,*,#773,.F.);
#313=ORIENTED_EDGE('',*,*,#776,.F.);
#314=ORIENTED_EDGE('',*,*,#768,.F.);
#315=ORIENTED_EDGE('',*,*,#770,.F.);
#316=ORIENTED_EDGE('',*,*,#775,.F.);
#317=ORIENTED_EDGE('',*,*,#778,.F.);
#318=ORIENTED_EDGE('',*,*,#779,.F.);
#319=ORIENTED_EDGE('',*,*,#737,.F.);
#320=ORIENTED_EDGE('',*,*,#780,.F.);
#321=ORIENTED_EDGE('',*,*,#759,.F.);
#322=ORIENTED_EDGE('',*,*,#780,.T.);
#323=ORIENTED_EDGE('',*,*,#736,.F.);
#324=ORIENTED_EDGE('',*,*,#781,.F.);
#325=ORIENTED_EDGE('',*,*,#756,.F.);
#326=ORIENTED_EDGE('',*,*,#779,.T.);
#327=ORIENTED_EDGE('',*,*,#761,.F.);
#328=ORIENTED_EDGE('',*,*,#782,.F.);
#329=ORIENTED_EDGE('',*,*,#734,.F.);
#330=ORIENTED_EDGE('',*,*,#781,.T.);
#331=ORIENTED_EDGE('',*,*,#735,.F.);
#332=ORIENTED_EDGE('',*,*,#782,.T.);
#333=ORIENTED_EDGE('',*,*,#762,.F.);
#334=ORIENTED_EDGE('',*,*,#743,.T.);
#335=ORIENTED_EDGE('',*,*,#754,.T.);
#336=ORIENTED_EDGE('',*,*,#752,.F.);
#337=ORIENTED_EDGE('',*,*,#727,.F.);
#338=ORIENTED_EDGE('',*,*,#729,.F.);
#339=ORIENTED_EDGE('',*,*,#751,.F.);
#340=ORIENTED_EDGE('',*,*,#783,.T.);
#341=ORIENTED_EDGE('',*,*,#718,.T.);
#342=ORIENTED_EDGE('',*,*,#723,.T.);
#343=ORIENTED_EDGE('',*,*,#784,.F.);
#344=ORIENTED_EDGE('',*,*,#785,.F.);
#345=ORIENTED_EDGE('',*,*,#749,.T.);
#346=ORIENTED_EDGE('',*,*,#786,.F.);
#347=ORIENTED_EDGE('',*,*,#787,.F.);
#348=ORIENTED_EDGE('',*,*,#788,.T.);
#349=ORIENTED_EDGE('',*,*,#784,.T.);
#350=ORIENTED_EDGE('',*,*,#722,.F.);
#351=ORIENTED_EDGE('',*,*,#783,.F.);
#352=ORIENTED_EDGE('',*,*,#750,.T.);
#353=ORIENTED_EDGE('',*,*,#785,.T.);
#354=ORIENTED_EDGE('',*,*,#788,.F.);
#355=ORIENTED_EDGE('',*,*,#789,.F.);
#356=ORIENTED_EDGE('',*,*,#790,.F.);
#357=ORIENTED_EDGE('',*,*,#791,.T.);
#358=ORIENTED_EDGE('',*,*,#715,.F.);
#359=ORIENTED_EDGE('',*,*,#792,.T.);
#360=ORIENTED_EDGE('',*,*,#719,.T.);
#361=ORIENTED_EDGE('',*,*,#716,.F.);
#362=ORIENTED_EDGE('',*,*,#791,.F.);
#363=ORIENTED_EDGE('',*,*,#721,.F.);
#364=ORIENTED_EDGE('',*,*,#793,.F.);
#365=ORIENTED_EDGE('',*,*,#789,.T.);
#366=ORIENTED_EDGE('',*,*,#787,.T.);
#367=ORIENTED_EDGE('',*,*,#794,.F.);
#368=ORIENTED_EDGE('',*,*,#795,.F.);
#369=ORIENTED_EDGE('',*,*,#793,.T.);
#370=ORIENTED_EDGE('',*,*,#720,.T.);
#371=ORIENTED_EDGE('',*,*,#792,.F.);
#372=ORIENTED_EDGE('',*,*,#790,.T.);
#373=ORIENTED_EDGE('',*,*,#786,.T.);
#374=ORIENTED_EDGE('',*,*,#746,.F.);
#375=ORIENTED_EDGE('',*,*,#714,.T.);
#376=ORIENTED_EDGE('',*,*,#745,.F.);
#377=ORIENTED_EDGE('',*,*,#796,.F.);
#378=ORIENTED_EDGE('',*,*,#797,.T.);
#379=ORIENTED_EDGE('',*,*,#798,.T.);
#380=ORIENTED_EDGE('',*,*,#795,.T.);
#381=ORIENTED_EDGE('',*,*,#798,.F.);
#382=ORIENTED_EDGE('',*,*,#799,.T.);
#383=ORIENTED_EDGE('',*,*,#796,.T.);
#384=ORIENTED_EDGE('',*,*,#794,.T.);
#385=ORIENTED_EDGE('',*,*,#688,.T.);
#386=ORIENTED_EDGE('',*,*,#800,.F.);
#387=ORIENTED_EDGE('',*,*,#801,.F.);
#388=ORIENTED_EDGE('',*,*,#802,.T.);
#389=ORIENTED_EDGE('',*,*,#696,.T.);
#390=ORIENTED_EDGE('',*,*,#803,.F.);
#391=ORIENTED_EDGE('',*,*,#804,.F.);
#392=ORIENTED_EDGE('',*,*,#800,.T.);
#393=ORIENTED_EDGE('',*,*,#695,.T.);
#394=ORIENTED_EDGE('',*,*,#805,.F.);
#395=ORIENTED_EDGE('',*,*,#806,.F.);
#396=ORIENTED_EDGE('',*,*,#803,.T.);
#397=ORIENTED_EDGE('',*,*,#694,.T.);
#398=ORIENTED_EDGE('',*,*,#807,.F.);
#399=ORIENTED_EDGE('',*,*,#808,.F.);
#400=ORIENTED_EDGE('',*,*,#805,.T.);
#401=ORIENTED_EDGE('',*,*,#693,.T.);
#402=ORIENTED_EDGE('',*,*,#809,.F.);
#403=ORIENTED_EDGE('',*,*,#810,.F.);
#404=ORIENTED_EDGE('',*,*,#807,.T.);
#405=ORIENTED_EDGE('',*,*,#692,.T.);
#406=ORIENTED_EDGE('',*,*,#811,.F.);
#407=ORIENTED_EDGE('',*,*,#812,.F.);
#408=ORIENTED_EDGE('',*,*,#809,.T.);
#409=ORIENTED_EDGE('',*,*,#691,.T.);
#410=ORIENTED_EDGE('',*,*,#813,.F.);
#411=ORIENTED_EDGE('',*,*,#814,.F.);
#412=ORIENTED_EDGE('',*,*,#811,.T.);
#413=ORIENTED_EDGE('',*,*,#690,.T.);
#414=ORIENTED_EDGE('',*,*,#815,.F.);
#415=ORIENTED_EDGE('',*,*,#816,.F.);
#416=ORIENTED_EDGE('',*,*,#813,.T.);
#417=ORIENTED_EDGE('',*,*,#689,.T.);
#418=ORIENTED_EDGE('',*,*,#802,.F.);
#419=ORIENTED_EDGE('',*,*,#817,.F.);
#420=ORIENTED_EDGE('',*,*,#815,.T.);
#421=ORIENTED_EDGE('',*,*,#801,.T.);
#422=ORIENTED_EDGE('',*,*,#804,.T.);
#423=ORIENTED_EDGE('',*,*,#806,.T.);
#424=ORIENTED_EDGE('',*,*,#808,.T.);
#425=ORIENTED_EDGE('',*,*,#810,.T.);
#426=ORIENTED_EDGE('',*,*,#812,.T.);
#427=ORIENTED_EDGE('',*,*,#814,.T.);
#428=ORIENTED_EDGE('',*,*,#816,.T.);
#429=ORIENTED_EDGE('',*,*,#817,.T.);
#430=ORIENTED_EDGE('',*,*,#698,.T.);
#431=ORIENTED_EDGE('',*,*,#818,.F.);
#432=ORIENTED_EDGE('',*,*,#819,.F.);
#433=ORIENTED_EDGE('',*,*,#820,.T.);
#434=ORIENTED_EDGE('',*,*,#697,.T.);
#435=ORIENTED_EDGE('',*,*,#821,.F.);
#436=ORIENTED_EDGE('',*,*,#822,.F.);
#437=ORIENTED_EDGE('',*,*,#818,.T.);
#438=ORIENTED_EDGE('',*,*,#713,.T.);
#439=ORIENTED_EDGE('',*,*,#823,.F.);
#440=ORIENTED_EDGE('',*,*,#824,.F.);
#441=ORIENTED_EDGE('',*,*,#821,.T.);
#442=ORIENTED_EDGE('',*,*,#712,.T.);
#443=ORIENTED_EDGE('',*,*,#825,.F.);
#444=ORIENTED_EDGE('',*,*,#826,.F.);
#445=ORIENTED_EDGE('',*,*,#823,.T.);
#446=ORIENTED_EDGE('',*,*,#827,.F.);
#447=ORIENTED_EDGE('',*,*,#828,.T.);
#448=ORIENTED_EDGE('',*,*,#829,.F.);
#449=ORIENTED_EDGE('',*,*,#825,.T.);
#450=ORIENTED_EDGE('',*,*,#711,.T.);
#451=ORIENTED_EDGE('',*,*,#830,.F.);
#452=ORIENTED_EDGE('',*,*,#831,.F.);
#453=ORIENTED_EDGE('',*,*,#832,.T.);
#454=ORIENTED_EDGE('',*,*,#833,.F.);
#455=ORIENTED_EDGE('',*,*,#830,.T.);
#456=ORIENTED_EDGE('',*,*,#710,.T.);
#457=ORIENTED_EDGE('',*,*,#834,.F.);
#458=ORIENTED_EDGE('',*,*,#709,.T.);
#459=ORIENTED_EDGE('',*,*,#835,.F.);
#460=ORIENTED_EDGE('',*,*,#836,.F.);
#461=ORIENTED_EDGE('',*,*,#834,.T.);
#462=ORIENTED_EDGE('',*,*,#708,.T.);
#463=ORIENTED_EDGE('',*,*,#837,.F.);
#464=ORIENTED_EDGE('',*,*,#838,.F.);
#465=ORIENTED_EDGE('',*,*,#835,.T.);
#466=ORIENTED_EDGE('',*,*,#707,.T.);
#467=ORIENTED_EDGE('',*,*,#839,.F.);
#468=ORIENTED_EDGE('',*,*,#840,.F.);
#469=ORIENTED_EDGE('',*,*,#837,.T.);
#470=ORIENTED_EDGE('',*,*,#706,.T.);
#471=ORIENTED_EDGE('',*,*,#841,.F.);
#472=ORIENTED_EDGE('',*,*,#842,.F.);
#473=ORIENTED_EDGE('',*,*,#839,.T.);
#474=ORIENTED_EDGE('',*,*,#705,.T.);
#475=ORIENTED_EDGE('',*,*,#843,.F.);
#476=ORIENTED_EDGE('',*,*,#844,.F.);
#477=ORIENTED_EDGE('',*,*,#841,.T.);
#478=ORIENTED_EDGE('',*,*,#704,.T.);
#479=ORIENTED_EDGE('',*,*,#845,.F.);
#480=ORIENTED_EDGE('',*,*,#846,.F.);
#481=ORIENTED_EDGE('',*,*,#843,.T.);
#482=ORIENTED_EDGE('',*,*,#703,.T.);
#483=ORIENTED_EDGE('',*,*,#847,.F.);
#484=ORIENTED_EDGE('',*,*,#848,.F.);
#485=ORIENTED_EDGE('',*,*,#845,.T.);
#486=ORIENTED_EDGE('',*,*,#702,.T.);
#487=ORIENTED_EDGE('',*,*,#849,.F.);
#488=ORIENTED_EDGE('',*,*,#850,.F.);
#489=ORIENTED_EDGE('',*,*,#847,.T.);
#490=ORIENTED_EDGE('',*,*,#701,.T.);
#491=ORIENTED_EDGE('',*,*,#851,.F.);
#492=ORIENTED_EDGE('',*,*,#852,.F.);
#493=ORIENTED_EDGE('',*,*,#849,.T.);
#494=ORIENTED_EDGE('',*,*,#700,.T.);
#495=ORIENTED_EDGE('',*,*,#853,.F.);
#496=ORIENTED_EDGE('',*,*,#854,.F.);
#497=ORIENTED_EDGE('',*,*,#851,.T.);
#498=ORIENTED_EDGE('',*,*,#699,.T.);
#499=ORIENTED_EDGE('',*,*,#820,.F.);
#500=ORIENTED_EDGE('',*,*,#855,.F.);
#501=ORIENTED_EDGE('',*,*,#853,.T.);
#502=ORIENTED_EDGE('',*,*,#856,.T.);
#503=ORIENTED_EDGE('',*,*,#857,.T.);
#504=ORIENTED_EDGE('',*,*,#858,.T.);
#505=ORIENTED_EDGE('',*,*,#859,.T.);
#506=ORIENTED_EDGE('',*,*,#860,.T.);
#507=ORIENTED_EDGE('',*,*,#861,.F.);
#508=ORIENTED_EDGE('',*,*,#862,.F.);
#509=ORIENTED_EDGE('',*,*,#829,.T.);
#510=ORIENTED_EDGE('',*,*,#863,.T.);
#511=ORIENTED_EDGE('',*,*,#831,.T.);
#512=ORIENTED_EDGE('',*,*,#836,.T.);
#513=ORIENTED_EDGE('',*,*,#838,.T.);
#514=ORIENTED_EDGE('',*,*,#840,.T.);
#515=ORIENTED_EDGE('',*,*,#842,.T.);
#516=ORIENTED_EDGE('',*,*,#844,.T.);
#517=ORIENTED_EDGE('',*,*,#846,.T.);
#518=ORIENTED_EDGE('',*,*,#848,.T.);
#519=ORIENTED_EDGE('',*,*,#850,.T.);
#520=ORIENTED_EDGE('',*,*,#852,.T.);
#521=ORIENTED_EDGE('',*,*,#854,.T.);
#522=ORIENTED_EDGE('',*,*,#855,.T.);
#523=ORIENTED_EDGE('',*,*,#819,.T.);
#524=ORIENTED_EDGE('',*,*,#822,.T.);
#525=ORIENTED_EDGE('',*,*,#824,.T.);
#526=ORIENTED_EDGE('',*,*,#826,.T.);
#527=ORIENTED_EDGE('',*,*,#861,.T.);
#528=ORIENTED_EDGE('',*,*,#864,.F.);
#529=ORIENTED_EDGE('',*,*,#865,.F.);
#530=ORIENTED_EDGE('',*,*,#866,.T.);
#531=ORIENTED_EDGE('',*,*,#862,.T.);
#532=ORIENTED_EDGE('',*,*,#866,.F.);
#533=ORIENTED_EDGE('',*,*,#867,.F.);
#534=ORIENTED_EDGE('',*,*,#864,.T.);
#535=ORIENTED_EDGE('',*,*,#868,.F.);
#536=ORIENTED_EDGE('',*,*,#869,.F.);
#537=ORIENTED_EDGE('',*,*,#870,.F.);
#538=ORIENTED_EDGE('',*,*,#871,.F.);
#539=ORIENTED_EDGE('',*,*,#872,.F.);
#540=ORIENTED_EDGE('',*,*,#873,.F.);
#541=ORIENTED_EDGE('',*,*,#874,.F.);
#542=ORIENTED_EDGE('',*,*,#865,.T.);
#543=ORIENTED_EDGE('',*,*,#867,.T.);
#544=ORIENTED_EDGE('',*,*,#875,.F.);
#545=ORIENTED_EDGE('',*,*,#874,.T.);
#546=ORIENTED_EDGE('',*,*,#685,.F.);
#547=ORIENTED_EDGE('',*,*,#875,.T.);
#548=ORIENTED_EDGE('',*,*,#827,.T.);
#549=ORIENTED_EDGE('',*,*,#833,.T.);
#550=ORIENTED_EDGE('',*,*,#876,.T.);
#551=ORIENTED_EDGE('',*,*,#873,.T.);
#552=ORIENTED_EDGE('',*,*,#876,.F.);
#553=ORIENTED_EDGE('',*,*,#832,.F.);
#554=ORIENTED_EDGE('',*,*,#863,.F.);
#555=ORIENTED_EDGE('',*,*,#828,.F.);
#556=ORIENTED_EDGE('',*,*,#872,.T.);
#557=ORIENTED_EDGE('',*,*,#860,.F.);
#558=ORIENTED_EDGE('',*,*,#871,.T.);
#559=ORIENTED_EDGE('',*,*,#859,.F.);
#560=ORIENTED_EDGE('',*,*,#870,.T.);
#561=ORIENTED_EDGE('',*,*,#858,.F.);
#562=ORIENTED_EDGE('',*,*,#869,.T.);
#563=ORIENTED_EDGE('',*,*,#857,.F.);
#564=ORIENTED_EDGE('',*,*,#868,.T.);
#565=ORIENTED_EDGE('',*,*,#856,.F.);
#566=ORIENTED_EDGE('',*,*,#877,.F.);
#567=ORIENTED_EDGE('',*,*,#797,.F.);
#568=ORIENTED_EDGE('',*,*,#878,.F.);
#569=ORIENTED_EDGE('',*,*,#686,.F.);
#570=ORIENTED_EDGE('',*,*,#878,.T.);
#571=ORIENTED_EDGE('',*,*,#799,.F.);
#572=ORIENTED_EDGE('',*,*,#877,.T.);
#573=ORIENTED_EDGE('',*,*,#687,.F.);
#574=ORIENTED_EDGE('',*,*,#879,.F.);
#575=ORIENTED_EDGE('',*,*,#880,.T.);
#576=ORIENTED_EDGE('',*,*,#881,.F.);
#577=ORIENTED_EDGE('',*,*,#879,.T.);
#578=ORIENTED_EDGE('',*,*,#880,.F.);
#579=ORIENTED_EDGE('',*,*,#882,.F.);
#580=ORIENTED_EDGE('',*,*,#883,.F.);
#581=ORIENTED_EDGE('',*,*,#881,.T.);
#582=ORIENTED_EDGE('',*,*,#883,.T.);
#583=ORIENTED_EDGE('',*,*,#884,.F.);
#584=ORIENTED_EDGE('',*,*,#882,.T.);
#585=ORIENTED_EDGE('',*,*,#884,.T.);
#586=ORIENTED_EDGE('',*,*,#885,.F.);
#587=ORIENTED_EDGE('',*,*,#886,.T.);
#588=ORIENTED_EDGE('',*,*,#887,.T.);
#589=ORIENTED_EDGE('',*,*,#888,.F.);
#590=ORIENTED_EDGE('',*,*,#889,.F.);
#591=ORIENTED_EDGE('',*,*,#890,.T.);
#592=ORIENTED_EDGE('',*,*,#891,.T.);
#593=ORIENTED_EDGE('',*,*,#892,.F.);
#594=ORIENTED_EDGE('',*,*,#893,.T.);
#595=ORIENTED_EDGE('',*,*,#894,.T.);
#596=ORIENTED_EDGE('',*,*,#895,.F.);
#597=ORIENTED_EDGE('',*,*,#896,.F.);
#598=ORIENTED_EDGE('',*,*,#897,.F.);
#599=ORIENTED_EDGE('',*,*,#898,.T.);
#600=ORIENTED_EDGE('',*,*,#899,.T.);
#601=ORIENTED_EDGE('',*,*,#900,.F.);
#602=ORIENTED_EDGE('',*,*,#893,.F.);
#603=ORIENTED_EDGE('',*,*,#901,.F.);
#604=ORIENTED_EDGE('',*,*,#885,.T.);
#605=ORIENTED_EDGE('',*,*,#902,.T.);
#606=ORIENTED_EDGE('',*,*,#896,.T.);
#607=ORIENTED_EDGE('',*,*,#903,.F.);
#608=ORIENTED_EDGE('',*,*,#886,.F.);
#609=ORIENTED_EDGE('',*,*,#901,.T.);
#610=ORIENTED_EDGE('',*,*,#894,.F.);
#611=ORIENTED_EDGE('',*,*,#902,.F.);
#612=ORIENTED_EDGE('',*,*,#888,.T.);
#613=ORIENTED_EDGE('',*,*,#904,.T.);
#614=ORIENTED_EDGE('',*,*,#897,.T.);
#615=ORIENTED_EDGE('',*,*,#905,.T.);
#616=ORIENTED_EDGE('',*,*,#890,.F.);
#617=ORIENTED_EDGE('',*,*,#906,.F.);
#618=ORIENTED_EDGE('',*,*,#906,.T.);
#619=ORIENTED_EDGE('',*,*,#889,.T.);
#620=ORIENTED_EDGE('',*,*,#907,.F.);
#621=ORIENTED_EDGE('',*,*,#898,.F.);
#622=ORIENTED_EDGE('',*,*,#907,.T.);
#623=ORIENTED_EDGE('',*,*,#892,.T.);
#624=ORIENTED_EDGE('',*,*,#908,.F.);
#625=ORIENTED_EDGE('',*,*,#899,.F.);
#626=ORIENTED_EDGE('',*,*,#900,.T.);
#627=ORIENTED_EDGE('',*,*,#908,.T.);
#628=ORIENTED_EDGE('',*,*,#891,.F.);
#629=ORIENTED_EDGE('',*,*,#905,.F.);
#630=ORIENTED_EDGE('',*,*,#895,.T.);
#631=ORIENTED_EDGE('',*,*,#904,.F.);
#632=ORIENTED_EDGE('',*,*,#887,.F.);
#633=ORIENTED_EDGE('',*,*,#903,.T.);
#634=EDGE_CURVE('',#909,#910,#1099,.T.);
#635=EDGE_CURVE('',#911,#909,#1100,.T.);
#636=EDGE_CURVE('',#912,#911,#1101,.T.);
#637=EDGE_CURVE('',#912,#910,#1102,.T.);
#638=EDGE_CURVE('',#910,#913,#1103,.T.);
#639=EDGE_CURVE('',#914,#912,#1104,.T.);
#640=EDGE_CURVE('',#914,#913,#1105,.T.);
#641=EDGE_CURVE('',#913,#915,#1106,.T.);
#642=EDGE_CURVE('',#916,#914,#1107,.T.);
#643=EDGE_CURVE('',#916,#915,#1108,.T.);
#644=EDGE_CURVE('',#917,#916,#1109,.T.);
#645=EDGE_CURVE('',#911,#918,#1110,.T.);
#646=EDGE_CURVE('',#918,#919,#1111,.T.);
#647=EDGE_CURVE('',#919,#920,#1112,.T.);
#648=EDGE_CURVE('',#920,#921,#1113,.T.);
#649=EDGE_CURVE('',#921,#922,#1114,.T.);
#650=EDGE_CURVE('',#922,#923,#1115,.T.);
#651=EDGE_CURVE('',#923,#924,#1116,.T.);
#652=EDGE_CURVE('',#924,#925,#1117,.T.);
#653=EDGE_CURVE('',#925,#926,#1118,.T.);
#654=EDGE_CURVE('',#926,#927,#1119,.T.);
#655=EDGE_CURVE('',#927,#917,#1120,.T.);
#656=EDGE_CURVE('',#928,#929,#1121,.T.);
#657=EDGE_CURVE('',#917,#929,#1122,.T.);
#658=EDGE_CURVE('',#927,#928,#1123,.T.);
#659=EDGE_CURVE('',#930,#928,#1124,.T.);
#660=EDGE_CURVE('',#926,#930,#1125,.T.);
#661=EDGE_CURVE('',#931,#930,#1126,.T.);
#662=EDGE_CURVE('',#925,#931,#1127,.T.);
#663=EDGE_CURVE('',#932,#931,#1128,.T.);
#664=EDGE_CURVE('',#924,#932,#1129,.T.);
#665=EDGE_CURVE('',#933,#932,#1130,.T.);
#666=EDGE_CURVE('',#923,#933,#1131,.T.);
#667=EDGE_CURVE('',#934,#933,#1132,.T.);
#668=EDGE_CURVE('',#922,#934,#1133,.T.);
#669=EDGE_CURVE('',#935,#934,#1134,.T.);
#670=EDGE_CURVE('',#921,#935,#1135,.T.);
#671=EDGE_CURVE('',#936,#935,#1136,.T.);
#672=EDGE_CURVE('',#920,#936,#1137,.T.);
#673=EDGE_CURVE('',#937,#936,#1138,.T.);
#674=EDGE_CURVE('',#919,#937,#1139,.T.);
#675=EDGE_CURVE('',#938,#937,#1140,.T.);
#676=EDGE_CURVE('',#918,#938,#1141,.T.);
#677=EDGE_CURVE('',#939,#909,#1142,.T.);
#678=EDGE_CURVE('',#939,#940,#1143,.T.);
#679=EDGE_CURVE('',#940,#938,#1144,.T.);
#680=EDGE_CURVE('',#929,#941,#1145,.T.);
#681=EDGE_CURVE('',#941,#942,#1146,.F.);
#682=EDGE_CURVE('',#915,#942,#1147,.T.);
#683=EDGE_CURVE('',#940,#941,#43,.T.);
#684=EDGE_CURVE('',#942,#939,#44,.T.);
#685=EDGE_CURVE('',#943,#943,#45,.T.);
#686=EDGE_CURVE('',#944,#945,#46,.T.);
#687=EDGE_CURVE('',#945,#944,#47,.T.);
#688=EDGE_CURVE('',#946,#947,#1148,.T.);
#689=EDGE_CURVE('',#948,#946,#1149,.T.);
#690=EDGE_CURVE('',#949,#948,#1150,.T.);
#691=EDGE_CURVE('',#950,#949,#1151,.T.);
#692=EDGE_CURVE('',#951,#950,#1152,.T.);
#693=EDGE_CURVE('',#952,#951,#1153,.T.);
#694=EDGE_CURVE('',#953,#952,#1154,.T.);
#695=EDGE_CURVE('',#954,#953,#1155,.T.);
#696=EDGE_CURVE('',#947,#954,#1156,.T.);
#697=EDGE_CURVE('',#955,#956,#1157,.T.);
#698=EDGE_CURVE('',#957,#955,#1158,.T.);
#699=EDGE_CURVE('',#958,#957,#1159,.T.);
#700=EDGE_CURVE('',#959,#958,#1160,.T.);
#701=EDGE_CURVE('',#960,#959,#1161,.T.);
#702=EDGE_CURVE('',#961,#960,#1162,.T.);
#703=EDGE_CURVE('',#962,#961,#1163,.T.);
#704=EDGE_CURVE('',#963,#962,#1164,.T.);
#705=EDGE_CURVE('',#964,#963,#1165,.T.);
#706=EDGE_CURVE('',#965,#964,#1166,.T.);
#707=EDGE_CURVE('',#966,#965,#1167,.T.);
#708=EDGE_CURVE('',#967,#966,#1168,.T.);
#709=EDGE_CURVE('',#968,#967,#1169,.T.);
#710=EDGE_CURVE('',#969,#968,#1170,.T.);
#711=EDGE_CURVE('',#970,#969,#1171,.T.);
#712=EDGE_CURVE('',#971,#970,#1172,.T.);
#713=EDGE_CURVE('',#956,#971,#1173,.T.);
#714=EDGE_CURVE('',#972,#972,#48,.T.);
#715=EDGE_CURVE('',#973,#974,#1174,.T.);
#716=EDGE_CURVE('',#974,#975,#1175,.T.);
#717=EDGE_CURVE('',#976,#975,#1176,.T.);
#718=EDGE_CURVE('',#973,#976,#1177,.T.);
#719=EDGE_CURVE('',#977,#975,#1178,.T.);
#720=EDGE_CURVE('',#978,#977,#1179,.T.);
#721=EDGE_CURVE('',#978,#979,#1180,.T.);
#722=EDGE_CURVE('',#979,#980,#1181,.T.);
#723=EDGE_CURVE('',#981,#980,#1182,.T.);
#724=EDGE_CURVE('',#981,#982,#1183,.T.);
#725=EDGE_CURVE('',#983,#982,#1184,.T.);
#726=EDGE_CURVE('',#984,#983,#1185,.T.);
#727=EDGE_CURVE('',#984,#985,#1186,.T.);
#728=EDGE_CURVE('',#985,#986,#1187,.T.);
#729=EDGE_CURVE('',#986,#976,#1188,.T.);
#730=EDGE_CURVE('',#987,#988,#1189,.T.);
#731=EDGE_CURVE('',#987,#989,#1190,.T.);
#732=EDGE_CURVE('',#989,#990,#1191,.T.);
#733=EDGE_CURVE('',#988,#990,#1192,.T.);
#734=EDGE_CURVE('',#991,#992,#1193,.T.);
#735=EDGE_CURVE('',#992,#993,#1194,.T.);
#736=EDGE_CURVE('',#993,#994,#1195,.T.);
#737=EDGE_CURVE('',#994,#991,#1196,.T.);
#738=EDGE_CURVE('',#995,#996,#1197,.T.);
#739=EDGE_CURVE('',#995,#997,#1198,.T.);
#740=EDGE_CURVE('',#997,#998,#1199,.T.);
#741=EDGE_CURVE('',#996,#998,#1200,.T.);
#742=EDGE_CURVE('',#999,#1000,#1201,.T.);
#743=EDGE_CURVE('',#984,#999,#1202,.T.);
#744=EDGE_CURVE('',#983,#1000,#1203,.T.);
#745=EDGE_CURVE('',#1001,#1001,#49,.T.);
#746=EDGE_CURVE('',#1002,#1002,#50,.T.);
#747=EDGE_CURVE('',#1003,#1004,#1204,.T.);
#748=EDGE_CURVE('',#982,#1004,#1205,.T.);
#749=EDGE_CURVE('',#1005,#981,#1206,.T.);
#750=EDGE_CURVE('',#1006,#1005,#1207,.T.);
#751=EDGE_CURVE('',#1006,#986,#1208,.T.);
#752=EDGE_CURVE('',#985,#1003,#1209,.T.);
#753=EDGE_CURVE('',#1000,#1004,#1210,.T.);
#754=EDGE_CURVE('',#999,#1003,#1211,.T.);
#755=EDGE_CURVE('',#1007,#987,#1212,.T.);
#756=EDGE_CURVE('',#1007,#1008,#1213,.T.);
#757=EDGE_CURVE('',#1008,#989,#1214,.T.);
#758=EDGE_CURVE('',#1009,#988,#1215,.T.);
#759=EDGE_CURVE('',#1009,#1007,#1216,.T.);
#760=EDGE_CURVE('',#1010,#990,#1217,.T.);
#761=EDGE_CURVE('',#1010,#1009,#1218,.T.);
#762=EDGE_CURVE('',#1008,#1010,#1219,.T.);
#763=EDGE_CURVE('',#1011,#1011,#51,.T.);
#764=EDGE_CURVE('',#1012,#1013,#1220,.T.);
#765=EDGE_CURVE('',#1013,#1014,#52,.T.);
#766=EDGE_CURVE('',#1014,#997,#1221,.T.);
#767=EDGE_CURVE('',#1015,#995,#1222,.T.);
#768=EDGE_CURVE('',#1015,#1012,#53,.T.);
#769=EDGE_CURVE('',#1016,#996,#1223,.T.);
#770=EDGE_CURVE('',#1016,#1015,#1224,.F.);
#771=EDGE_CURVE('',#1017,#1017,#54,.T.);
#772=EDGE_CURVE('',#1018,#998,#1225,.T.);
#773=EDGE_CURVE('',#1018,#1019,#55,.F.);
#774=EDGE_CURVE('',#1020,#1019,#1226,.T.);
#775=EDGE_CURVE('',#1020,#1016,#56,.F.);
#776=EDGE_CURVE('',#1014,#1018,#1227,.T.);
#777=EDGE_CURVE('',#1019,#1013,#1228,.F.);
#778=EDGE_CURVE('',#1012,#1020,#1229,.T.);
#779=EDGE_CURVE('',#991,#1009,#1230,.T.);
#780=EDGE_CURVE('',#1007,#994,#1231,.T.);
#781=EDGE_CURVE('',#1008,#993,#1232,.F.);
#782=EDGE_CURVE('',#992,#1010,#1233,.T.);
#783=EDGE_CURVE('',#1006,#973,#1234,.T.);
#784=EDGE_CURVE('',#1021,#980,#1235,.T.);
#785=EDGE_CURVE('',#1005,#1021,#1236,.T.);
#786=EDGE_CURVE('',#1022,#1022,#57,.T.);
#787=EDGE_CURVE('',#1023,#979,#1237,.T.);
#788=EDGE_CURVE('',#1023,#1021,#1238,.T.);
#789=EDGE_CURVE('',#1024,#1023,#1239,.T.);
#790=EDGE_CURVE('',#1025,#1024,#1240,.T.);
#791=EDGE_CURVE('',#1025,#974,#1241,.T.);
#792=EDGE_CURVE('',#1025,#977,#1242,.T.);
#793=EDGE_CURVE('',#1024,#978,#1243,.T.);
#794=EDGE_CURVE('',#1026,#1027,#58,.T.);
#795=EDGE_CURVE('',#1027,#1026,#59,.T.);
#796=EDGE_CURVE('',#1028,#1026,#1244,.T.);
#797=EDGE_CURVE('',#1028,#1029,#60,.F.);
#798=EDGE_CURVE('',#1029,#1027,#1245,.T.);
#799=EDGE_CURVE('',#1029,#1028,#61,.F.);
#800=EDGE_CURVE('',#1030,#947,#1246,.T.);
#801=EDGE_CURVE('',#1031,#1030,#1247,.T.);
#802=EDGE_CURVE('',#1031,#946,#1248,.T.);
#803=EDGE_CURVE('',#1032,#954,#1249,.T.);
#804=EDGE_CURVE('',#1030,#1032,#1250,.T.);
#805=EDGE_CURVE('',#1033,#953,#1251,.T.);
#806=EDGE_CURVE('',#1032,#1033,#1252,.T.);
#807=EDGE_CURVE('',#1034,#952,#1253,.T.);
#808=EDGE_CURVE('',#1033,#1034,#1254,.T.);
#809=EDGE_CURVE('',#1035,#951,#1255,.T.);
#810=EDGE_CURVE('',#1034,#1035,#1256,.T.);
#811=EDGE_CURVE('',#1036,#950,#1257,.T.);
#812=EDGE_CURVE('',#1035,#1036,#1258,.T.);
#813=EDGE_CURVE('',#1037,#949,#1259,.T.);
#814=EDGE_CURVE('',#1036,#1037,#1260,.T.);
#815=EDGE_CURVE('',#1038,#948,#1261,.T.);
#816=EDGE_CURVE('',#1037,#1038,#1262,.T.);
#817=EDGE_CURVE('',#1038,#1031,#1263,.T.);
#818=EDGE_CURVE('',#1039,#955,#1264,.T.);
#819=EDGE_CURVE('',#1040,#1039,#1265,.T.);
#820=EDGE_CURVE('',#1040,#957,#1266,.T.);
#821=EDGE_CURVE('',#1041,#956,#1267,.T.);
#822=EDGE_CURVE('',#1039,#1041,#1268,.T.);
#823=EDGE_CURVE('',#1042,#971,#1269,.T.);
#824=EDGE_CURVE('',#1041,#1042,#1270,.T.);
#825=EDGE_CURVE('',#1043,#970,#1271,.T.);
#826=EDGE_CURVE('',#1042,#1043,#1272,.T.);
#827=EDGE_CURVE('',#1044,#1045,#1273,.T.);
#828=EDGE_CURVE('',#1044,#1046,#1274,.T.);
#829=EDGE_CURVE('',#1043,#1046,#1275,.T.);
#830=EDGE_CURVE('',#1045,#969,#1276,.T.);
#831=EDGE_CURVE('',#1047,#1048,#1277,.T.);
#832=EDGE_CURVE('',#1047,#1049,#1278,.F.);
#833=EDGE_CURVE('',#1045,#1049,#1279,.T.);
#834=EDGE_CURVE('',#1048,#968,#1280,.T.);
#835=EDGE_CURVE('',#1050,#967,#1281,.T.);
#836=EDGE_CURVE('',#1048,#1050,#1282,.T.);
#837=EDGE_CURVE('',#1051,#966,#1283,.T.);
#838=EDGE_CURVE('',#1050,#1051,#1284,.T.);
#839=EDGE_CURVE('',#1052,#965,#1285,.T.);
#840=EDGE_CURVE('',#1051,#1052,#1286,.T.);
#841=EDGE_CURVE('',#1053,#964,#1287,.T.);
#842=EDGE_CURVE('',#1052,#1053,#1288,.T.);
#843=EDGE_CURVE('',#1054,#963,#1289,.T.);
#844=EDGE_CURVE('',#1053,#1054,#1290,.T.);
#845=EDGE_CURVE('',#1055,#962,#1291,.T.);
#846=EDGE_CURVE('',#1054,#1055,#1292,.T.);
#847=EDGE_CURVE('',#1056,#961,#1293,.T.);
#848=EDGE_CURVE('',#1055,#1056,#1294,.T.);
#849=EDGE_CURVE('',#1057,#960,#1295,.T.);
#850=EDGE_CURVE('',#1056,#1057,#1296,.T.);
#851=EDGE_CURVE('',#1058,#959,#1297,.T.);
#852=EDGE_CURVE('',#1057,#1058,#1298,.T.);
#853=EDGE_CURVE('',#1059,#958,#1299,.T.);
#854=EDGE_CURVE('',#1058,#1059,#1300,.T.);
#855=EDGE_CURVE('',#1059,#1040,#1301,.T.);
#856=EDGE_CURVE('',#1060,#1060,#62,.T.);
#857=EDGE_CURVE('',#1061,#1061,#63,.T.);
#858=EDGE_CURVE('',#1062,#1062,#64,.T.);
#859=EDGE_CURVE('',#1063,#1063,#65,.T.);
#860=EDGE_CURVE('',#1064,#1064,#66,.T.);
#861=EDGE_CURVE('',#1065,#1066,#19,.T.);
#862=EDGE_CURVE('',#1066,#1065,#67,.T.);
#863=EDGE_CURVE('',#1046,#1047,#68,.T.);
#864=EDGE_CURVE('',#1067,#1066,#1302,.T.);
#865=EDGE_CURVE('',#1068,#1067,#20,.T.);
#866=EDGE_CURVE('',#1068,#1065,#1303,.T.);
#867=EDGE_CURVE('',#1067,#1068,#69,.T.);
#868=EDGE_CURVE('',#1069,#1069,#70,.T.);
#869=EDGE_CURVE('',#1070,#1070,#71,.T.);
#870=EDGE_CURVE('',#1071,#1071,#72,.T.);
#871=EDGE_CURVE('',#1072,#1072,#73,.T.);
#872=EDGE_CURVE('',#1073,#1073,#74,.T.);
#873=EDGE_CURVE('',#1074,#1074,#75,.T.);
#874=EDGE_CURVE('',#1075,#1075,#76,.T.);
#875=EDGE_CURVE('',#1076,#1076,#77,.T.);
#876=EDGE_CURVE('',#1049,#1044,#78,.T.);
#877=EDGE_CURVE('',#1029,#944,#21,.T.);
#878=EDGE_CURVE('',#945,#1028,#22,.F.);
#879=EDGE_CURVE('',#1077,#1077,#79,.T.);
#880=EDGE_CURVE('',#1078,#1078,#80,.T.);
#881=EDGE_CURVE('',#1079,#1079,#23,.T.);
#882=EDGE_CURVE('',#1080,#1080,#81,.T.);
#883=EDGE_CURVE('',#1081,#1081,#82,.T.);
#884=EDGE_CURVE('',#1082,#1082,#83,.T.);
#885=EDGE_CURVE('',#1083,#1084,#1304,.T.);
#886=EDGE_CURVE('',#1083,#1085,#1305,.T.);
#887=EDGE_CURVE('',#1085,#1086,#1306,.T.);
#888=EDGE_CURVE('',#1084,#1086,#1307,.T.);
#889=EDGE_CURVE('',#1087,#1088,#1308,.T.);
#890=EDGE_CURVE('',#1087,#1089,#1309,.T.);
#891=EDGE_CURVE('',#1089,#1090,#1310,.T.);
#892=EDGE_CURVE('',#1088,#1090,#1311,.T.);
#893=EDGE_CURVE('',#1091,#1092,#1312,.T.);
#894=EDGE_CURVE('',#1092,#1093,#1313,.T.);
#895=EDGE_CURVE('',#1094,#1093,#1314,.T.);
#896=EDGE_CURVE('',#1091,#1094,#1315,.T.);
#897=EDGE_CURVE('',#1095,#1096,#1316,.T.);
#898=EDGE_CURVE('',#1095,#1097,#1317,.T.);
#899=EDGE_CURVE('',#1097,#1098,#1318,.T.);
#900=EDGE_CURVE('',#1096,#1098,#1319,.T.);
#901=EDGE_CURVE('',#1083,#1091,#1320,.T.);
#902=EDGE_CURVE('',#1084,#1092,#1321,.T.);
#903=EDGE_CURVE('',#1085,#1094,#1322,.T.);
#904=EDGE_CURVE('',#1086,#1093,#1323,.T.);
#905=EDGE_CURVE('',#1096,#1089,#1324,.T.);
#906=EDGE_CURVE('',#1095,#1087,#1325,.T.);
#907=EDGE_CURVE('',#1097,#1088,#1326,.T.);
#908=EDGE_CURVE('',#1098,#1090,#1327,.T.);
#909=VERTEX_POINT('',#2816);
#910=VERTEX_POINT('',#2817);
#911=VERTEX_POINT('',#2819);
#912=VERTEX_POINT('',#2821);
#913=VERTEX_POINT('',#2825);
#914=VERTEX_POINT('',#2827);
#915=VERTEX_POINT('',#2831);
#916=VERTEX_POINT('',#2833);
#917=VERTEX_POINT('',#2837);
#918=VERTEX_POINT('',#2839);
#919=VERTEX_POINT('',#2841);
#920=VERTEX_POINT('',#2843);
#921=VERTEX_POINT('',#2845);
#922=VERTEX_POINT('',#2847);
#923=VERTEX_POINT('',#2849);
#924=VERTEX_POINT('',#2851);
#925=VERTEX_POINT('',#2853);
#926=VERTEX_POINT('',#2855);
#927=VERTEX_POINT('',#2857);
#928=VERTEX_POINT('',#2861);
#929=VERTEX_POINT('',#2862);
#930=VERTEX_POINT('',#2867);
#931=VERTEX_POINT('',#2871);
#932=VERTEX_POINT('',#2875);
#933=VERTEX_POINT('',#2879);
#934=VERTEX_POINT('',#2883);
#935=VERTEX_POINT('',#2887);
#936=VERTEX_POINT('',#2891);
#937=VERTEX_POINT('',#2895);
#938=VERTEX_POINT('',#2899);
#939=VERTEX_POINT('',#2903);
#940=VERTEX_POINT('',#2905);
#941=VERTEX_POINT('',#2909);
#942=VERTEX_POINT('',#2911);
#943=VERTEX_POINT('',#2919);
#944=VERTEX_POINT('',#2922);
#945=VERTEX_POINT('',#2923);
#946=VERTEX_POINT('',#2926);
#947=VERTEX_POINT('',#2927);
#948=VERTEX_POINT('',#2929);
#949=VERTEX_POINT('',#2931);
#950=VERTEX_POINT('',#2933);
#951=VERTEX_POINT('',#2935);
#952=VERTEX_POINT('',#2937);
#953=VERTEX_POINT('',#2939);
#954=VERTEX_POINT('',#2941);
#955=VERTEX_POINT('',#2944);
#956=VERTEX_POINT('',#2945);
#957=VERTEX_POINT('',#2947);
#958=VERTEX_POINT('',#2949);
#959=VERTEX_POINT('',#2951);
#960=VERTEX_POINT('',#2953);
#961=VERTEX_POINT('',#2955);
#962=VERTEX_POINT('',#2957);
#963=VERTEX_POINT('',#2959);
#964=VERTEX_POINT('',#2961);
#965=VERTEX_POINT('',#2963);
#966=VERTEX_POINT('',#2965);
#967=VERTEX_POINT('',#2967);
#968=VERTEX_POINT('',#2969);
#969=VERTEX_POINT('',#2971);
#970=VERTEX_POINT('',#2973);
#971=VERTEX_POINT('',#2975);
#972=VERTEX_POINT('',#2979);
#973=VERTEX_POINT('',#2981);
#974=VERTEX_POINT('',#2982);
#975=VERTEX_POINT('',#2984);
#976=VERTEX_POINT('',#2986);
#977=VERTEX_POINT('',#2990);
#978=VERTEX_POINT('',#2992);
#979=VERTEX_POINT('',#2994);
#980=VERTEX_POINT('',#2996);
#981=VERTEX_POINT('',#2998);
#982=VERTEX_POINT('',#3000);
#983=VERTEX_POINT('',#3002);
#984=VERTEX_POINT('',#3004);
#985=VERTEX_POINT('',#3006);
#986=VERTEX_POINT('',#3008);
#987=VERTEX_POINT('',#3011);
#988=VERTEX_POINT('',#3012);
#989=VERTEX_POINT('',#3014);
#990=VERTEX_POINT('',#3016);
#991=VERTEX_POINT('',#3020);
#992=VERTEX_POINT('',#3021);
#993=VERTEX_POINT('',#3023);
#994=VERTEX_POINT('',#3025);
#995=VERTEX_POINT('',#3028);
#996=VERTEX_POINT('',#3029);
#997=VERTEX_POINT('',#3031);
#998=VERTEX_POINT('',#3033);
#999=VERTEX_POINT('',#3037);
#1000=VERTEX_POINT('',#3038);
#1001=VERTEX_POINT('',#3043);
#1002=VERTEX_POINT('',#3045);
#1003=VERTEX_POINT('',#3047);
#1004=VERTEX_POINT('',#3048);
#1005=VERTEX_POINT('',#3051);
#1006=VERTEX_POINT('',#3053);
#1007=VERTEX_POINT('',#3062);
#1008=VERTEX_POINT('',#3064);
#1009=VERTEX_POINT('',#3068);
#1010=VERTEX_POINT('',#3072);
#1011=VERTEX_POINT('',#3078);
#1012=VERTEX_POINT('',#3080);
#1013=VERTEX_POINT('',#3081);
#1014=VERTEX_POINT('',#3083);
#1015=VERTEX_POINT('',#3086);
#1016=VERTEX_POINT('',#3090);
#1017=VERTEX_POINT('',#3094);
#1018=VERTEX_POINT('',#3096);
#1019=VERTEX_POINT('',#3098);
#1020=VERTEX_POINT('',#3100);
#1021=VERTEX_POINT('',#3123);
#1022=VERTEX_POINT('',#3127);
#1023=VERTEX_POINT('',#3129);
#1024=VERTEX_POINT('',#3133);
#1025=VERTEX_POINT('',#3135);
#1026=VERTEX_POINT('',#3143);
#1027=VERTEX_POINT('',#3144);
#1028=VERTEX_POINT('',#3150);
#1029=VERTEX_POINT('',#3152);
#1030=VERTEX_POINT('',#3158);
#1031=VERTEX_POINT('',#3160);
#1032=VERTEX_POINT('',#3164);
#1033=VERTEX_POINT('',#3168);
#1034=VERTEX_POINT('',#3172);
#1035=VERTEX_POINT('',#3176);
#1036=VERTEX_POINT('',#3180);
#1037=VERTEX_POINT('',#3184);
#1038=VERTEX_POINT('',#3188);
#1039=VERTEX_POINT('',#3195);
#1040=VERTEX_POINT('',#3197);
#1041=VERTEX_POINT('',#3201);
#1042=VERTEX_POINT('',#3205);
#1043=VERTEX_POINT('',#3209);
#1044=VERTEX_POINT('',#3213);
#1045=VERTEX_POINT('',#3214);
#1046=VERTEX_POINT('',#3216);
#1047=VERTEX_POINT('',#3221);
#1048=VERTEX_POINT('',#3222);
#1049=VERTEX_POINT('',#3224);
#1050=VERTEX_POINT('',#3229);
#1051=VERTEX_POINT('',#3233);
#1052=VERTEX_POINT('',#3237);
#1053=VERTEX_POINT('',#3241);
#1054=VERTEX_POINT('',#3245);
#1055=VERTEX_POINT('',#3249);
#1056=VERTEX_POINT('',#3253);
#1057=VERTEX_POINT('',#3257);
#1058=VERTEX_POINT('',#3261);
#1059=VERTEX_POINT('',#3265);
#1060=VERTEX_POINT('',#3271);
#1061=VERTEX_POINT('',#3273);
#1062=VERTEX_POINT('',#3275);
#1063=VERTEX_POINT('',#3277);
#1064=VERTEX_POINT('',#3279);
#1065=VERTEX_POINT('',#3289);
#1066=VERTEX_POINT('',#3290);
#1067=VERTEX_POINT('',#3328);
#1068=VERTEX_POINT('',#3338);
#1069=VERTEX_POINT('',#3344);
#1070=VERTEX_POINT('',#3346);
#1071=VERTEX_POINT('',#3348);
#1072=VERTEX_POINT('',#3350);
#1073=VERTEX_POINT('',#3352);
#1074=VERTEX_POINT('',#3354);
#1075=VERTEX_POINT('',#3356);
#1076=VERTEX_POINT('',#3359);
#1077=VERTEX_POINT('',#3384);
#1078=VERTEX_POINT('',#3386);
#1079=VERTEX_POINT('',#3402);
#1080=VERTEX_POINT('',#3407);
#1081=VERTEX_POINT('',#3409);
#1082=VERTEX_POINT('',#3413);
#1083=VERTEX_POINT('',#3418);
#1084=VERTEX_POINT('',#3419);
#1085=VERTEX_POINT('',#3421);
#1086=VERTEX_POINT('',#3423);
#1087=VERTEX_POINT('',#3426);
#1088=VERTEX_POINT('',#3427);
#1089=VERTEX_POINT('',#3429);
#1090=VERTEX_POINT('',#3431);
#1091=VERTEX_POINT('',#3435);
#1092=VERTEX_POINT('',#3436);
#1093=VERTEX_POINT('',#3438);
#1094=VERTEX_POINT('',#3440);
#1095=VERTEX_POINT('',#3443);
#1096=VERTEX_POINT('',#3444);
#1097=VERTEX_POINT('',#3446);
#1098=VERTEX_POINT('',#3448);
#1099=LINE('',#2815,#1328);
#1100=LINE('',#2818,#1329);
#1101=LINE('',#2820,#1330);
#1102=LINE('',#2822,#1331);
#1103=LINE('',#2824,#1332);
#1104=LINE('',#2826,#1333);
#1105=LINE('',#2828,#1334);
#1106=LINE('',#2830,#1335);
#1107=LINE('',#2832,#1336);
#1108=LINE('',#2834,#1337);
#1109=LINE('',#2836,#1338);
#1110=LINE('',#2838,#1339);
#1111=LINE('',#2840,#1340);
#1112=LINE('',#2842,#1341);
#1113=LINE('',#2844,#1342);
#1114=LINE('',#2846,#1343);
#1115=LINE('',#2848,#1344);
#1116=LINE('',#2850,#1345);
#1117=LINE('',#2852,#1346);
#1118=LINE('',#2854,#1347);
#1119=LINE('',#2856,#1348);
#1120=LINE('',#2858,#1349);
#1121=LINE('',#2860,#1350);
#1122=LINE('',#2863,#1351);
#1123=LINE('',#2864,#1352);
#1124=LINE('',#2866,#1353);
#1125=LINE('',#2868,#1354);
#1126=LINE('',#2870,#1355);
#1127=LINE('',#2872,#1356);
#1128=LINE('',#2874,#1357);
#1129=LINE('',#2876,#1358);
#1130=LINE('',#2878,#1359);
#1131=LINE('',#2880,#1360);
#1132=LINE('',#2882,#1361);
#1133=LINE('',#2884,#1362);
#1134=LINE('',#2886,#1363);
#1135=LINE('',#2888,#1364);
#1136=LINE('',#2890,#1365);
#1137=LINE('',#2892,#1366);
#1138=LINE('',#2894,#1367);
#1139=LINE('',#2896,#1368);
#1140=LINE('',#2898,#1369);
#1141=LINE('',#2900,#1370);
#1142=LINE('',#2902,#1371);
#1143=LINE('',#2904,#1372);
#1144=LINE('',#2906,#1373);
#1145=LINE('',#2908,#1374);
#1146=LINE('',#2910,#1375);
#1147=LINE('',#2912,#1376);
#1148=LINE('',#2925,#1377);
#1149=LINE('',#2928,#1378);
#1150=LINE('',#2930,#1379);
#1151=LINE('',#2932,#1380);
#1152=LINE('',#2934,#1381);
#1153=LINE('',#2936,#1382);
#1154=LINE('',#2938,#1383);
#1155=LINE('',#2940,#1384);
#1156=LINE('',#2942,#1385);
#1157=LINE('',#2943,#1386);
#1158=LINE('',#2946,#1387);
#1159=LINE('',#2948,#1388);
#1160=LINE('',#2950,#1389);
#1161=LINE('',#2952,#1390);
#1162=LINE('',#2954,#1391);
#1163=LINE('',#2956,#1392);
#1164=LINE('',#2958,#1393);
#1165=LINE('',#2960,#1394);
#1166=LINE('',#2962,#1395);
#1167=LINE('',#2964,#1396);
#1168=LINE('',#2966,#1397);
#1169=LINE('',#2968,#1398);
#1170=LINE('',#2970,#1399);
#1171=LINE('',#2972,#1400);
#1172=LINE('',#2974,#1401);
#1173=LINE('',#2976,#1402);
#1174=LINE('',#2980,#1403);
#1175=LINE('',#2983,#1404);
#1176=LINE('',#2985,#1405);
#1177=LINE('',#2987,#1406);
#1178=LINE('',#2989,#1407);
#1179=LINE('',#2991,#1408);
#1180=LINE('',#2993,#1409);
#1181=LINE('',#2995,#1410);
#1182=LINE('',#2997,#1411);
#1183=LINE('',#2999,#1412);
#1184=LINE('',#3001,#1413);
#1185=LINE('',#3003,#1414);
#1186=LINE('',#3005,#1415);
#1187=LINE('',#3007,#1416);
#1188=LINE('',#3009,#1417);
#1189=LINE('',#3010,#1418);
#1190=LINE('',#3013,#1419);
#1191=LINE('',#3015,#1420);
#1192=LINE('',#3017,#1421);
#1193=LINE('',#3019,#1422);
#1194=LINE('',#3022,#1423);
#1195=LINE('',#3024,#1424);
#1196=LINE('',#3026,#1425);
#1197=LINE('',#3027,#1426);
#1198=LINE('',#3030,#1427);
#1199=LINE('',#3032,#1428);
#1200=LINE('',#3034,#1429);
#1201=LINE('',#3036,#1430);
#1202=LINE('',#3039,#1431);
#1203=LINE('',#3040,#1432);
#1204=LINE('',#3046,#1433);
#1205=LINE('',#3049,#1434);
#1206=LINE('',#3050,#1435);
#1207=LINE('',#3052,#1436);
#1208=LINE('',#3054,#1437);
#1209=LINE('',#3055,#1438);
#1210=LINE('',#3057,#1439);
#1211=LINE('',#3059,#1440);
#1212=LINE('',#3061,#1441);
#1213=LINE('',#3063,#1442);
#1214=LINE('',#3065,#1443);
#1215=LINE('',#3067,#1444);
#1216=LINE('',#3069,#1445);
#1217=LINE('',#3071,#1446);
#1218=LINE('',#3073,#1447);
#1219=LINE('',#3075,#1448);
#1220=LINE('',#3079,#1449);
#1221=LINE('',#3084,#1450);
#1222=LINE('',#3085,#1451);
#1223=LINE('',#3089,#1452);
#1224=LINE('',#3091,#1453);
#1225=LINE('',#3095,#1454);
#1226=LINE('',#3099,#1455);
#1227=LINE('',#3103,#1456);
#1228=LINE('',#3105,#1457);
#1229=LINE('',#3106,#1458);
#1230=LINE('',#3111,#1459);
#1231=LINE('',#3112,#1460);
#1232=LINE('',#3114,#1461);
#1233=LINE('',#3116,#1462);
#1234=LINE('',#3120,#1463);
#1235=LINE('',#3122,#1464);
#1236=LINE('',#3124,#1465);
#1237=LINE('',#3128,#1466);
#1238=LINE('',#3130,#1467);
#1239=LINE('',#3132,#1468);
#1240=LINE('',#3134,#1469);
#1241=LINE('',#3136,#1470);
#1242=LINE('',#3138,#1471);
#1243=LINE('',#3140,#1472);
#1244=LINE('',#3149,#1473);
#1245=LINE('',#3153,#1474);
#1246=LINE('',#3157,#1475);
#1247=LINE('',#3159,#1476);
#1248=LINE('',#3161,#1477);
#1249=LINE('',#3163,#1478);
#1250=LINE('',#3165,#1479);
#1251=LINE('',#3167,#1480);
#1252=LINE('',#3169,#1481);
#1253=LINE('',#3171,#1482);
#1254=LINE('',#3173,#1483);
#1255=LINE('',#3175,#1484);
#1256=LINE('',#3177,#1485);
#1257=LINE('',#3179,#1486);
#1258=LINE('',#3181,#1487);
#1259=LINE('',#3183,#1488);
#1260=LINE('',#3185,#1489);
#1261=LINE('',#3187,#1490);
#1262=LINE('',#3189,#1491);
#1263=LINE('',#3191,#1492);
#1264=LINE('',#3194,#1493);
#1265=LINE('',#3196,#1494);
#1266=LINE('',#3198,#1495);
#1267=LINE('',#3200,#1496);
#1268=LINE('',#3202,#1497);
#1269=LINE('',#3204,#1498);
#1270=LINE('',#3206,#1499);
#1271=LINE('',#3208,#1500);
#1272=LINE('',#3210,#1501);
#1273=LINE('',#3212,#1502);
#1274=LINE('',#3215,#1503);
#1275=LINE('',#3217,#1504);
#1276=LINE('',#3218,#1505);
#1277=LINE('',#3220,#1506);
#1278=LINE('',#3223,#1507);
#1279=LINE('',#3225,#1508);
#1280=LINE('',#3226,#1509);
#1281=LINE('',#3228,#1510);
#1282=LINE('',#3230,#1511);
#1283=LINE('',#3232,#1512);
#1284=LINE('',#3234,#1513);
#1285=LINE('',#3236,#1514);
#1286=LINE('',#3238,#1515);
#1287=LINE('',#3240,#1516);
#1288=LINE('',#3242,#1517);
#1289=LINE('',#3244,#1518);
#1290=LINE('',#3246,#1519);
#1291=LINE('',#3248,#1520);
#1292=LINE('',#3250,#1521);
#1293=LINE('',#3252,#1522);
#1294=LINE('',#3254,#1523);
#1295=LINE('',#3256,#1524);
#1296=LINE('',#3258,#1525);
#1297=LINE('',#3260,#1526);
#1298=LINE('',#3262,#1527);
#1299=LINE('',#3264,#1528);
#1300=LINE('',#3266,#1529);
#1301=LINE('',#3268,#1530);
#1302=LINE('',#3327,#1531);
#1303=LINE('',#3339,#1532);
#1304=LINE('',#3417,#1533);
#1305=LINE('',#3420,#1534);
#1306=LINE('',#3422,#1535);
#1307=LINE('',#3424,#1536);
#1308=LINE('',#3425,#1537);
#1309=LINE('',#3428,#1538);
#1310=LINE('',#3430,#1539);
#1311=LINE('',#3432,#1540);
#1312=LINE('',#3434,#1541);
#1313=LINE('',#3437,#1542);
#1314=LINE('',#3439,#1543);
#1315=LINE('',#3441,#1544);
#1316=LINE('',#3442,#1545);
#1317=LINE('',#3445,#1546);
#1318=LINE('',#3447,#1547);
#1319=LINE('',#3449,#1548);
#1320=LINE('',#3451,#1549);
#1321=LINE('',#3452,#1550);
#1322=LINE('',#3454,#1551);
#1323=LINE('',#3456,#1552);
#1324=LINE('',#3458,#1553);
#1325=LINE('',#3459,#1554);
#1326=LINE('',#3461,#1555);
#1327=LINE('',#3463,#1556);
#1328=VECTOR('',#2274,1.);
#1329=VECTOR('',#2275,1.);
#1330=VECTOR('',#2276,1.);
#1331=VECTOR('',#2277,1.);
#1332=VECTOR('',#2280,1.);
#1333=VECTOR('',#2281,1.);
#1334=VECTOR('',#2282,1.);
#1335=VECTOR('',#2285,1.);
#1336=VECTOR('',#2286,1.);
#1337=VECTOR('',#2287,1.);
#1338=VECTOR('',#2290,1.);
#1339=VECTOR('',#2291,1.);
#1340=VECTOR('',#2292,1.);
#1341=VECTOR('',#2293,1.);
#1342=VECTOR('',#2294,1.);
#1343=VECTOR('',#2295,1.);
#1344=VECTOR('',#2296,1.);
#1345=VECTOR('',#2297,1.);
#1346=VECTOR('',#2298,1.);
#1347=VECTOR('',#2299,1.);
#1348=VECTOR('',#2300,1.);
#1349=VECTOR('',#2301,1.);
#1350=VECTOR('',#2304,1.);
#1351=VECTOR('',#2305,1.);
#1352=VECTOR('',#2306,1.);
#1353=VECTOR('',#2309,1.);
#1354=VECTOR('',#2310,1.);
#1355=VECTOR('',#2313,1.);
#1356=VECTOR('',#2314,1.);
#1357=VECTOR('',#2317,1.);
#1358=VECTOR('',#2318,1.);
#1359=VECTOR('',#2321,1.);
#1360=VECTOR('',#2322,1.);
#1361=VECTOR('',#2325,1.);
#1362=VECTOR('',#2326,1.);
#1363=VECTOR('',#2329,1.);
#1364=VECTOR('',#2330,1.);
#1365=VECTOR('',#2333,1.);
#1366=VECTOR('',#2334,1.);
#1367=VECTOR('',#2337,1.);
#1368=VECTOR('',#2338,1.);
#1369=VECTOR('',#2341,1.);
#1370=VECTOR('',#2342,1.);
#1371=VECTOR('',#2345,1.);
#1372=VECTOR('',#2346,1.);
#1373=VECTOR('',#2347,1.);
#1374=VECTOR('',#2350,1.);
#1375=VECTOR('',#2351,1.);
#1376=VECTOR('',#2352,1.);
#1377=VECTOR('',#2371,1.);
#1378=VECTOR('',#2372,1.);
#1379=VECTOR('',#2373,1.);
#1380=VECTOR('',#2374,1.);
#1381=VECTOR('',#2375,1.);
#1382=VECTOR('',#2376,1.);
#1383=VECTOR('',#2377,1.);
#1384=VECTOR('',#2378,1.);
#1385=VECTOR('',#2379,1.);
#1386=VECTOR('',#2380,1.);
#1387=VECTOR('',#2381,1.);
#1388=VECTOR('',#2382,1.);
#1389=VECTOR('',#2383,1.);
#1390=VECTOR('',#2384,1.);
#1391=VECTOR('',#2385,1.);
#1392=VECTOR('',#2386,1.);
#1393=VECTOR('',#2387,1.);
#1394=VECTOR('',#2388,1.);
#1395=VECTOR('',#2389,1.);
#1396=VECTOR('',#2390,1.);
#1397=VECTOR('',#2391,1.);
#1398=VECTOR('',#2392,1.);
#1399=VECTOR('',#2393,1.);
#1400=VECTOR('',#2394,1.);
#1401=VECTOR('',#2395,1.);
#1402=VECTOR('',#2396,1.);
#1403=VECTOR('',#2401,1.);
#1404=VECTOR('',#2402,1.);
#1405=VECTOR('',#2403,1.);
#1406=VECTOR('',#2404,1.);
#1407=VECTOR('',#2407,1.);
#1408=VECTOR('',#2408,1.);
#1409=VECTOR('',#2409,1.);
#1410=VECTOR('',#2410,1.);
#1411=VECTOR('',#2411,1.);
#1412=VECTOR('',#2412,1.);
#1413=VECTOR('',#2413,1.);
#1414=VECTOR('',#2414,1.);
#1415=VECTOR('',#2415,1.);
#1416=VECTOR('',#2416,1.);
#1417=VECTOR('',#2417,1.);
#1418=VECTOR('',#2418,1.);
#1419=VECTOR('',#2419,1.);
#1420=VECTOR('',#2420,1.);
#1421=VECTOR('',#2421,1.);
#1422=VECTOR('',#2424,1.);
#1423=VECTOR('',#2425,1.);
#1424=VECTOR('',#2426,1.);
#1425=VECTOR('',#2427,1.);
#1426=VECTOR('',#2428,1.);
#1427=VECTOR('',#2429,1.);
#1428=VECTOR('',#2430,1.);
#1429=VECTOR('',#2431,1.);
#1430=VECTOR('',#2434,1.);
#1431=VECTOR('',#2435,1.);
#1432=VECTOR('',#2436,1.);
#1433=VECTOR('',#2443,1.);
#1434=VECTOR('',#2444,1.);
#1435=VECTOR('',#2445,1.);
#1436=VECTOR('',#2446,1.);
#1437=VECTOR('',#2447,1.);
#1438=VECTOR('',#2448,1.);
#1439=VECTOR('',#2451,1.);
#1440=VECTOR('',#2454,1.);
#1441=VECTOR('',#2457,1.);
#1442=VECTOR('',#2458,1.);
#1443=VECTOR('',#2459,1.);
#1444=VECTOR('',#2462,1.);
#1445=VECTOR('',#2463,1.);
#1446=VECTOR('',#2466,1.);
#1447=VECTOR('',#2467,1.);
#1448=VECTOR('',#2470,1.);
#1449=VECTOR('',#2475,1.);
#1450=VECTOR('',#2478,1.);
#1451=VECTOR('',#2479,1.);
#1452=VECTOR('',#2484,1.);
#1453=VECTOR('',#2485,1.);
#1454=VECTOR('',#2490,1.);
#1455=VECTOR('',#2493,1.);
#1456=VECTOR('',#2498,1.);
#1457=VECTOR('',#2501,1.);
#1458=VECTOR('',#2502,1.);
#1459=VECTOR('',#2511,1.);
#1460=VECTOR('',#2512,1.);
#1461=VECTOR('',#2515,1.);
#1462=VECTOR('',#2518,1.);
#1463=VECTOR('',#2525,1.);
#1464=VECTOR('',#2528,1.);
#1465=VECTOR('',#2529,1.);
#1466=VECTOR('',#2534,1.);
#1467=VECTOR('',#2535,1.);
#1468=VECTOR('',#2538,1.);
#1469=VECTOR('',#2539,1.);
#1470=VECTOR('',#2540,1.);
#1471=VECTOR('',#2543,1.);
#1472=VECTOR('',#2546,1.);
#1473=VECTOR('',#2559,1.);
#1474=VECTOR('',#2562,1.);
#1475=VECTOR('',#2569,1.);
#1476=VECTOR('',#2570,1.);
#1477=VECTOR('',#2571,1.);
#1478=VECTOR('',#2574,1.);
#1479=VECTOR('',#2575,1.);
#1480=VECTOR('',#2578,1.);
#1481=VECTOR('',#2579,1.);
#1482=VECTOR('',#2582,1.);
#1483=VECTOR('',#2583,1.);
#1484=VECTOR('',#2586,1.);
#1485=VECTOR('',#2587,1.);
#1486=VECTOR('',#2590,1.);
#1487=VECTOR('',#2591,1.);
#1488=VECTOR('',#2594,1.);
#1489=VECTOR('',#2595,1.);
#1490=VECTOR('',#2598,1.);
#1491=VECTOR('',#2599,1.);
#1492=VECTOR('',#2602,1.);
#1493=VECTOR('',#2607,1.);
#1494=VECTOR('',#2608,1.);
#1495=VECTOR('',#2609,1.);
#1496=VECTOR('',#2612,1.);
#1497=VECTOR('',#2613,1.);
#1498=VECTOR('',#2616,1.);
#1499=VECTOR('',#2617,1.);
#1500=VECTOR('',#2620,1.);
#1501=VECTOR('',#2621,1.);
#1502=VECTOR('',#2624,1.);
#1503=VECTOR('',#2625,1.);
#1504=VECTOR('',#2626,1.);
#1505=VECTOR('',#2627,1.);
#1506=VECTOR('',#2630,1.);
#1507=VECTOR('',#2631,1.);
#1508=VECTOR('',#2632,1.);
#1509=VECTOR('',#2633,1.);
#1510=VECTOR('',#2636,1.);
#1511=VECTOR('',#2637,1.);
#1512=VECTOR('',#2640,1.);
#1513=VECTOR('',#2641,1.);
#1514=VECTOR('',#2644,1.);
#1515=VECTOR('',#2645,1.);
#1516=VECTOR('',#2648,1.);
#1517=VECTOR('',#2649,1.);
#1518=VECTOR('',#2652,1.);
#1519=VECTOR('',#2653,1.);
#1520=VECTOR('',#2656,1.);
#1521=VECTOR('',#2657,1.);
#1522=VECTOR('',#2660,1.);
#1523=VECTOR('',#2661,1.);
#1524=VECTOR('',#2664,1.);
#1525=VECTOR('',#2665,1.);
#1526=VECTOR('',#2668,1.);
#1527=VECTOR('',#2669,1.);
#1528=VECTOR('',#2672,1.);
#1529=VECTOR('',#2673,1.);
#1530=VECTOR('',#2676,1.);
#1531=VECTOR('',#2693,1.);
#1532=VECTOR('',#2694,1.);
#1533=VECTOR('',#2771,1.);
#1534=VECTOR('',#2772,1.);
#1535=VECTOR('',#2773,1.);
#1536=VECTOR('',#2774,1.);
#1537=VECTOR('',#2775,1.);
#1538=VECTOR('',#2776,1.);
#1539=VECTOR('',#2777,1.);
#1540=VECTOR('',#2778,1.);
#1541=VECTOR('',#2781,1.);
#1542=VECTOR('',#2782,1.);
#1543=VECTOR('',#2783,1.);
#1544=VECTOR('',#2784,1.);
#1545=VECTOR('',#2785,1.);
#1546=VECTOR('',#2786,1.);
#1547=VECTOR('',#2787,1.);
#1548=VECTOR('',#2788,1.);
#1549=VECTOR('',#2791,1.);
#1550=VECTOR('',#2792,1.);
#1551=VECTOR('',#2795,1.);
#1552=VECTOR('',#2798,1.);
#1553=VECTOR('',#2801,1.);
#1554=VECTOR('',#2802,1.);
#1555=VECTOR('',#2805,1.);
#1556=VECTOR('',#2808,1.);
#1557=EDGE_LOOP('',(#84,#85,#86,#87));
#1558=EDGE_LOOP('',(#88,#89,#90,#91));
#1559=EDGE_LOOP('',(#92,#93,#94,#95));
#1560=EDGE_LOOP('',(#96,#97,#98,#99,#100,#101,#102,#103,#104,#105,#106,
#107,#108,#109,#110));
#1561=EDGE_LOOP('',(#111,#112,#113,#114));
#1562=EDGE_LOOP('',(#115,#116,#117,#118));
#1563=EDGE_LOOP('',(#119,#120,#121,#122));
#1564=EDGE_LOOP('',(#123,#124,#125,#126));
#1565=EDGE_LOOP('',(#127,#128,#129,#130));
#1566=EDGE_LOOP('',(#131,#132,#133,#134));
#1567=EDGE_LOOP('',(#135,#136,#137,#138));
#1568=EDGE_LOOP('',(#139,#140,#141,#142));
#1569=EDGE_LOOP('',(#143,#144,#145,#146));
#1570=EDGE_LOOP('',(#147,#148,#149,#150));
#1571=EDGE_LOOP('',(#151,#152,#153,#154,#155,#156));
#1572=EDGE_LOOP('',(#157,#158,#159,#160,#161,#162));
#1573=EDGE_LOOP('',(#163,#164,#165,#166,#167,#168,#169,#170,#171,#172,#173,
#174,#175));
#1574=EDGE_LOOP('',(#176,#177,#178,#179,#180,#181));
#1575=EDGE_LOOP('',(#182));
#1576=EDGE_LOOP('',(#183,#184,#185,#186));
#1577=EDGE_LOOP('',(#187,#188));
#1578=EDGE_LOOP('',(#189,#190,#191,#192,#193,#194,#195,#196,#197));
#1579=EDGE_LOOP('',(#198,#199,#200,#201,#202,#203,#204,#205,#206,#207,#208,
#209,#210,#211,#212,#213,#214));
#1580=EDGE_LOOP('',(#215));
#1581=EDGE_LOOP('',(#216,#217,#218,#219));
#1582=EDGE_LOOP('',(#220,#221,#222,#223,#224,#225,#226,#227,#228,#229,#230,
#231));
#1583=EDGE_LOOP('',(#232,#233,#234,#235));
#1584=EDGE_LOOP('',(#236,#237,#238,#239));
#1585=EDGE_LOOP('',(#240,#241,#242,#243));
#1586=EDGE_LOOP('',(#244,#245,#246,#247));
#1587=EDGE_LOOP('',(#248));
#1588=EDGE_LOOP('',(#249));
#1589=EDGE_LOOP('',(#250,#251,#252,#253,#254,#255,#256,#257));
#1590=EDGE_LOOP('',(#258,#259,#260,#261));
#1591=EDGE_LOOP('',(#262,#263,#264,#265));
#1592=EDGE_LOOP('',(#266,#267,#268,#269));
#1593=EDGE_LOOP('',(#270,#271,#272,#273));
#1594=EDGE_LOOP('',(#274,#275,#276,#277));
#1595=EDGE_LOOP('',(#278,#279,#280,#281));
#1596=EDGE_LOOP('',(#282));
#1597=EDGE_LOOP('',(#283,#284,#285,#286,#287,#288));
#1598=EDGE_LOOP('',(#289,#290,#291,#292));
#1599=EDGE_LOOP('',(#293));
#1600=EDGE_LOOP('',(#294,#295,#296,#297,#298,#299));
#1601=EDGE_LOOP('',(#300,#301,#302,#303));
#1602=EDGE_LOOP('',(#304,#305,#306,#307));
#1603=EDGE_LOOP('',(#308));
#1604=EDGE_LOOP('',(#309));
#1605=EDGE_LOOP('',(#310,#311,#312,#313));
#1606=EDGE_LOOP('',(#314,#315,#316,#317));
#1607=EDGE_LOOP('',(#318,#319,#320,#321));
#1608=EDGE_LOOP('',(#322,#323,#324,#325));
#1609=EDGE_LOOP('',(#326,#327,#328,#329));
#1610=EDGE_LOOP('',(#330,#331,#332,#333));
#1611=EDGE_LOOP('',(#334,#335,#336,#337));
#1612=EDGE_LOOP('',(#338,#339,#340,#341));
#1613=EDGE_LOOP('',(#342,#343,#344,#345));
#1614=EDGE_LOOP('',(#346));
#1615=EDGE_LOOP('',(#347,#348,#349,#350));
#1616=EDGE_LOOP('',(#351,#352,#353,#354,#355,#356,#357,#358));
#1617=EDGE_LOOP('',(#359,#360,#361,#362));
#1618=EDGE_LOOP('',(#363,#364,#365,#366));
#1619=EDGE_LOOP('',(#367,#368));
#1620=EDGE_LOOP('',(#369,#370,#371,#372));
#1621=EDGE_LOOP('',(#373));
#1622=EDGE_LOOP('',(#374));
#1623=EDGE_LOOP('',(#375));
#1624=EDGE_LOOP('',(#376));
#1625=EDGE_LOOP('',(#377,#378,#379,#380));
#1626=EDGE_LOOP('',(#381,#382,#383,#384));
#1627=EDGE_LOOP('',(#385,#386,#387,#388));
#1628=EDGE_LOOP('',(#389,#390,#391,#392));
#1629=EDGE_LOOP('',(#393,#394,#395,#396));
#1630=EDGE_LOOP('',(#397,#398,#399,#400));
#1631=EDGE_LOOP('',(#401,#402,#403,#404));
#1632=EDGE_LOOP('',(#405,#406,#407,#408));
#1633=EDGE_LOOP('',(#409,#410,#411,#412));
#1634=EDGE_LOOP('',(#413,#414,#415,#416));
#1635=EDGE_LOOP('',(#417,#418,#419,#420));
#1636=EDGE_LOOP('',(#421,#422,#423,#424,#425,#426,#427,#428,#429));
#1637=EDGE_LOOP('',(#430,#431,#432,#433));
#1638=EDGE_LOOP('',(#434,#435,#436,#437));
#1639=EDGE_LOOP('',(#438,#439,#440,#441));
#1640=EDGE_LOOP('',(#442,#443,#444,#445));
#1641=EDGE_LOOP('',(#446,#447,#448,#449,#450,#451));
#1642=EDGE_LOOP('',(#452,#453,#454,#455,#456,#457));
#1643=EDGE_LOOP('',(#458,#459,#460,#461));
#1644=EDGE_LOOP('',(#462,#463,#464,#465));
#1645=EDGE_LOOP('',(#466,#467,#468,#469));
#1646=EDGE_LOOP('',(#470,#471,#472,#473));
#1647=EDGE_LOOP('',(#474,#475,#476,#477));
#1648=EDGE_LOOP('',(#478,#479,#480,#481));
#1649=EDGE_LOOP('',(#482,#483,#484,#485));
#1650=EDGE_LOOP('',(#486,#487,#488,#489));
#1651=EDGE_LOOP('',(#490,#491,#492,#493));
#1652=EDGE_LOOP('',(#494,#495,#496,#497));
#1653=EDGE_LOOP('',(#498,#499,#500,#501));
#1654=EDGE_LOOP('',(#502));
#1655=EDGE_LOOP('',(#503));
#1656=EDGE_LOOP('',(#504));
#1657=EDGE_LOOP('',(#505));
#1658=EDGE_LOOP('',(#506));
#1659=EDGE_LOOP('',(#507,#508));
#1660=EDGE_LOOP('',(#509,#510,#511,#512,#513,#514,#515,#516,#517,#518,#519,
#520,#521,#522,#523,#524,#525,#526));
#1661=EDGE_LOOP('',(#527,#528,#529,#530));
#1662=EDGE_LOOP('',(#531,#532,#533,#534));
#1663=EDGE_LOOP('',(#535));
#1664=EDGE_LOOP('',(#536));
#1665=EDGE_LOOP('',(#537));
#1666=EDGE_LOOP('',(#538));
#1667=EDGE_LOOP('',(#539));
#1668=EDGE_LOOP('',(#540));
#1669=EDGE_LOOP('',(#541));
#1670=EDGE_LOOP('',(#542,#543));
#1671=EDGE_LOOP('',(#544));
#1672=EDGE_LOOP('',(#545));
#1673=EDGE_LOOP('',(#546));
#1674=EDGE_LOOP('',(#547));
#1675=EDGE_LOOP('',(#548,#549,#550));
#1676=EDGE_LOOP('',(#551));
#1677=EDGE_LOOP('',(#552,#553,#554,#555));
#1678=EDGE_LOOP('',(#556));
#1679=EDGE_LOOP('',(#557));
#1680=EDGE_LOOP('',(#558));
#1681=EDGE_LOOP('',(#559));
#1682=EDGE_LOOP('',(#560));
#1683=EDGE_LOOP('',(#561));
#1684=EDGE_LOOP('',(#562));
#1685=EDGE_LOOP('',(#563));
#1686=EDGE_LOOP('',(#564));
#1687=EDGE_LOOP('',(#565));
#1688=EDGE_LOOP('',(#566,#567,#568,#569));
#1689=EDGE_LOOP('',(#570,#571,#572,#573));
#1690=EDGE_LOOP('',(#574));
#1691=EDGE_LOOP('',(#575));
#1692=EDGE_LOOP('',(#576));
#1693=EDGE_LOOP('',(#577));
#1694=EDGE_LOOP('',(#578));
#1695=EDGE_LOOP('',(#579));
#1696=EDGE_LOOP('',(#580));
#1697=EDGE_LOOP('',(#581));
#1698=EDGE_LOOP('',(#582));
#1699=EDGE_LOOP('',(#583));
#1700=EDGE_LOOP('',(#584));
#1701=EDGE_LOOP('',(#585));
#1702=EDGE_LOOP('',(#586,#587,#588,#589));
#1703=EDGE_LOOP('',(#590,#591,#592,#593));
#1704=EDGE_LOOP('',(#594,#595,#596,#597));
#1705=EDGE_LOOP('',(#598,#599,#600,#601));
#1706=EDGE_LOOP('',(#602,#603,#604,#605));
#1707=EDGE_LOOP('',(#606,#607,#608,#609));
#1708=EDGE_LOOP('',(#610,#611,#612,#613));
#1709=EDGE_LOOP('',(#614,#615,#616,#617));
#1710=EDGE_LOOP('',(#618,#619,#620,#621));
#1711=EDGE_LOOP('',(#622,#623,#624,#625));
#1712=EDGE_LOOP('',(#626,#627,#628,#629));
#1713=EDGE_LOOP('',(#630,#631,#632,#633));
#1714=FACE_BOUND('',#1557,.T.);
#1715=FACE_BOUND('',#1558,.T.);
#1716=FACE_BOUND('',#1559,.T.);
#1717=FACE_BOUND('',#1560,.T.);
#1718=FACE_BOUND('',#1561,.T.);
#1719=FACE_BOUND('',#1562,.T.);
#1720=FACE_BOUND('',#1563,.T.);
#1721=FACE_BOUND('',#1564,.T.);
#1722=FACE_BOUND('',#1565,.T.);
#1723=FACE_BOUND('',#1566,.T.);
#1724=FACE_BOUND('',#1567,.T.);
#1725=FACE_BOUND('',#1568,.T.);
#1726=FACE_BOUND('',#1569,.T.);
#1727=FACE_BOUND('',#1570,.T.);
#1728=FACE_BOUND('',#1571,.T.);
#1729=FACE_BOUND('',#1572,.T.);
#1730=FACE_BOUND('',#1573,.T.);
#1731=FACE_BOUND('',#1574,.T.);
#1732=FACE_BOUND('',#1575,.T.);
#1733=FACE_BOUND('',#1576,.T.);
#1734=FACE_BOUND('',#1577,.T.);
#1735=FACE_BOUND('',#1578,.T.);
#1736=FACE_BOUND('',#1579,.T.);
#1737=FACE_BOUND('',#1580,.T.);
#1738=FACE_BOUND('',#1581,.T.);
#1739=FACE_BOUND('',#1582,.T.);
#1740=FACE_BOUND('',#1583,.T.);
#1741=FACE_BOUND('',#1584,.T.);
#1742=FACE_BOUND('',#1585,.T.);
#1743=FACE_BOUND('',#1586,.T.);
#1744=FACE_BOUND('',#1587,.T.);
#1745=FACE_BOUND('',#1588,.T.);
#1746=FACE_BOUND('',#1589,.T.);
#1747=FACE_BOUND('',#1590,.T.);
#1748=FACE_BOUND('',#1591,.T.);
#1749=FACE_BOUND('',#1592,.T.);
#1750=FACE_BOUND('',#1593,.T.);
#1751=FACE_BOUND('',#1594,.T.);
#1752=FACE_BOUND('',#1595,.T.);
#1753=FACE_BOUND('',#1596,.T.);
#1754=FACE_BOUND('',#1597,.T.);
#1755=FACE_BOUND('',#1598,.T.);
#1756=FACE_BOUND('',#1599,.T.);
#1757=FACE_BOUND('',#1600,.T.);
#1758=FACE_BOUND('',#1601,.T.);
#1759=FACE_BOUND('',#1602,.T.);
#1760=FACE_BOUND('',#1603,.T.);
#1761=FACE_BOUND('',#1604,.T.);
#1762=FACE_BOUND('',#1605,.T.);
#1763=FACE_BOUND('',#1606,.T.);
#1764=FACE_BOUND('',#1607,.T.);
#1765=FACE_BOUND('',#1608,.T.);
#1766=FACE_BOUND('',#1609,.T.);
#1767=FACE_BOUND('',#1610,.T.);
#1768=FACE_BOUND('',#1611,.T.);
#1769=FACE_BOUND('',#1612,.T.);
#1770=FACE_BOUND('',#1613,.T.);
#1771=FACE_BOUND('',#1614,.T.);
#1772=FACE_BOUND('',#1615,.T.);
#1773=FACE_BOUND('',#1616,.T.);
#1774=FACE_BOUND('',#1617,.T.);
#1775=FACE_BOUND('',#1618,.T.);
#1776=FACE_BOUND('',#1619,.T.);
#1777=FACE_BOUND('',#1620,.T.);
#1778=FACE_BOUND('',#1621,.T.);
#1779=FACE_BOUND('',#1622,.T.);
#1780=FACE_BOUND('',#1623,.T.);
#1781=FACE_BOUND('',#1624,.T.);
#1782=FACE_BOUND('',#1625,.T.);
#1783=FACE_BOUND('',#1626,.T.);
#1784=FACE_BOUND('',#1627,.T.);
#1785=FACE_BOUND('',#1628,.T.);
#1786=FACE_BOUND('',#1629,.T.);
#1787=FACE_BOUND('',#1630,.T.);
#1788=FACE_BOUND('',#1631,.T.);
#1789=FACE_BOUND('',#1632,.T.);
#1790=FACE_BOUND('',#1633,.T.);
#1791=FACE_BOUND('',#1634,.T.);
#1792=FACE_BOUND('',#1635,.T.);
#1793=FACE_BOUND('',#1636,.T.);
#1794=FACE_BOUND('',#1637,.T.);
#1795=FACE_BOUND('',#1638,.T.);
#1796=FACE_BOUND('',#1639,.T.);
#1797=FACE_BOUND('',#1640,.T.);
#1798=FACE_BOUND('',#1641,.T.);
#1799=FACE_BOUND('',#1642,.T.);
#1800=FACE_BOUND('',#1643,.T.);
#1801=FACE_BOUND('',#1644,.T.);
#1802=FACE_BOUND('',#1645,.T.);
#1803=FACE_BOUND('',#1646,.T.);
#1804=FACE_BOUND('',#1647,.T.);
#1805=FACE_BOUND('',#1648,.T.);
#1806=FACE_BOUND('',#1649,.T.);
#1807=FACE_BOUND('',#1650,.T.);
#1808=FACE_BOUND('',#1651,.T.);
#1809=FACE_BOUND('',#1652,.T.);
#1810=FACE_BOUND('',#1653,.T.);
#1811=FACE_BOUND('',#1654,.T.);
#1812=FACE_BOUND('',#1655,.T.);
#1813=FACE_BOUND('',#1656,.T.);
#1814=FACE_BOUND('',#1657,.T.);
#1815=FACE_BOUND('',#1658,.T.);
#1816=FACE_BOUND('',#1659,.T.);
#1817=FACE_BOUND('',#1660,.T.);
#1818=FACE_BOUND('',#1661,.T.);
#1819=FACE_BOUND('',#1662,.T.);
#1820=FACE_BOUND('',#1663,.T.);
#1821=FACE_BOUND('',#1664,.T.);
#1822=FACE_BOUND('',#1665,.T.);
#1823=FACE_BOUND('',#1666,.T.);
#1824=FACE_BOUND('',#1667,.T.);
#1825=FACE_BOUND('',#1668,.T.);
#1826=FACE_BOUND('',#1669,.T.);
#1827=FACE_BOUND('',#1670,.T.);
#1828=FACE_BOUND('',#1671,.T.);
#1829=FACE_BOUND('',#1672,.T.);
#1830=FACE_BOUND('',#1673,.T.);
#1831=FACE_BOUND('',#1674,.T.);
#1832=FACE_BOUND('',#1675,.T.);
#1833=FACE_BOUND('',#1676,.T.);
#1834=FACE_BOUND('',#1677,.T.);
#1835=FACE_BOUND('',#1678,.T.);
#1836=FACE_BOUND('',#1679,.T.);
#1837=FACE_BOUND('',#1680,.T.);
#1838=FACE_BOUND('',#1681,.T.);
#1839=FACE_BOUND('',#1682,.T.);
#1840=FACE_BOUND('',#1683,.T.);
#1841=FACE_BOUND('',#1684,.T.);
#1842=FACE_BOUND('',#1685,.T.);
#1843=FACE_BOUND('',#1686,.T.);
#1844=FACE_BOUND('',#1687,.T.);
#1845=FACE_BOUND('',#1688,.T.);
#1846=FACE_BOUND('',#1689,.T.);
#1847=FACE_BOUND('',#1690,.T.);
#1848=FACE_BOUND('',#1691,.T.);
#1849=FACE_BOUND('',#1692,.T.);
#1850=FACE_BOUND('',#1693,.T.);
#1851=FACE_BOUND('',#1694,.T.);
#1852=FACE_BOUND('',#1695,.T.);
#1853=FACE_BOUND('',#1696,.T.);
#1854=FACE_BOUND('',#1697,.T.);
#1855=FACE_BOUND('',#1698,.T.);
#1856=FACE_BOUND('',#1699,.T.);
#1857=FACE_BOUND('',#1700,.T.);
#1858=FACE_BOUND('',#1701,.T.);
#1859=FACE_BOUND('',#1702,.T.);
#1860=FACE_BOUND('',#1703,.T.);
#1861=FACE_BOUND('',#1704,.T.);
#1862=FACE_BOUND('',#1705,.T.);
#1863=FACE_BOUND('',#1706,.T.);
#1864=FACE_BOUND('',#1707,.T.);
#1865=FACE_BOUND('',#1708,.T.);
#1866=FACE_BOUND('',#1709,.T.);
#1867=FACE_BOUND('',#1710,.T.);
#1868=FACE_BOUND('',#1711,.T.);
#1869=FACE_BOUND('',#1712,.T.);
#1870=FACE_BOUND('',#1713,.T.);
#1871=PLANE('',#2114);
#1872=PLANE('',#2115);
#1873=PLANE('',#2116);
#1874=PLANE('',#2117);
#1875=PLANE('',#2118);
#1876=PLANE('',#2119);
#1877=PLANE('',#2120);
#1878=PLANE('',#2121);
#1879=PLANE('',#2122);
#1880=PLANE('',#2123);
#1881=PLANE('',#2124);
#1882=PLANE('',#2125);
#1883=PLANE('',#2126);
#1884=PLANE('',#2127);
#1885=PLANE('',#2128);
#1886=PLANE('',#2129);
#1887=PLANE('',#2130);
#1888=PLANE('',#2132);
#1889=PLANE('',#2136);
#1890=PLANE('',#2139);
#1891=PLANE('',#2141);
#1892=PLANE('',#2142);
#1893=PLANE('',#2143);
#1894=PLANE('',#2144);
#1895=PLANE('',#2147);
#1896=PLANE('',#2148);
#1897=PLANE('',#2149);
#1898=PLANE('',#2150);
#1899=PLANE('',#2151);
#1900=PLANE('',#2152);
#1901=PLANE('',#2153);
#1902=PLANE('',#2157);
#1903=PLANE('',#2158);
#1904=PLANE('',#2162);
#1905=PLANE('',#2163);
#1906=PLANE('',#2167);
#1907=PLANE('',#2168);
#1908=PLANE('',#2169);
#1909=PLANE('',#2170);
#1910=PLANE('',#2171);
#1911=PLANE('',#2172);
#1912=PLANE('',#2173);
#1913=PLANE('',#2174);
#1914=PLANE('',#2176);
#1915=PLANE('',#2177);
#1916=PLANE('',#2178);
#1917=PLANE('',#2179);
#1918=PLANE('',#2188);
#1919=PLANE('',#2189);
#1920=PLANE('',#2190);
#1921=PLANE('',#2191);
#1922=PLANE('',#2192);
#1923=PLANE('',#2193);
#1924=PLANE('',#2194);
#1925=PLANE('',#2195);
#1926=PLANE('',#2196);
#1927=PLANE('',#2197);
#1928=PLANE('',#2198);
#1929=PLANE('',#2199);
#1930=PLANE('',#2200);
#1931=PLANE('',#2201);
#1932=PLANE('',#2202);
#1933=PLANE('',#2203);
#1934=PLANE('',#2204);
#1935=PLANE('',#2205);
#1936=PLANE('',#2206);
#1937=PLANE('',#2207);
#1938=PLANE('',#2208);
#1939=PLANE('',#2209);
#1940=PLANE('',#2210);
#1941=PLANE('',#2211);
#1942=PLANE('',#2212);
#1943=PLANE('',#2213);
#1944=PLANE('',#2214);
#1945=PLANE('',#2215);
#1946=PLANE('',#2225);
#1947=PLANE('',#2235);
#1948=PLANE('',#2236);
#1949=PLANE('',#2250);
#1950=PLANE('',#2251);
#1951=PLANE('',#2255);
#1952=PLANE('',#2258);
#1953=PLANE('',#2260);
#1954=PLANE('',#2261);
#1955=PLANE('',#2262);
#1956=PLANE('',#2263);
#1957=PLANE('',#2264);
#1958=PLANE('',#2265);
#1959=PLANE('',#2266);
#1960=PLANE('',#2267);
#1961=PLANE('',#2268);
#1962=PLANE('',#2269);
#1963=ADVANCED_FACE('',(#1714),#1871,.F.);
#1964=ADVANCED_FACE('',(#1715),#1872,.F.);
#1965=ADVANCED_FACE('',(#1716),#1873,.F.);
#1966=ADVANCED_FACE('',(#1717),#1874,.T.);
#1967=ADVANCED_FACE('',(#1718),#1875,.F.);
#1968=ADVANCED_FACE('',(#1719),#1876,.F.);
#1969=ADVANCED_FACE('',(#1720),#1877,.F.);
#1970=ADVANCED_FACE('',(#1721),#1878,.F.);
#1971=ADVANCED_FACE('',(#1722),#1879,.F.);
#1972=ADVANCED_FACE('',(#1723),#1880,.F.);
#1973=ADVANCED_FACE('',(#1724),#1881,.F.);
#1974=ADVANCED_FACE('',(#1725),#1882,.F.);
#1975=ADVANCED_FACE('',(#1726),#1883,.F.);
#1976=ADVANCED_FACE('',(#1727),#1884,.F.);
#1977=ADVANCED_FACE('',(#1728),#1885,.F.);
#1978=ADVANCED_FACE('',(#1729),#1886,.F.);
#1979=ADVANCED_FACE('',(#1730),#1887,.F.);
#1980=ADVANCED_FACE('',(#1731),#1888,.T.);
#1981=ADVANCED_FACE('',(#1732,#1733),#24,.F.);
#1982=ADVANCED_FACE('',(#1734,#1735,#1736),#1889,.T.);
#1983=ADVANCED_FACE('',(#1737,#1738),#1890,.T.);
#1984=ADVANCED_FACE('',(#1739,#1740),#1891,.T.);
#1985=ADVANCED_FACE('',(#1741,#1742),#1892,.T.);
#1986=ADVANCED_FACE('',(#1743),#1893,.T.);
#1987=ADVANCED_FACE('',(#1744,#1745,#1746),#1894,.F.);
#1988=ADVANCED_FACE('',(#1747),#1895,.T.);
#1989=ADVANCED_FACE('',(#1748),#1896,.F.);
#1990=ADVANCED_FACE('',(#1749),#1897,.T.);
#1991=ADVANCED_FACE('',(#1750),#1898,.F.);
#1992=ADVANCED_FACE('',(#1751),#1899,.F.);
#1993=ADVANCED_FACE('',(#1752),#1900,.T.);
#1994=ADVANCED_FACE('',(#1753,#1754),#1901,.T.);
#1995=ADVANCED_FACE('',(#1755),#1902,.F.);
#1996=ADVANCED_FACE('',(#1756,#1757),#1903,.F.);
#1997=ADVANCED_FACE('',(#1758),#1904,.T.);
#1998=ADVANCED_FACE('',(#1759),#1905,.T.);
#1999=ADVANCED_FACE('',(#1760,#1761),#25,.F.);
#2000=ADVANCED_FACE('',(#1762),#26,.T.);
#2001=ADVANCED_FACE('',(#1763),#27,.T.);
#2002=ADVANCED_FACE('',(#1764),#1906,.T.);
#2003=ADVANCED_FACE('',(#1765),#1907,.F.);
#2004=ADVANCED_FACE('',(#1766),#1908,.T.);
#2005=ADVANCED_FACE('',(#1767),#1909,.F.);
#2006=ADVANCED_FACE('',(#1768),#1910,.T.);
#2007=ADVANCED_FACE('',(#1769),#1911,.T.);
#2008=ADVANCED_FACE('',(#1770),#1912,.F.);
#2009=ADVANCED_FACE('',(#1771,#1772),#1913,.T.);
#2010=ADVANCED_FACE('',(#1773),#1914,.T.);
#2011=ADVANCED_FACE('',(#1774),#1915,.T.);
#2012=ADVANCED_FACE('',(#1775),#1916,.F.);
#2013=ADVANCED_FACE('',(#1776,#1777),#1917,.T.);
#2014=ADVANCED_FACE('',(#1778,#1779),#28,.F.);
#2015=ADVANCED_FACE('',(#1780,#1781),#29,.F.);
#2016=ADVANCED_FACE('',(#1782),#30,.T.);
#2017=ADVANCED_FACE('',(#1783),#31,.T.);
#2018=ADVANCED_FACE('',(#1784),#1918,.F.);
#2019=ADVANCED_FACE('',(#1785),#1919,.F.);
#2020=ADVANCED_FACE('',(#1786),#1920,.F.);
#2021=ADVANCED_FACE('',(#1787),#1921,.F.);
#2022=ADVANCED_FACE('',(#1788),#1922,.F.);
#2023=ADVANCED_FACE('',(#1789),#1923,.F.);
#2024=ADVANCED_FACE('',(#1790),#1924,.F.);
#2025=ADVANCED_FACE('',(#1791),#1925,.F.);
#2026=ADVANCED_FACE('',(#1792),#1926,.F.);
#2027=ADVANCED_FACE('',(#1793),#1927,.T.);
#2028=ADVANCED_FACE('',(#1794),#1928,.F.);
#2029=ADVANCED_FACE('',(#1795),#1929,.F.);
#2030=ADVANCED_FACE('',(#1796),#1930,.F.);
#2031=ADVANCED_FACE('',(#1797),#1931,.F.);
#2032=ADVANCED_FACE('',(#1798),#1932,.F.);
#2033=ADVANCED_FACE('',(#1799),#1933,.F.);
#2034=ADVANCED_FACE('',(#1800),#1934,.F.);
#2035=ADVANCED_FACE('',(#1801),#1935,.F.);
#2036=ADVANCED_FACE('',(#1802),#1936,.F.);
#2037=ADVANCED_FACE('',(#1803),#1937,.F.);
#2038=ADVANCED_FACE('',(#1804),#1938,.F.);
#2039=ADVANCED_FACE('',(#1805),#1939,.F.);
#2040=ADVANCED_FACE('',(#1806),#1940,.F.);
#2041=ADVANCED_FACE('',(#1807),#1941,.F.);
#2042=ADVANCED_FACE('',(#1808),#1942,.F.);
#2043=ADVANCED_FACE('',(#1809),#1943,.F.);
#2044=ADVANCED_FACE('',(#1810),#1944,.F.);
#2045=ADVANCED_FACE('',(#1811,#1812,#1813,#1814,#1815,#1816,#1817),#1945,
 .F.);
#2046=ADVANCED_FACE('',(#1818),#18,.F.);
#2047=ADVANCED_FACE('',(#1819),#32,.T.);
#2048=ADVANCED_FACE('',(#1820,#1821,#1822,#1823,#1824,#1825,#1826,#1827),
#1946,.T.);
#2049=ADVANCED_FACE('',(#1828,#1829),#33,.F.);
#2050=ADVANCED_FACE('',(#1830,#1831),#1947,.T.);
#2051=ADVANCED_FACE('',(#1832),#1948,.T.);
#2052=ADVANCED_FACE('',(#1833,#1834),#34,.F.);
#2053=ADVANCED_FACE('',(#1835,#1836),#35,.F.);
#2054=ADVANCED_FACE('',(#1837,#1838),#36,.F.);
#2055=ADVANCED_FACE('',(#1839,#1840),#37,.F.);
#2056=ADVANCED_FACE('',(#1841,#1842),#38,.F.);
#2057=ADVANCED_FACE('',(#1843,#1844),#39,.F.);
#2058=ADVANCED_FACE('',(#1845),#16,.T.);
#2059=ADVANCED_FACE('',(#1846),#17,.T.);
#2060=ADVANCED_FACE('',(#1847,#1848,#1849),#40,.T.);
#2061=ADVANCED_FACE('',(#1850),#1949,.T.);
#2062=ADVANCED_FACE('',(#1851),#1950,.F.);
#2063=ADVANCED_FACE('',(#1852,#1853,#1854),#41,.T.);
#2064=ADVANCED_FACE('',(#1855),#1951,.T.);
#2065=ADVANCED_FACE('',(#1856,#1857),#42,.T.);
#2066=ADVANCED_FACE('',(#1858),#1952,.T.);
#2067=ADVANCED_FACE('',(#1859,#1860),#1953,.T.);
#2068=ADVANCED_FACE('',(#1861,#1862),#1954,.F.);
#2069=ADVANCED_FACE('',(#1863),#1955,.T.);
#2070=ADVANCED_FACE('',(#1864),#1956,.F.);
#2071=ADVANCED_FACE('',(#1865),#1957,.T.);
#2072=ADVANCED_FACE('',(#1866),#1958,.T.);
#2073=ADVANCED_FACE('',(#1867),#1959,.F.);
#2074=ADVANCED_FACE('',(#1868),#1960,.F.);
#2075=ADVANCED_FACE('',(#1869),#1961,.T.);
#2076=ADVANCED_FACE('',(#1870),#1962,.F.);
#2077=CLOSED_SHELL('',(#1963,#1964,#1965,#1966,#1967,#1968,#1969,#1970,
#1971,#1972,#1973,#1974,#1975,#1976,#1977,#1978,#1979,#1980,#1981,#1982,
#1983,#1984,#1985,#1986,#1987,#1988,#1989,#1990,#1991,#1992,#1993,#1994,
#1995,#1996,#1997,#1998,#1999,#2000,#2001,#2002,#2003,#2004,#2005,#2006,
#2007,#2008,#2009,#2010,#2011,#2012,#2013,#2014,#2015,#2016,#2017,#2018,
#2019,#2020,#2021,#2022,#2023,#2024,#2025,#2026,#2027,#2028,#2029,#2030,
#2031,#2032,#2033,#2034,#2035,#2036,#2037,#2038,#2039,#2040,#2041,#2042,
#2043,#2044,#2045,#2046,#2047,#2048,#2049,#2050,#2051,#2052,#2053,#2054,
#2055,#2056,#2057,#2058,#2059));
#2078=CLOSED_SHELL('',(#2060,#2061,#2062,#2063,#2064,#2065,#2066));
#2079=CLOSED_SHELL('',(#2067,#2068,#2069,#2070,#2071,#2072,#2073,#2074,
#2075,#2076));
#2080=STYLED_ITEM('',(#2083),#2104);
#2081=STYLED_ITEM('',(#2084),#2105);
#2082=STYLED_ITEM('',(#2085),#2106);
#2083=PRESENTATION_STYLE_ASSIGNMENT((#2086));
#2084=PRESENTATION_STYLE_ASSIGNMENT((#2087));
#2085=PRESENTATION_STYLE_ASSIGNMENT((#2088));
#2086=SURFACE_STYLE_USAGE(.BOTH.,#2089);
#2087=SURFACE_STYLE_USAGE(.BOTH.,#2090);
#2088=SURFACE_STYLE_USAGE(.BOTH.,#2091);
#2089=SURFACE_SIDE_STYLE('',(#2092));
#2090=SURFACE_SIDE_STYLE('',(#2093));
#2091=SURFACE_SIDE_STYLE('',(#2094));
#2092=SURFACE_STYLE_FILL_AREA(#2095);
#2093=SURFACE_STYLE_FILL_AREA(#2096);
#2094=SURFACE_STYLE_FILL_AREA(#2097);
#2095=FILL_AREA_STYLE('',(#2098));
#2096=FILL_AREA_STYLE('',(#2099));
#2097=FILL_AREA_STYLE('',(#2100));
#2098=FILL_AREA_STYLE_COLOUR('',#2101);
#2099=FILL_AREA_STYLE_COLOUR('',#2102);
#2100=FILL_AREA_STYLE_COLOUR('',#2103);
#2101=COLOUR_RGB('',0.647058823529412,0.647058823529412,0.647058823529412);
#2102=COLOUR_RGB('',0.231372549019608,0.380392156862745,0.705882352941177);
#2103=COLOUR_RGB('',0.615686274509804,0.811764705882353,0.929411764705882);
#2104=MANIFOLD_SOLID_BREP('Part 2',#2077);
#2105=MANIFOLD_SOLID_BREP('Part 3',#2078);
#2106=MANIFOLD_SOLID_BREP('Part 1',#2079);
#2107=SHAPE_DEFINITION_REPRESENTATION(#3484,#2110);
#2108=SHAPE_DEFINITION_REPRESENTATION(#3485,#2111);
#2109=SHAPE_DEFINITION_REPRESENTATION(#3486,#2112);
#2110=SHAPE_REPRESENTATION('Part 2',(#2113),#3469);
#2111=SHAPE_REPRESENTATION('Part 3',(#2246),#3470);
#2112=SHAPE_REPRESENTATION('Part 1',(#2259),#3471);
#2113=AXIS2_PLACEMENT_3D('',#2813,#2270,#2271);
#2114=AXIS2_PLACEMENT_3D('',#2814,#2272,#2273);
#2115=AXIS2_PLACEMENT_3D('',#2823,#2278,#2279);
#2116=AXIS2_PLACEMENT_3D('',#2829,#2283,#2284);
#2117=AXIS2_PLACEMENT_3D('',#2835,#2288,#2289);
#2118=AXIS2_PLACEMENT_3D('',#2859,#2302,#2303);
#2119=AXIS2_PLACEMENT_3D('',#2865,#2307,#2308);
#2120=AXIS2_PLACEMENT_3D('',#2869,#2311,#2312);
#2121=AXIS2_PLACEMENT_3D('',#2873,#2315,#2316);
#2122=AXIS2_PLACEMENT_3D('',#2877,#2319,#2320);
#2123=AXIS2_PLACEMENT_3D('',#2881,#2323,#2324);
#2124=AXIS2_PLACEMENT_3D('',#2885,#2327,#2328);
#2125=AXIS2_PLACEMENT_3D('',#2889,#2331,#2332);
#2126=AXIS2_PLACEMENT_3D('',#2893,#2335,#2336);
#2127=AXIS2_PLACEMENT_3D('',#2897,#2339,#2340);
#2128=AXIS2_PLACEMENT_3D('',#2901,#2343,#2344);
#2129=AXIS2_PLACEMENT_3D('',#2907,#2348,#2349);
#2130=AXIS2_PLACEMENT_3D('',#2913,#2353,#2354);
#2131=AXIS2_PLACEMENT_3D('',#2914,#2355,#2356);
#2132=AXIS2_PLACEMENT_3D('',#2915,#2357,#2358);
#2133=AXIS2_PLACEMENT_3D('',#2916,#2359,#2360);
#2134=AXIS2_PLACEMENT_3D('',#2917,#2361,#2362);
#2135=AXIS2_PLACEMENT_3D('',#2918,#2363,#2364);
#2136=AXIS2_PLACEMENT_3D('',#2920,#2365,#2366);
#2137=AXIS2_PLACEMENT_3D('',#2921,#2367,#2368);
#2138=AXIS2_PLACEMENT_3D('',#2924,#2369,#2370);
#2139=AXIS2_PLACEMENT_3D('',#2977,#2397,#2398);
#2140=AXIS2_PLACEMENT_3D('',#2978,#2399,#2400);
#2141=AXIS2_PLACEMENT_3D('',#2988,#2405,#2406);
#2142=AXIS2_PLACEMENT_3D('',#3018,#2422,#2423);
#2143=AXIS2_PLACEMENT_3D('',#3035,#2432,#2433);
#2144=AXIS2_PLACEMENT_3D('',#3041,#2437,#2438);
#2145=AXIS2_PLACEMENT_3D('',#3042,#2439,#2440);
#2146=AXIS2_PLACEMENT_3D('',#3044,#2441,#2442);
#2147=AXIS2_PLACEMENT_3D('',#3056,#2449,#2450);
#2148=AXIS2_PLACEMENT_3D('',#3058,#2452,#2453);
#2149=AXIS2_PLACEMENT_3D('',#3060,#2455,#2456);
#2150=AXIS2_PLACEMENT_3D('',#3066,#2460,#2461);
#2151=AXIS2_PLACEMENT_3D('',#3070,#2464,#2465);
#2152=AXIS2_PLACEMENT_3D('',#3074,#2468,#2469);
#2153=AXIS2_PLACEMENT_3D('',#3076,#2471,#2472);
#2154=AXIS2_PLACEMENT_3D('',#3077,#2473,#2474);
#2155=AXIS2_PLACEMENT_3D('',#3082,#2476,#2477);
#2156=AXIS2_PLACEMENT_3D('',#3087,#2480,#2481);
#2157=AXIS2_PLACEMENT_3D('',#3088,#2482,#2483);
#2158=AXIS2_PLACEMENT_3D('',#3092,#2486,#2487);
#2159=AXIS2_PLACEMENT_3D('',#3093,#2488,#2489);
#2160=AXIS2_PLACEMENT_3D('',#3097,#2491,#2492);
#2161=AXIS2_PLACEMENT_3D('',#3101,#2494,#2495);
#2162=AXIS2_PLACEMENT_3D('',#3102,#2496,#2497);
#2163=AXIS2_PLACEMENT_3D('',#3104,#2499,#2500);
#2164=AXIS2_PLACEMENT_3D('',#3107,#2503,#2504);
#2165=AXIS2_PLACEMENT_3D('',#3108,#2505,#2506);
#2166=AXIS2_PLACEMENT_3D('',#3109,#2507,#2508);
#2167=AXIS2_PLACEMENT_3D('',#3110,#2509,#2510);
#2168=AXIS2_PLACEMENT_3D('',#3113,#2513,#2514);
#2169=AXIS2_PLACEMENT_3D('',#3115,#2516,#2517);
#2170=AXIS2_PLACEMENT_3D('',#3117,#2519,#2520);
#2171=AXIS2_PLACEMENT_3D('',#3118,#2521,#2522);
#2172=AXIS2_PLACEMENT_3D('',#3119,#2523,#2524);
#2173=AXIS2_PLACEMENT_3D('',#3121,#2526,#2527);
#2174=AXIS2_PLACEMENT_3D('',#3125,#2530,#2531);
#2175=AXIS2_PLACEMENT_3D('',#3126,#2532,#2533);
#2176=AXIS2_PLACEMENT_3D('',#3131,#2536,#2537);
#2177=AXIS2_PLACEMENT_3D('',#3137,#2541,#2542);
#2178=AXIS2_PLACEMENT_3D('',#3139,#2544,#2545);
#2179=AXIS2_PLACEMENT_3D('',#3141,#2547,#2548);
#2180=AXIS2_PLACEMENT_3D('',#3142,#2549,#2550);
#2181=AXIS2_PLACEMENT_3D('',#3145,#2551,#2552);
#2182=AXIS2_PLACEMENT_3D('',#3146,#2553,#2554);
#2183=AXIS2_PLACEMENT_3D('',#3147,#2555,#2556);
#2184=AXIS2_PLACEMENT_3D('',#3148,#2557,#2558);
#2185=AXIS2_PLACEMENT_3D('',#3151,#2560,#2561);
#2186=AXIS2_PLACEMENT_3D('',#3154,#2563,#2564);
#2187=AXIS2_PLACEMENT_3D('',#3155,#2565,#2566);
#2188=AXIS2_PLACEMENT_3D('',#3156,#2567,#2568);
#2189=AXIS2_PLACEMENT_3D('',#3162,#2572,#2573);
#2190=AXIS2_PLACEMENT_3D('',#3166,#2576,#2577);
#2191=AXIS2_PLACEMENT_3D('',#3170,#2580,#2581);
#2192=AXIS2_PLACEMENT_3D('',#3174,#2584,#2585);
#2193=AXIS2_PLACEMENT_3D('',#3178,#2588,#2589);
#2194=AXIS2_PLACEMENT_3D('',#3182,#2592,#2593);
#2195=AXIS2_PLACEMENT_3D('',#3186,#2596,#2597);
#2196=AXIS2_PLACEMENT_3D('',#3190,#2600,#2601);
#2197=AXIS2_PLACEMENT_3D('',#3192,#2603,#2604);
#2198=AXIS2_PLACEMENT_3D('',#3193,#2605,#2606);
#2199=AXIS2_PLACEMENT_3D('',#3199,#2610,#2611);
#2200=AXIS2_PLACEMENT_3D('',#3203,#2614,#2615);
#2201=AXIS2_PLACEMENT_3D('',#3207,#2618,#2619);
#2202=AXIS2_PLACEMENT_3D('',#3211,#2622,#2623);
#2203=AXIS2_PLACEMENT_3D('',#3219,#2628,#2629);
#2204=AXIS2_PLACEMENT_3D('',#3227,#2634,#2635);
#2205=AXIS2_PLACEMENT_3D('',#3231,#2638,#2639);
#2206=AXIS2_PLACEMENT_3D('',#3235,#2642,#2643);
#2207=AXIS2_PLACEMENT_3D('',#3239,#2646,#2647);
#2208=AXIS2_PLACEMENT_3D('',#3243,#2650,#2651);
#2209=AXIS2_PLACEMENT_3D('',#3247,#2654,#2655);
#2210=AXIS2_PLACEMENT_3D('',#3251,#2658,#2659);
#2211=AXIS2_PLACEMENT_3D('',#3255,#2662,#2663);
#2212=AXIS2_PLACEMENT_3D('',#3259,#2666,#2667);
#2213=AXIS2_PLACEMENT_3D('',#3263,#2670,#2671);
#2214=AXIS2_PLACEMENT_3D('',#3267,#2674,#2675);
#2215=AXIS2_PLACEMENT_3D('',#3269,#2677,#2678);
#2216=AXIS2_PLACEMENT_3D('',#3270,#2679,#2680);
#2217=AXIS2_PLACEMENT_3D('',#3272,#2681,#2682);
#2218=AXIS2_PLACEMENT_3D('',#3274,#2683,#2684);
#2219=AXIS2_PLACEMENT_3D('',#3276,#2685,#2686);
#2220=AXIS2_PLACEMENT_3D('',#3278,#2687,#2688);
#2221=AXIS2_PLACEMENT_3D('',#3291,#2689,#2690);
#2222=AXIS2_PLACEMENT_3D('',#3292,#2691,#2692);
#2223=AXIS2_PLACEMENT_3D('',#3340,#2695,#2696);
#2224=AXIS2_PLACEMENT_3D('',#3341,#2697,#2698);
#2225=AXIS2_PLACEMENT_3D('',#3342,#2699,#2700);
#2226=AXIS2_PLACEMENT_3D('',#3343,#2701,#2702);
#2227=AXIS2_PLACEMENT_3D('',#3345,#2703,#2704);
#2228=AXIS2_PLACEMENT_3D('',#3347,#2705,#2706);
#2229=AXIS2_PLACEMENT_3D('',#3349,#2707,#2708);
#2230=AXIS2_PLACEMENT_3D('',#3351,#2709,#2710);
#2231=AXIS2_PLACEMENT_3D('',#3353,#2711,#2712);
#2232=AXIS2_PLACEMENT_3D('',#3355,#2713,#2714);
#2233=AXIS2_PLACEMENT_3D('',#3357,#2715,#2716);
#2234=AXIS2_PLACEMENT_3D('',#3358,#2717,#2718);
#2235=AXIS2_PLACEMENT_3D('',#3360,#2719,#2720);
#2236=AXIS2_PLACEMENT_3D('',#3361,#2721,#2722);
#2237=AXIS2_PLACEMENT_3D('',#3362,#2723,#2724);
#2238=AXIS2_PLACEMENT_3D('',#3363,#2725,#2726);
#2239=AXIS2_PLACEMENT_3D('',#3364,#2727,#2728);
#2240=AXIS2_PLACEMENT_3D('',#3365,#2729,#2730);
#2241=AXIS2_PLACEMENT_3D('',#3366,#2731,#2732);
#2242=AXIS2_PLACEMENT_3D('',#3367,#2733,#2734);
#2243=AXIS2_PLACEMENT_3D('',#3368,#2735,#2736);
#2244=AXIS2_PLACEMENT_3D('',#3369,#2737,#2738);
#2245=AXIS2_PLACEMENT_3D('',#3380,#2739,#2740);
#2246=AXIS2_PLACEMENT_3D('',#3381,#2741,#2742);
#2247=AXIS2_PLACEMENT_3D('',#3382,#2743,#2744);
#2248=AXIS2_PLACEMENT_3D('',#3383,#2745,#2746);
#2249=AXIS2_PLACEMENT_3D('',#3385,#2747,#2748);
#2250=AXIS2_PLACEMENT_3D('',#3403,#2749,#2750);
#2251=AXIS2_PLACEMENT_3D('',#3404,#2751,#2752);
#2252=AXIS2_PLACEMENT_3D('',#3405,#2753,#2754);
#2253=AXIS2_PLACEMENT_3D('',#3406,#2755,#2756);
#2254=AXIS2_PLACEMENT_3D('',#3408,#2757,#2758);
#2255=AXIS2_PLACEMENT_3D('',#3410,#2759,#2760);
#2256=AXIS2_PLACEMENT_3D('',#3411,#2761,#2762);
#2257=AXIS2_PLACEMENT_3D('',#3412,#2763,#2764);
#2258=AXIS2_PLACEMENT_3D('',#3414,#2765,#2766);
#2259=AXIS2_PLACEMENT_3D('',#3415,#2767,#2768);
#2260=AXIS2_PLACEMENT_3D('',#3416,#2769,#2770);
#2261=AXIS2_PLACEMENT_3D('',#3433,#2779,#2780);
#2262=AXIS2_PLACEMENT_3D('',#3450,#2789,#2790);
#2263=AXIS2_PLACEMENT_3D('',#3453,#2793,#2794);
#2264=AXIS2_PLACEMENT_3D('',#3455,#2796,#2797);
#2265=AXIS2_PLACEMENT_3D('',#3457,#2799,#2800);
#2266=AXIS2_PLACEMENT_3D('',#3460,#2803,#2804);
#2267=AXIS2_PLACEMENT_3D('',#3462,#2806,#2807);
#2268=AXIS2_PLACEMENT_3D('',#3464,#2809,#2810);
#2269=AXIS2_PLACEMENT_3D('',#3465,#2811,#2812);
#2270=DIRECTION('',(0.,0.,1.));
#2271=DIRECTION('',(1.,0.,0.));
#2272=DIRECTION('',(0.,0.761683014945749,0.647949831964754));
#2273=DIRECTION('',(0.,-0.647949831964754,0.761683014945749));
#2274=DIRECTION('',(0.,-0.647949831964754,0.761683014945749));
#2275=DIRECTION('',(-1.,0.,0.));
#2276=DIRECTION('',(0.,0.647949831964754,-0.761683014945749));
#2277=DIRECTION('',(-1.,0.,0.));
#2278=DIRECTION('',(0.,0.432287118932335,0.901736018358578));
#2279=DIRECTION('',(0.,-0.901736018358578,0.432287118932336));
#2280=DIRECTION('',(0.,-0.901736018358578,0.432287118932336));
#2281=DIRECTION('',(0.,0.901736018358578,-0.432287118932336));
#2282=DIRECTION('',(-1.,0.,0.));
#2283=DIRECTION('',(0.,0.0281448528503322,0.999603855163651));
#2284=DIRECTION('',(0.,-0.999603855163651,0.0281448528503322));
#2285=DIRECTION('',(0.,-0.999603855163651,0.0281448528503322));
#2286=DIRECTION('',(0.,0.999603855163651,-0.0281448528503322));
#2287=DIRECTION('',(-1.,0.,0.));
#2288=DIRECTION('',(-1.,0.,0.));
#2289=DIRECTION('',(0.,-1.,0.));
#2290=DIRECTION('',(0.,0.924631104294991,0.380863913977455));
#2291=DIRECTION('',(0.,0.282127233184832,-0.959376998002074));
#2292=DIRECTION('',(0.,-0.132477727258288,-0.991185982437443));
#2293=DIRECTION('',(0.,-0.524176085135993,-0.851609905867414));
#2294=DIRECTION('',(0.,-0.825239635903475,-0.564782739939793));
#2295=DIRECTION('',(0.,-0.983611756556518,-0.180299507386466));
#2296=DIRECTION('',(0.,-0.971908468668658,0.235359147963584));
#2297=DIRECTION('',(0.,-0.792153377036742,0.610322068459994));
#2298=DIRECTION('',(0.,-0.475427770027658,0.879754758717751));
#2299=DIRECTION('',(0.,-0.0764963824551267,0.997069858872125));
#2300=DIRECTION('',(0.,0.335661924591779,0.941982522332205));
#2301=DIRECTION('',(0.,0.689781235483851,0.724017850038501));
#2302=DIRECTION('',(0.,-0.724017850038501,0.689781235483851));
#2303=DIRECTION('',(0.,-0.689781235483851,-0.724017850038501));
#2304=DIRECTION('',(0.,0.689781235483851,0.724017850038501));
#2305=DIRECTION('',(-1.,0.,0.));
#2306=DIRECTION('',(-1.,0.,0.));
#2307=DIRECTION('',(0.,-0.941982522332205,0.335661924591779));
#2308=DIRECTION('',(0.,-0.335661924591779,-0.941982522332205));
#2309=DIRECTION('',(0.,0.335661924591779,0.941982522332205));
#2310=DIRECTION('',(-1.,0.,0.));
#2311=DIRECTION('',(0.,-0.997069858872125,-0.0764963824551267));
#2312=DIRECTION('',(0.,0.0764963824551268,-0.997069858872125));
#2313=DIRECTION('',(0.,-0.0764963824551267,0.997069858872125));
#2314=DIRECTION('',(-1.,0.,0.));
#2315=DIRECTION('',(0.,-0.879754758717751,-0.475427770027658));
#2316=DIRECTION('',(0.,0.475427770027658,-0.879754758717751));
#2317=DIRECTION('',(0.,-0.475427770027658,0.879754758717751));
#2318=DIRECTION('',(-1.,0.,0.));
#2319=DIRECTION('',(0.,-0.610322068459994,-0.792153377036742));
#2320=DIRECTION('',(0.,0.792153377036742,-0.610322068459994));
#2321=DIRECTION('',(0.,-0.792153377036742,0.610322068459994));
#2322=DIRECTION('',(-1.,0.,0.));
#2323=DIRECTION('',(0.,-0.235359147963584,-0.971908468668658));
#2324=DIRECTION('',(0.,0.971908468668658,-0.235359147963584));
#2325=DIRECTION('',(0.,-0.971908468668658,0.235359147963584));
#2326=DIRECTION('',(-1.,0.,0.));
#2327=DIRECTION('',(0.,0.180299507386466,-0.983611756556517));
#2328=DIRECTION('',(0.,0.983611756556517,0.180299507386466));
#2329=DIRECTION('',(0.,-0.983611756556518,-0.180299507386466));
#2330=DIRECTION('',(-1.,0.,0.));
#2331=DIRECTION('',(0.,0.564782739939793,-0.825239635903475));
#2332=DIRECTION('',(0.,0.825239635903475,0.564782739939793));
#2333=DIRECTION('',(0.,-0.825239635903475,-0.564782739939793));
#2334=DIRECTION('',(-1.,0.,0.));
#2335=DIRECTION('',(0.,0.851609905867413,-0.524176085135993));
#2336=DIRECTION('',(0.,0.524176085135993,0.851609905867414));
#2337=DIRECTION('',(0.,-0.524176085135993,-0.851609905867414));
#2338=DIRECTION('',(-1.,0.,0.));
#2339=DIRECTION('',(0.,0.991185982437443,-0.132477727258288));
#2340=DIRECTION('',(0.,0.132477727258288,0.991185982437443));
#2341=DIRECTION('',(0.,-0.132477727258288,-0.991185982437443));
#2342=DIRECTION('',(-1.,0.,0.));
#2343=DIRECTION('',(0.,0.959376998002074,0.282127233184832));
#2344=DIRECTION('',(0.,-0.282127233184832,0.959376998002074));
#2345=DIRECTION('',(0.,-0.282127233184832,0.959376998002074));
#2346=DIRECTION('',(-1.,0.,0.));
#2347=DIRECTION('',(0.,0.282127233184832,-0.959376998002074));
#2348=DIRECTION('',(0.,-0.380863913977455,0.924631104294991));
#2349=DIRECTION('',(0.,-0.924631104294991,-0.380863913977455));
#2350=DIRECTION('',(0.,0.924631104294991,0.380863913977455));
#2351=DIRECTION('',(-1.,0.,0.));
#2352=DIRECTION('',(0.,-0.924631104294991,-0.380863913977455));
#2353=DIRECTION('',(-1.,0.,0.));
#2354=DIRECTION('',(0.,-1.,0.));
#2355=DIRECTION('',(-1.,0.,0.));
#2356=DIRECTION('',(0.,0.,1.));
#2357=DIRECTION('',(-1.,0.,0.));
#2358=DIRECTION('',(0.,-1.,0.));
#2359=DIRECTION('',(-1.,0.,0.));
#2360=DIRECTION('',(0.,0.,1.));
#2361=DIRECTION('',(-1.,0.,0.));
#2362=DIRECTION('',(0.,0.,1.));
#2363=DIRECTION('',(-1.,0.,0.));
#2364=DIRECTION('',(0.,0.,1.));
#2365=DIRECTION('',(-1.,0.,0.));
#2366=DIRECTION('',(0.,-1.,0.));
#2367=DIRECTION('',(-1.,0.,0.));
#2368=DIRECTION('',(0.,0.,1.));
#2369=DIRECTION('',(-1.,0.,0.));
#2370=DIRECTION('',(0.,0.,1.));
#2371=DIRECTION('',(0.,0.872597407067714,0.488440134692781));
#2372=DIRECTION('',(0.,0.354485128110111,0.935061652485417));
#2373=DIRECTION('',(0.,-0.329494681953569,0.94415743102743));
#2374=DIRECTION('',(0.,-0.859300268405698,0.511471454450682));
#2375=DIRECTION('',(0.,-0.987029709212083,-0.160537700035571));
#2376=DIRECTION('',(0.,-0.65291697946482,-0.757429480497383));
#2377=DIRECTION('',(0.,-0.0132971386619934,-0.999911589143462));
#2378=DIRECTION('',(0.,0.632544581101976,-0.774523952449843));
#2379=DIRECTION('',(0.,0.982411661418395,-0.186727950530041));
#2380=DIRECTION('',(0.,0.992742841942888,-0.120256599698966));
#2381=DIRECTION('',(0.,0.969146825496957,0.246484138696938));
#2382=DIRECTION('',(0.,0.814662160039715,0.579935828346056));
#2383=DIRECTION('',(0.,0.55015285567024,0.835063970841684));
#2384=DIRECTION('',(0.,0.211342359640323,0.97741209682593));
#2385=DIRECTION('',(0.,-0.156011093147519,0.987755303106451));
#2386=DIRECTION('',(0.,-0.502294383318453,0.864696682361356));
#2387=DIRECTION('',(0.,-0.780740033712958,0.624855983213644));
#2388=DIRECTION('',(0.,-0.953742416324661,0.300625021086397));
#2389=DIRECTION('',(0.,-0.997936600742552,-0.0642070159593189));
#2390=DIRECTION('',(0.,-0.907353917472562,-0.420367539716372));
#2391=DIRECTION('',(0.,-0.694228059826281,-0.719755097897777));
#2392=DIRECTION('',(0.,-0.387342855849966,-0.921935741807417));
#2393=DIRECTION('',(0.,-0.0281448528503186,-0.999603855163651));
#2394=DIRECTION('',(0.,0.33485426848286,-0.942269928883868));
#2395=DIRECTION('',(0.,0.652629465365834,-0.757677227410396));
#2396=DIRECTION('',(0.,0.882263436606445,-0.470756017940701));
#2397=DIRECTION('',(-1.,0.,0.));
#2398=DIRECTION('',(0.,0.,1.));
#2399=DIRECTION('',(-1.,0.,0.));
#2400=DIRECTION('',(0.,0.,1.));
#2401=DIRECTION('',(0.,1.,0.));
#2402=DIRECTION('',(0.,0.,-1.));
#2403=DIRECTION('',(0.,1.,0.));
#2404=DIRECTION('',(0.,0.,-1.));
#2405=DIRECTION('',(0.,0.,1.));
#2406=DIRECTION('',(1.,0.,0.));
#2407=DIRECTION('',(1.,0.,0.));
#2408=DIRECTION('',(0.,-1.,0.));
#2409=DIRECTION('',(1.,0.,0.));
#2410=DIRECTION('',(0.,1.,0.));
#2411=DIRECTION('',(-1.,0.,0.));
#2412=DIRECTION('',(0.,1.,0.));
#2413=DIRECTION('',(1.,0.,0.));
#2414=DIRECTION('',(0.,1.,0.));
#2415=DIRECTION('',(1.,0.,0.));
#2416=DIRECTION('',(0.,1.,0.));
#2417=DIRECTION('',(-1.,0.,0.));
#2418=DIRECTION('',(0.,-1.,0.));
#2419=DIRECTION('',(1.,0.,0.));
#2420=DIRECTION('',(0.,-1.,0.));
#2421=DIRECTION('',(1.,0.,0.));
#2422=DIRECTION('',(0.,0.,1.));
#2423=DIRECTION('',(1.,0.,0.));
#2424=DIRECTION('',(1.,0.,0.));
#2425=DIRECTION('',(0.,1.,0.));
#2426=DIRECTION('',(-1.,0.,0.));
#2427=DIRECTION('',(0.,-1.,0.));
#2428=DIRECTION('',(-1.73472347597681E-16,-1.,0.));
#2429=DIRECTION('',(1.,0.,0.));
#2430=DIRECTION('',(-1.73472347597681E-16,-1.,0.));
#2431=DIRECTION('',(1.,0.,0.));
#2432=DIRECTION('',(-1.,0.,0.));
#2433=DIRECTION('',(0.,0.,1.));
#2434=DIRECTION('',(0.,1.,0.));
#2435=DIRECTION('',(0.,0.,-1.));
#2436=DIRECTION('',(0.,0.,-1.));
#2437=DIRECTION('',(-1.,0.,0.));
#2438=DIRECTION('',(0.,0.,1.));
#2439=DIRECTION('',(-1.,0.,0.));
#2440=DIRECTION('',(0.,0.,1.));
#2441=DIRECTION('',(-1.,0.,0.));
#2442=DIRECTION('',(0.,0.,1.));
#2443=DIRECTION('',(0.,1.,0.));
#2444=DIRECTION('',(0.,0.,-1.));
#2445=DIRECTION('',(0.,0.,-1.));
#2446=DIRECTION('',(0.,1.,0.));
#2447=DIRECTION('',(0.,0.,-1.));
#2448=DIRECTION('',(0.,0.,-1.));
#2449=DIRECTION('',(0.,1.,0.));
#2450=DIRECTION('',(0.,0.,1.));
#2451=DIRECTION('',(1.,0.,0.));
#2452=DIRECTION('',(0.,0.,1.));
#2453=DIRECTION('',(1.,0.,0.));
#2454=DIRECTION('',(1.,0.,0.));
#2455=DIRECTION('',(0.,1.,0.));
#2456=DIRECTION('',(0.,0.,1.));
#2457=DIRECTION('',(0.,0.,-1.));
#2458=DIRECTION('',(1.,0.,0.));
#2459=DIRECTION('',(0.,0.,-1.));
#2460=DIRECTION('',(1.,0.,0.));
#2461=DIRECTION('',(0.,0.,-1.));
#2462=DIRECTION('',(0.,0.,-1.));
#2463=DIRECTION('',(0.,1.,0.));
#2464=DIRECTION('',(0.,1.,0.));
#2465=DIRECTION('',(0.,0.,1.));
#2466=DIRECTION('',(0.,0.,-1.));
#2467=DIRECTION('',(-1.,0.,0.));
#2468=DIRECTION('',(1.,0.,0.));
#2469=DIRECTION('',(0.,0.,-1.));
#2470=DIRECTION('',(0.,-1.,0.));
#2471=DIRECTION('',(0.,1.,0.));
#2472=DIRECTION('',(0.,0.,1.));
#2473=DIRECTION('',(0.,1.,0.));
#2474=DIRECTION('',(0.,0.,1.));
#2475=DIRECTION('',(1.,0.,0.));
#2476=DIRECTION('',(0.,1.,0.));
#2477=DIRECTION('',(0.,0.,1.));
#2478=DIRECTION('',(0.,0.,-1.));
#2479=DIRECTION('',(0.,0.,-1.));
#2480=DIRECTION('',(0.,1.,0.));
#2481=DIRECTION('',(0.,0.,1.));
#2482=DIRECTION('',(1.,-1.73472347597681E-16,0.));
#2483=DIRECTION('',(1.73472347597681E-16,1.,0.));
#2484=DIRECTION('',(0.,0.,-1.));
#2485=DIRECTION('',(-1.73472347597681E-16,-1.,0.));
#2486=DIRECTION('',(0.,1.,0.));
#2487=DIRECTION('',(0.,0.,1.));
#2488=DIRECTION('',(0.,-1.,0.));
#2489=DIRECTION('',(0.,0.,-1.));
#2490=DIRECTION('',(0.,0.,-1.));
#2491=DIRECTION('',(0.,1.,0.));
#2492=DIRECTION('',(0.,0.,1.));
#2493=DIRECTION('',(1.,0.,0.));
#2494=DIRECTION('',(0.,1.,0.));
#2495=DIRECTION('',(0.,0.,1.));
#2496=DIRECTION('',(1.,-1.73472347597681E-16,0.));
#2497=DIRECTION('',(1.73472347597681E-16,1.,0.));
#2498=DIRECTION('',(-1.73472347597681E-16,-1.,0.));
#2499=DIRECTION('',(0.,0.,1.));
#2500=DIRECTION('',(1.,0.,0.));
#2501=DIRECTION('',(-1.73472347597681E-16,-1.,0.));
#2502=DIRECTION('',(-1.73472347597681E-16,-1.,0.));
#2503=DIRECTION('',(0.,-1.,0.));
#2504=DIRECTION('',(0.,0.,-1.));
#2505=DIRECTION('',(-1.73472347597681E-16,-1.,0.));
#2506=DIRECTION('',(1.,-1.73472347597681E-16,0.));
#2507=DIRECTION('',(1.73472347597681E-16,1.,0.));
#2508=DIRECTION('',(-1.,1.73472347597681E-16,0.));
#2509=DIRECTION('',(-0.707106781186548,0.,0.707106781186548));
#2510=DIRECTION('',(0.,1.,0.));
#2511=DIRECTION('',(-0.577350269189626,-0.577350269189626,-0.577350269189626));
#2512=DIRECTION('',(0.577350269189626,-0.577350269189626,0.577350269189626));
#2513=DIRECTION('',(0.,-0.707106781186548,-0.707106781186548));
#2514=DIRECTION('',(1.,0.,0.));
#2515=DIRECTION('',(0.577350269189626,0.577350269189626,-0.577350269189626));
#2516=DIRECTION('',(0.,-0.707106781186548,0.707106781186548));
#2517=DIRECTION('',(-1.,0.,0.));
#2518=DIRECTION('',(0.577350269189626,-0.577350269189626,-0.577350269189626));
#2519=DIRECTION('',(-0.707106781186548,0.,-0.707106781186548));
#2520=DIRECTION('',(0.,-1.,0.));
#2521=DIRECTION('',(0.,-1.,0.));
#2522=DIRECTION('',(1.,0.,0.));
#2523=DIRECTION('',(0.,-1.,0.));
#2524=DIRECTION('',(0.,0.,-1.));
#2525=DIRECTION('',(-1.,0.,0.));
#2526=DIRECTION('',(0.,-1.,0.));
#2527=DIRECTION('',(0.,0.,-1.));
#2528=DIRECTION('',(0.,0.,-1.));
#2529=DIRECTION('',(-1.,0.,0.));
#2530=DIRECTION('',(-1.,0.,0.));
#2531=DIRECTION('',(0.,0.,1.));
#2532=DIRECTION('',(-1.,0.,0.));
#2533=DIRECTION('',(0.,0.,1.));
#2534=DIRECTION('',(0.,0.,-1.));
#2535=DIRECTION('',(0.,1.,0.));
#2536=DIRECTION('',(0.,0.,1.));
#2537=DIRECTION('',(1.,0.,0.));
#2538=DIRECTION('',(1.,0.,0.));
#2539=DIRECTION('',(0.,1.,0.));
#2540=DIRECTION('',(1.,0.,0.));
#2541=DIRECTION('',(0.,-1.,0.));
#2542=DIRECTION('',(0.,0.,-1.));
#2543=DIRECTION('',(0.,0.,-1.));
#2544=DIRECTION('',(0.,-1.,0.));
#2545=DIRECTION('',(0.,0.,-1.));
#2546=DIRECTION('',(0.,0.,-1.));
#2547=DIRECTION('',(-1.,0.,0.));
#2548=DIRECTION('',(0.,-1.,0.));
#2549=DIRECTION('',(-1.,0.,0.));
#2550=DIRECTION('',(0.,0.,1.));
#2551=DIRECTION('',(-1.,0.,0.));
#2552=DIRECTION('',(0.,0.,1.));
#2553=DIRECTION('',(-1.,0.,0.));
#2554=DIRECTION('',(0.,0.,1.));
#2555=DIRECTION('',(-1.,0.,0.));
#2556=DIRECTION('',(0.,0.,1.));
#2557=DIRECTION('',(1.,0.,0.));
#2558=DIRECTION('',(0.,0.,-1.));
#2559=DIRECTION('',(1.,0.,0.));
#2560=DIRECTION('',(-1.,0.,0.));
#2561=DIRECTION('',(0.,0.,1.));
#2562=DIRECTION('',(1.,0.,0.));
#2563=DIRECTION('',(1.,0.,0.));
#2564=DIRECTION('',(0.,0.,-1.));
#2565=DIRECTION('',(-1.,0.,0.));
#2566=DIRECTION('',(0.,0.,1.));
#2567=DIRECTION('',(0.,0.488440134692781,-0.872597407067714));
#2568=DIRECTION('',(0.,0.872597407067714,0.488440134692781));
#2569=DIRECTION('',(1.,0.,0.));
#2570=DIRECTION('',(0.,0.872597407067714,0.488440134692781));
#2571=DIRECTION('',(1.,0.,0.));
#2572=DIRECTION('',(0.,-0.186727950530041,-0.982411661418395));
#2573=DIRECTION('',(0.,0.982411661418395,-0.186727950530041));
#2574=DIRECTION('',(1.,0.,0.));
#2575=DIRECTION('',(0.,0.982411661418395,-0.186727950530041));
#2576=DIRECTION('',(0.,-0.774523952449843,-0.632544581101976));
#2577=DIRECTION('',(0.,0.632544581101976,-0.774523952449843));
#2578=DIRECTION('',(1.,0.,0.));
#2579=DIRECTION('',(0.,0.632544581101976,-0.774523952449843));
#2580=DIRECTION('',(0.,-0.999911589143462,0.0132971386619934));
#2581=DIRECTION('',(0.,-0.0132971386619934,-0.999911589143462));
#2582=DIRECTION('',(1.,0.,0.));
#2583=DIRECTION('',(0.,-0.0132971386619934,-0.999911589143462));
#2584=DIRECTION('',(0.,-0.757429480497383,0.65291697946482));
#2585=DIRECTION('',(0.,-0.65291697946482,-0.757429480497383));
#2586=DIRECTION('',(1.,0.,0.));
#2587=DIRECTION('',(0.,-0.65291697946482,-0.757429480497383));
#2588=DIRECTION('',(0.,-0.160537700035571,0.987029709212083));
#2589=DIRECTION('',(0.,-0.987029709212083,-0.160537700035571));
#2590=DIRECTION('',(1.,0.,0.));
#2591=DIRECTION('',(0.,-0.987029709212083,-0.160537700035571));
#2592=DIRECTION('',(0.,0.511471454450682,0.859300268405698));
#2593=DIRECTION('',(0.,-0.859300268405698,0.511471454450682));
#2594=DIRECTION('',(1.,0.,0.));
#2595=DIRECTION('',(0.,-0.859300268405698,0.511471454450682));
#2596=DIRECTION('',(0.,0.94415743102743,0.329494681953569));
#2597=DIRECTION('',(0.,-0.329494681953569,0.94415743102743));
#2598=DIRECTION('',(1.,0.,0.));
#2599=DIRECTION('',(0.,-0.329494681953569,0.94415743102743));
#2600=DIRECTION('',(0.,0.935061652485417,-0.354485128110111));
#2601=DIRECTION('',(0.,0.354485128110111,0.935061652485417));
#2602=DIRECTION('',(0.,0.354485128110111,0.935061652485417));
#2603=DIRECTION('',(-1.,0.,0.));
#2604=DIRECTION('',(0.,-1.,0.));
#2605=DIRECTION('',(0.,0.246484138696938,-0.969146825496957));
#2606=DIRECTION('',(0.,0.969146825496957,0.246484138696938));
#2607=DIRECTION('',(1.,0.,0.));
#2608=DIRECTION('',(0.,0.969146825496957,0.246484138696938));
#2609=DIRECTION('',(1.,0.,0.));
#2610=DIRECTION('',(0.,-0.120256599698966,-0.992742841942888));
#2611=DIRECTION('',(0.,0.992742841942889,-0.120256599698966));
#2612=DIRECTION('',(1.,0.,0.));
#2613=DIRECTION('',(0.,0.992742841942888,-0.120256599698966));
#2614=DIRECTION('',(0.,-0.4707560179407,-0.882263436606445));
#2615=DIRECTION('',(0.,0.882263436606445,-0.470756017940701));
#2616=DIRECTION('',(1.,0.,0.));
#2617=DIRECTION('',(0.,0.882263436606445,-0.470756017940701));
#2618=DIRECTION('',(0.,-0.757677227410396,-0.652629465365835));
#2619=DIRECTION('',(0.,0.652629465365835,-0.757677227410396));
#2620=DIRECTION('',(1.,0.,0.));
#2621=DIRECTION('',(0.,0.652629465365834,-0.757677227410396));
#2622=DIRECTION('',(0.,-0.942269928883867,-0.33485426848286));
#2623=DIRECTION('',(0.,0.33485426848286,-0.942269928883868));
#2624=DIRECTION('',(0.,0.33485426848286,-0.942269928883868));
#2625=DIRECTION('',(-1.,0.,0.));
#2626=DIRECTION('',(0.,0.33485426848286,-0.942269928883868));
#2627=DIRECTION('',(1.,0.,0.));
#2628=DIRECTION('',(0.,-0.999603855163651,0.0281448528503186));
#2629=DIRECTION('',(0.,-0.0281448528503187,-0.999603855163651));
#2630=DIRECTION('',(0.,-0.0281448528503186,-0.999603855163651));
#2631=DIRECTION('',(-1.,0.,0.));
#2632=DIRECTION('',(0.,-0.0281448528503187,-0.999603855163651));
#2633=DIRECTION('',(1.,0.,0.));
#2634=DIRECTION('',(0.,-0.921935741807417,0.387342855849966));
#2635=DIRECTION('',(0.,-0.387342855849967,-0.921935741807417));
#2636=DIRECTION('',(1.,0.,0.));
#2637=DIRECTION('',(0.,-0.387342855849966,-0.921935741807417));
#2638=DIRECTION('',(0.,-0.719755097897777,0.69422805982628));
#2639=DIRECTION('',(0.,-0.69422805982628,-0.719755097897777));
#2640=DIRECTION('',(1.,0.,0.));
#2641=DIRECTION('',(0.,-0.694228059826281,-0.719755097897777));
#2642=DIRECTION('',(0.,-0.420367539716372,0.907353917472562));
#2643=DIRECTION('',(0.,-0.907353917472562,-0.420367539716372));
#2644=DIRECTION('',(1.,0.,0.));
#2645=DIRECTION('',(0.,-0.907353917472562,-0.420367539716372));
#2646=DIRECTION('',(0.,-0.0642070159593189,0.997936600742552));
#2647=DIRECTION('',(0.,-0.997936600742552,-0.0642070159593189));
#2648=DIRECTION('',(1.,0.,0.));
#2649=DIRECTION('',(0.,-0.997936600742552,-0.0642070159593189));
#2650=DIRECTION('',(0.,0.300625021086397,0.953742416324661));
#2651=DIRECTION('',(0.,-0.953742416324661,0.300625021086397));
#2652=DIRECTION('',(1.,0.,0.));
#2653=DIRECTION('',(0.,-0.953742416324661,0.300625021086397));
#2654=DIRECTION('',(0.,0.624855983213644,0.780740033712958));
#2655=DIRECTION('',(0.,-0.780740033712958,0.624855983213644));
#2656=DIRECTION('',(1.,0.,0.));
#2657=DIRECTION('',(0.,-0.780740033712958,0.624855983213644));
#2658=DIRECTION('',(0.,0.864696682361356,0.502294383318453));
#2659=DIRECTION('',(0.,-0.502294383318453,0.864696682361356));
#2660=DIRECTION('',(1.,0.,0.));
#2661=DIRECTION('',(0.,-0.502294383318453,0.864696682361356));
#2662=DIRECTION('',(0.,0.98775530310645,0.156011093147519));
#2663=DIRECTION('',(0.,-0.156011093147519,0.987755303106451));
#2664=DIRECTION('',(1.,0.,0.));
#2665=DIRECTION('',(0.,-0.156011093147519,0.987755303106451));
#2666=DIRECTION('',(0.,0.97741209682593,-0.211342359640323));
#2667=DIRECTION('',(0.,0.211342359640323,0.97741209682593));
#2668=DIRECTION('',(1.,0.,0.));
#2669=DIRECTION('',(0.,0.211342359640323,0.97741209682593));
#2670=DIRECTION('',(0.,0.835063970841683,-0.55015285567024));
#2671=DIRECTION('',(0.,0.55015285567024,0.835063970841684));
#2672=DIRECTION('',(1.,0.,0.));
#2673=DIRECTION('',(0.,0.55015285567024,0.835063970841684));
#2674=DIRECTION('',(0.,0.579935828346056,-0.814662160039714));
#2675=DIRECTION('',(0.,0.814662160039715,0.579935828346056));
#2676=DIRECTION('',(0.,0.814662160039715,0.579935828346056));
#2677=DIRECTION('',(-1.,0.,0.));
#2678=DIRECTION('',(0.,-1.,0.));
#2679=DIRECTION('',(-1.,0.,0.));
#2680=DIRECTION('',(0.,0.,1.));
#2681=DIRECTION('',(-1.,0.,0.));
#2682=DIRECTION('',(0.,0.,1.));
#2683=DIRECTION('',(-1.,0.,0.));
#2684=DIRECTION('',(0.,0.,1.));
#2685=DIRECTION('',(-1.,0.,0.));
#2686=DIRECTION('',(0.,0.,1.));
#2687=DIRECTION('',(-1.,0.,0.));
#2688=DIRECTION('',(0.,0.,1.));
#2689=DIRECTION('',(-1.,0.,0.));
#2690=DIRECTION('',(0.,0.,1.));
#2691=DIRECTION('',(-1.,0.,0.));
#2692=DIRECTION('',(0.,0.,1.));
#2693=DIRECTION('',(1.,0.,0.));
#2694=DIRECTION('',(1.,0.,0.));
#2695=DIRECTION('',(1.,0.,0.));
#2696=DIRECTION('',(0.,0.,-1.));
#2697=DIRECTION('',(-1.,0.,0.));
#2698=DIRECTION('',(0.,0.,1.));
#2699=DIRECTION('',(-1.,0.,0.));
#2700=DIRECTION('',(0.,-1.,0.));
#2701=DIRECTION('',(-1.,0.,0.));
#2702=DIRECTION('',(0.,0.,1.));
#2703=DIRECTION('',(-1.,0.,0.));
#2704=DIRECTION('',(0.,0.,1.));
#2705=DIRECTION('',(-1.,0.,0.));
#2706=DIRECTION('',(0.,0.,1.));
#2707=DIRECTION('',(-1.,0.,0.));
#2708=DIRECTION('',(0.,0.,1.));
#2709=DIRECTION('',(-1.,0.,0.));
#2710=DIRECTION('',(0.,0.,1.));
#2711=DIRECTION('',(-1.,0.,0.));
#2712=DIRECTION('',(0.,0.,1.));
#2713=DIRECTION('',(-1.,0.,0.));
#2714=DIRECTION('',(0.,0.,1.));
#2715=DIRECTION('',(-1.,0.,0.));
#2716=DIRECTION('',(0.,0.,1.));
#2717=DIRECTION('',(-1.,0.,0.));
#2718=DIRECTION('',(0.,0.,1.));
#2719=DIRECTION('',(-1.,0.,0.));
#2720=DIRECTION('',(0.,-1.,0.));
#2721=DIRECTION('',(-1.,0.,0.));
#2722=DIRECTION('',(0.,-1.,0.));
#2723=DIRECTION('',(-1.,0.,0.));
#2724=DIRECTION('',(0.,0.,1.));
#2725=DIRECTION('',(-1.,0.,0.));
#2726=DIRECTION('',(0.,0.,1.));
#2727=DIRECTION('',(-1.,0.,0.));
#2728=DIRECTION('',(0.,0.,1.));
#2729=DIRECTION('',(-1.,0.,0.));
#2730=DIRECTION('',(0.,0.,1.));
#2731=DIRECTION('',(-1.,0.,0.));
#2732=DIRECTION('',(0.,0.,1.));
#2733=DIRECTION('',(-1.,0.,0.));
#2734=DIRECTION('',(0.,0.,1.));
#2735=DIRECTION('',(-1.,0.,0.));
#2736=DIRECTION('',(0.,0.,1.));
#2737=DIRECTION('',(-1.,0.,0.));
#2738=DIRECTION('',(0.,0.,1.));
#2739=DIRECTION('',(-1.,0.,0.));
#2740=DIRECTION('',(0.,0.,1.));
#2741=DIRECTION('',(0.,0.,1.));
#2742=DIRECTION('',(1.,0.,0.));
#2743=DIRECTION('',(1.,0.,0.));
#2744=DIRECTION('',(0.,0.,-1.));
#2745=DIRECTION('',(-1.,0.,0.));
#2746=DIRECTION('',(0.,0.,1.));
#2747=DIRECTION('',(-1.,0.,0.));
#2748=DIRECTION('',(0.,0.,1.));
#2749=DIRECTION('',(-1.,0.,0.));
#2750=DIRECTION('',(0.,-1.,0.));
#2751=DIRECTION('',(-1.,0.,0.));
#2752=DIRECTION('',(0.,-1.,0.));
#2753=DIRECTION('',(0.,1.,0.));
#2754=DIRECTION('',(0.,0.,1.));
#2755=DIRECTION('',(0.,1.,0.));
#2756=DIRECTION('',(0.,0.,1.));
#2757=DIRECTION('',(0.,-1.,0.));
#2758=DIRECTION('',(0.,0.,-1.));
#2759=DIRECTION('',(0.,-1.,0.));
#2760=DIRECTION('',(1.,0.,0.));
#2761=DIRECTION('',(0.,-1.,0.));
#2762=DIRECTION('',(0.,0.,-1.));
#2763=DIRECTION('',(0.,1.,0.));
#2764=DIRECTION('',(0.,0.,1.));
#2765=DIRECTION('',(0.,1.,0.));
#2766=DIRECTION('',(-1.,0.,0.));
#2767=DIRECTION('',(0.,0.,1.));
#2768=DIRECTION('',(1.,0.,0.));
#2769=DIRECTION('',(0.,0.,1.));
#2770=DIRECTION('',(1.,0.,0.));
#2771=DIRECTION('',(1.,0.,0.));
#2772=DIRECTION('',(-2.08166817117217E-16,-1.,0.));
#2773=DIRECTION('',(1.,0.,0.));
#2774=DIRECTION('',(-2.08166817117217E-16,-1.,0.));
#2775=DIRECTION('',(-1.,0.,0.));
#2776=DIRECTION('',(-3.85494105772624E-17,-1.,0.));
#2777=DIRECTION('',(-1.,0.,0.));
#2778=DIRECTION('',(-3.85494105772624E-17,-1.,0.));
#2779=DIRECTION('',(0.,0.,1.));
#2780=DIRECTION('',(1.,0.,0.));
#2781=DIRECTION('',(1.,0.,0.));
#2782=DIRECTION('',(-2.08166817117217E-16,-1.,0.));
#2783=DIRECTION('',(1.,0.,0.));
#2784=DIRECTION('',(-2.08166817117217E-16,-1.,0.));
#2785=DIRECTION('',(-3.85494105772624E-17,-1.,0.));
#2786=DIRECTION('',(-1.,0.,0.));
#2787=DIRECTION('',(-3.85494105772624E-17,-1.,0.));
#2788=DIRECTION('',(-1.,0.,0.));
#2789=DIRECTION('',(0.,1.,0.));
#2790=DIRECTION('',(0.,0.,1.));
#2791=DIRECTION('',(0.,0.,-1.));
#2792=DIRECTION('',(0.,0.,-1.));
#2793=DIRECTION('',(1.,-2.08166817117217E-16,0.));
#2794=DIRECTION('',(2.08166817117217E-16,1.,0.));
#2795=DIRECTION('',(0.,0.,-1.));
#2796=DIRECTION('',(1.,-2.08166817117217E-16,0.));
#2797=DIRECTION('',(2.08166817117217E-16,1.,0.));
#2798=DIRECTION('',(0.,0.,-1.));
#2799=DIRECTION('',(-1.,3.85494105772624E-17,0.));
#2800=DIRECTION('',(-3.85494105772624E-17,-1.,0.));
#2801=DIRECTION('',(0.,0.,1.));
#2802=DIRECTION('',(0.,0.,1.));
#2803=DIRECTION('',(0.,1.,0.));
#2804=DIRECTION('',(0.,0.,1.));
#2805=DIRECTION('',(0.,0.,1.));
#2806=DIRECTION('',(-1.,3.85494105772624E-17,0.));
#2807=DIRECTION('',(-3.85494105772624E-17,-1.,0.));
#2808=DIRECTION('',(0.,0.,1.));
#2809=DIRECTION('',(0.,1.,0.));
#2810=DIRECTION('',(0.,0.,1.));
#2811=DIRECTION('',(0.,1.,0.));
#2812=DIRECTION('',(0.,0.,1.));
#2813=CARTESIAN_POINT('',(0.,0.,0.));
#2814=CARTESIAN_POINT('',(0.00569247555489421,-0.064516214946215,0.00687765675025693));
#2815=CARTESIAN_POINT('',(0.00341247555489421,-0.064516214946215,0.00687765675025693));
#2816=CARTESIAN_POINT('',(0.00341247555489421,-0.0644484884867483,0.00679804241702716));
#2817=CARTESIAN_POINT('',(0.00341247555489421,-0.0645839414056817,0.0069572710834867));
#2818=CARTESIAN_POINT('',(0.00569247555489421,-0.0644484884867483,0.00679804241702716));
#2819=CARTESIAN_POINT('',(0.00569247555489421,-0.0644484884867483,0.00679804241702716));
#2820=CARTESIAN_POINT('',(0.00569247555489421,-0.064516214946215,0.00687765675025693));
#2821=CARTESIAN_POINT('',(0.00569247555489421,-0.0645839414056817,0.00695727108348671));
#2822=CARTESIAN_POINT('',(0.00569247555489421,-0.0645839414056817,0.00695727108348671));
#2823=CARTESIAN_POINT('',(0.00569247555489421,-0.0646781946717284,0.00700245556320111));
#2824=CARTESIAN_POINT('',(0.00341247555489421,-0.0646781946717284,0.00700245556320111));
#2825=CARTESIAN_POINT('',(0.00341247555489421,-0.064772447937775,0.00704764004291551));
#2826=CARTESIAN_POINT('',(0.00569247555489421,-0.0646781946717284,0.00700245556320111));
#2827=CARTESIAN_POINT('',(0.00569247555489421,-0.064772447937775,0.00704764004291551));
#2828=CARTESIAN_POINT('',(0.00569247555489421,-0.064772447937775,0.00704764004291551));
#2829=CARTESIAN_POINT('',(0.00569247555489421,-0.0648769307644381,0.0070505818620838));
#2830=CARTESIAN_POINT('',(0.00341247555489421,-0.0648769307644381,0.0070505818620838));
#2831=CARTESIAN_POINT('',(0.00341247555489421,-0.0649814135911011,0.0070535236812521));
#2832=CARTESIAN_POINT('',(0.00569247555489421,-0.0648769307644381,0.0070505818620838));
#2833=CARTESIAN_POINT('',(0.00569247555489421,-0.0649814135911011,0.00705352368125209));
#2834=CARTESIAN_POINT('',(0.00569247555489421,-0.0649814135911011,0.00705352368125209));
#2835=CARTESIAN_POINT('',(0.00569247555489421,-0.0648370865457221,0.00658519751756852));
#2836=CARTESIAN_POINT('',(0.00569247555489421,-0.0650780599484539,0.00701371417261449));
#2837=CARTESIAN_POINT('',(0.00569247555489421,-0.0651747063058066,0.00697390466397688));
#2838=CARTESIAN_POINT('',(0.00569247555489421,-0.0644189993539788,0.00669776427177093));
#2839=CARTESIAN_POINT('',(0.00569247555489421,-0.0643895102212094,0.0065974861265147));
#2840=CARTESIAN_POINT('',(0.00569247555489421,-0.0644033573540934,0.00649388317154519));
#2841=CARTESIAN_POINT('',(0.00569247555489421,-0.0644172044869774,0.0063902802165757));
#2842=CARTESIAN_POINT('',(0.00569247555489421,-0.064471993590442,0.00630126634401042));
#2843=CARTESIAN_POINT('',(0.00569247555489421,-0.0645267826939066,0.00621225247144514));
#2844=CARTESIAN_POINT('',(0.00569247555489421,-0.0646130402342194,0.00615321898851629));
#2845=CARTESIAN_POINT('',(0.00569247555489421,-0.0646992977745322,0.00609418550558744));
#2846=CARTESIAN_POINT('',(0.00569247555489421,-0.0648021090393479,0.00607533983779577));
#2847=CARTESIAN_POINT('',(0.00569247555489421,-0.0649049203041636,0.00605649417000409));
#2848=CARTESIAN_POINT('',(0.00569247555489421,-0.0650065082917846,0.00608109490451828));
#2849=CARTESIAN_POINT('',(0.00569247555489421,-0.0651080962794056,0.00610569563903247));
#2850=CARTESIAN_POINT('',(0.00569247555489421,-0.0651908955038743,0.00616948908536438));
#2851=CARTESIAN_POINT('',(0.00569247555489421,-0.0652736947283431,0.00623328253169627));
#2852=CARTESIAN_POINT('',(0.00569247555489421,-0.0653233884515415,0.00632523822342983));
#2853=CARTESIAN_POINT('',(0.00569247555489421,-0.06537308217474,0.0064171939151634));
#2854=CARTESIAN_POINT('',(0.00569247555489421,-0.0653810779004738,0.00652141187780665));
#2855=CARTESIAN_POINT('',(0.00569247555489421,-0.0653890736262077,0.0066256298404499));
#2856=CARTESIAN_POINT('',(0.00569247555489421,-0.0653539888208587,0.00672408984147136));
#2857=CARTESIAN_POINT('',(0.00569247555489421,-0.0653189040155097,0.00682254984249283));
#2858=CARTESIAN_POINT('',(0.00569247555489421,-0.0652468051606582,0.00689822725323486));
#2859=CARTESIAN_POINT('',(0.00569247555489421,-0.0652468051606582,0.00689822725323486));
#2860=CARTESIAN_POINT('',(0.00334247555489421,-0.0652468051606582,0.00689822725323486));
#2861=CARTESIAN_POINT('',(0.00334247555489421,-0.0653189040155097,0.00682254984249283));
#2862=CARTESIAN_POINT('',(0.00334247555489421,-0.0651747063058066,0.00697390466397688));
#2863=CARTESIAN_POINT('',(0.00569247555489421,-0.0651747063058066,0.00697390466397688));
#2864=CARTESIAN_POINT('',(0.00569247555489421,-0.0653189040155097,0.00682254984249283));
#2865=CARTESIAN_POINT('',(0.00569247555489421,-0.0653539888208587,0.00672408984147136));
#2866=CARTESIAN_POINT('',(0.00334247555489421,-0.0653539888208587,0.00672408984147136));
#2867=CARTESIAN_POINT('',(0.00334247555489421,-0.0653890736262077,0.0066256298404499));
#2868=CARTESIAN_POINT('',(0.00569247555489421,-0.0653890736262077,0.0066256298404499));
#2869=CARTESIAN_POINT('',(0.00569247555489421,-0.0653810779004738,0.00652141187780665));
#2870=CARTESIAN_POINT('',(0.00334247555489421,-0.0653810779004738,0.00652141187780665));
#2871=CARTESIAN_POINT('',(0.00334247555489421,-0.06537308217474,0.0064171939151634));
#2872=CARTESIAN_POINT('',(0.00569247555489421,-0.06537308217474,0.0064171939151634));
#2873=CARTESIAN_POINT('',(0.00569247555489421,-0.0653233884515415,0.00632523822342983));
#2874=CARTESIAN_POINT('',(0.00334247555489421,-0.0653233884515415,0.00632523822342983));
#2875=CARTESIAN_POINT('',(0.00334247555489421,-0.0652736947283431,0.00623328253169627));
#2876=CARTESIAN_POINT('',(0.00569247555489421,-0.0652736947283431,0.00623328253169627));
#2877=CARTESIAN_POINT('',(0.00569247555489421,-0.0651908955038743,0.00616948908536438));
#2878=CARTESIAN_POINT('',(0.00334247555489421,-0.0651908955038743,0.00616948908536438));
#2879=CARTESIAN_POINT('',(0.00334247555489421,-0.0651080962794056,0.00610569563903247));
#2880=CARTESIAN_POINT('',(0.00569247555489421,-0.0651080962794056,0.00610569563903247));
#2881=CARTESIAN_POINT('',(0.00569247555489421,-0.0650065082917846,0.00608109490451828));
#2882=CARTESIAN_POINT('',(0.00334247555489421,-0.0650065082917846,0.00608109490451828));
#2883=CARTESIAN_POINT('',(0.00334247555489421,-0.0649049203041636,0.00605649417000409));
#2884=CARTESIAN_POINT('',(0.00569247555489421,-0.0649049203041636,0.00605649417000409));
#2885=CARTESIAN_POINT('',(0.00569247555489421,-0.0648021090393479,0.00607533983779577));
#2886=CARTESIAN_POINT('',(0.00334247555489421,-0.0648021090393479,0.00607533983779577));
#2887=CARTESIAN_POINT('',(0.00334247555489421,-0.0646992977745322,0.00609418550558744));
#2888=CARTESIAN_POINT('',(0.00569247555489421,-0.0646992977745322,0.00609418550558744));
#2889=CARTESIAN_POINT('',(0.00569247555489421,-0.0646130402342194,0.00615321898851629));
#2890=CARTESIAN_POINT('',(0.00334247555489421,-0.0646130402342194,0.00615321898851629));
#2891=CARTESIAN_POINT('',(0.00334247555489421,-0.0645267826939066,0.00621225247144515));
#2892=CARTESIAN_POINT('',(0.00569247555489421,-0.0645267826939066,0.00621225247144514));
#2893=CARTESIAN_POINT('',(0.00569247555489421,-0.064471993590442,0.00630126634401042));
#2894=CARTESIAN_POINT('',(0.00334247555489421,-0.064471993590442,0.00630126634401042));
#2895=CARTESIAN_POINT('',(0.00334247555489421,-0.0644172044869774,0.0063902802165757));
#2896=CARTESIAN_POINT('',(0.00569247555489421,-0.0644172044869774,0.0063902802165757));
#2897=CARTESIAN_POINT('',(0.00569247555489421,-0.0644033573540934,0.00649388317154519));
#2898=CARTESIAN_POINT('',(0.00334247555489421,-0.0644033573540934,0.00649388317154519));
#2899=CARTESIAN_POINT('',(0.00334247555489421,-0.0643895102212094,0.0065974861265147));
#2900=CARTESIAN_POINT('',(0.00569247555489421,-0.0643895102212094,0.0065974861265147));
#2901=CARTESIAN_POINT('',(0.00569247555489421,-0.0644189993539788,0.00669776427177093));
#2902=CARTESIAN_POINT('',(0.00341247555489421,-0.0644189993539788,0.00669776427177093));
#2903=CARTESIAN_POINT('',(0.00341247555489421,-0.0643978224414182,0.00662575192978589));
#2904=CARTESIAN_POINT('',(0.00341247555489421,-0.0643978224414182,0.00662575192978587));
#2905=CARTESIAN_POINT('',(0.00334247555489421,-0.0643978224414182,0.00662575192978589));
#2906=CARTESIAN_POINT('',(0.00334247555489421,-0.0644189993539788,0.00669776427177093));
#2907=CARTESIAN_POINT('',(0.00569247555489421,-0.0650780599484539,0.00701371417261449));
#2908=CARTESIAN_POINT('',(0.00334247555489421,-0.0650780599484539,0.00701371417261449));
#2909=CARTESIAN_POINT('',(0.00334247555489421,-0.0650860062126311,0.00701044103453599));
#2910=CARTESIAN_POINT('',(0.00341247555489421,-0.0650860062126311,0.00701044103453599));
#2911=CARTESIAN_POINT('',(0.00341247555489421,-0.0650860062126311,0.00701044103453599));
#2912=CARTESIAN_POINT('',(0.00341247555489421,-0.0650780599484539,0.00701371417261449));
#2913=CARTESIAN_POINT('',(0.00334247555489421,-0.0622166680266782,0.00658311683323674));
#2914=CARTESIAN_POINT('',(0.00334247555489421,-0.0648305818320653,0.00665947608649731));
#2915=CARTESIAN_POINT('',(0.00341247555489421,-0.0648305818320653,0.00665947608649731));
#2916=CARTESIAN_POINT('',(0.00341247555489421,-0.0648305818320653,0.00665947608649731));
#2917=CARTESIAN_POINT('',(0.00341247555489421,-0.0648305818320653,0.00665947608649731));
#2918=CARTESIAN_POINT('',(0.00271247555489421,-0.0648305818320653,0.00665947608649731));
#2919=CARTESIAN_POINT('',(0.00271247555489421,-0.0648305818320653,0.00709354751948871));
#2920=CARTESIAN_POINT('',(0.00634247555489421,-0.0633561121758459,0.0065));
#2921=CARTESIAN_POINT('',(0.00634247555489421,-0.064831963684653,0.0065829519347641));
#2922=CARTESIAN_POINT('',(0.00634247555489421,-0.0635564957964008,0.00588349311228885));
#2923=CARTESIAN_POINT('',(0.00634247555489421,-0.0634826307444295,0.00712642373231092));
#2924=CARTESIAN_POINT('',(0.00634247555489421,-0.0631147611619649,0.00648090178687944));
#2925=CARTESIAN_POINT('',(0.00634247555489421,-0.0629673466338849,0.0067999780392454));
#2926=CARTESIAN_POINT('',(0.00634247555489421,-0.0630615392592649,0.00674725331389667));
#2927=CARTESIAN_POINT('',(0.00634247555489421,-0.0628731540085049,0.00685270276459414));
#2928=CARTESIAN_POINT('',(0.00634247555489421,-0.0630998041963417,0.0066463179785102));
#2929=CARTESIAN_POINT('',(0.00634247555489421,-0.0631380691334186,0.00654538264312372));
#2930=CARTESIAN_POINT('',(0.00634247555489421,-0.0631025017928666,0.00644346546289815));
#2931=CARTESIAN_POINT('',(0.00634247555489421,-0.0630669344523146,0.00634154828267257));
#2932=CARTESIAN_POINT('',(0.00634247555489421,-0.062974177188065,0.00628633743891871));
#2933=CARTESIAN_POINT('',(0.00634247555489421,-0.0628814199238155,0.00623112659516487));
#2934=CARTESIAN_POINT('',(0.00634247555489421,-0.0627748748906929,0.00624845585527535));
#2935=CARTESIAN_POINT('',(0.00634247555489421,-0.0626683298575703,0.00626578511538584));
#2936=CARTESIAN_POINT('',(0.00634247555489421,-0.0625978506606888,0.0063475459259617));
#2937=CARTESIAN_POINT('',(0.00634247555489421,-0.0625273714638074,0.00642930673653755));
#2938=CARTESIAN_POINT('',(0.00634247555489421,-0.062525936102677,0.00653724230564014));
#2939=CARTESIAN_POINT('',(0.00634247555489421,-0.0625245007415465,0.00664517787474272));
#2940=CARTESIAN_POINT('',(0.00634247555489421,-0.0625927808375923,0.00672878395001871));
#2941=CARTESIAN_POINT('',(0.00634247555489421,-0.0626610609336381,0.00681239002529469));
#2942=CARTESIAN_POINT('',(0.00634247555489421,-0.0627671074710715,0.00683254639494442));
#2943=CARTESIAN_POINT('',(0.00634247555489421,-0.0647297455749089,0.00742678335041556));
#2944=CARTESIAN_POINT('',(0.00634247555489421,-0.0648874850041916,0.00744589122669788));
#2945=CARTESIAN_POINT('',(0.00634247555489421,-0.0645720061456261,0.00740767547413324));
#2946=CARTESIAN_POINT('',(0.00634247555489421,-0.0650414752025454,0.00740672673643652));
#2947=CARTESIAN_POINT('',(0.00634247555489421,-0.0651954654008992,0.00736756224617516));
#2948=CARTESIAN_POINT('',(0.00634247555489421,-0.0653249091387471,0.00727541477079786));
#2949=CARTESIAN_POINT('',(0.00634247555489421,-0.0654543528765951,0.00718326729542055));
#2950=CARTESIAN_POINT('',(0.00634247555489421,-0.0655417680598684,0.00705058186208381));
#2951=CARTESIAN_POINT('',(0.00634247555489421,-0.0656291832431417,0.00691789642874706));
#2952=CARTESIAN_POINT('',(0.00634247555489421,-0.065662763966955,0.00676259294045835));
#2953=CARTESIAN_POINT('',(0.00634247555489421,-0.0656963446907684,0.00660728945216964));
#2954=CARTESIAN_POINT('',(0.00634247555489421,-0.0656715556922935,0.00645034250558872));
#2955=CARTESIAN_POINT('',(0.00634247555489421,-0.0656467666938186,0.00629339555900778));
#2956=CARTESIAN_POINT('',(0.00634247555489421,-0.0655669558646601,0.00615600170894344));
#2957=CARTESIAN_POINT('',(0.00634247555489421,-0.0654871450355017,0.00601860785887908));
#2958=CARTESIAN_POINT('',(0.00634247555489421,-0.0653630912703846,0.00591932290610809));
#2959=CARTESIAN_POINT('',(0.00634247555489421,-0.0652390375052675,0.00582003795333711));
#2960=CARTESIAN_POINT('',(0.00634247555489421,-0.0650874949525764,0.00577227088088814));
#2961=CARTESIAN_POINT('',(0.00634247555489421,-0.0649359523998854,0.00572450380843917));
#2962=CARTESIAN_POINT('',(0.00634247555489421,-0.0647773877210876,0.00573470582413293));
#2963=CARTESIAN_POINT('',(0.00634247555489421,-0.0646188230422898,0.0057449078398267));
#2964=CARTESIAN_POINT('',(0.00634247555489421,-0.0644746512758941,0.00581170110491242));
#2965=CARTESIAN_POINT('',(0.00634247555489421,-0.0643304795094984,0.00587849436999815));
#2966=CARTESIAN_POINT('',(0.00634247555489421,-0.0642201718514399,0.00599285808391176));
#2967=CARTESIAN_POINT('',(0.00634247555489421,-0.0641098641933814,0.00610722179782538));
#2968=CARTESIAN_POINT('',(0.00634247555489421,-0.0640483183041167,0.00625371050729161));
#2969=CARTESIAN_POINT('',(0.00634247555489421,-0.063986772414852,0.00640019921675785));
#2970=CARTESIAN_POINT('',(0.00634247555489421,-0.0639823004077639,0.00655902880984136));
#2971=CARTESIAN_POINT('',(0.00634247555489421,-0.0639778284006758,0.00671785840292485));
#2972=CARTESIAN_POINT('',(0.00634247555489421,-0.0640310342451017,0.00686757806297452));
#2973=CARTESIAN_POINT('',(0.00634247555489421,-0.0640842400895276,0.0070172977230242));
#2974=CARTESIAN_POINT('',(0.00634247555489421,-0.0641879380413541,0.00713768698032506));
#2975=CARTESIAN_POINT('',(0.00634247555489421,-0.0642916359931807,0.00725807623762591));
#2976=CARTESIAN_POINT('',(0.00634247555489421,-0.0644318210694034,0.00733287585587958));
#2977=CARTESIAN_POINT('',(0.0113424755548942,-0.0636757294041469,0.01));
#2978=CARTESIAN_POINT('',(0.0113424755548942,-0.0681909288583873,0.0062703789945945));
#2979=CARTESIAN_POINT('',(0.0113424755548942,-0.0681909288583873,0.00760615569849201));
#2980=CARTESIAN_POINT('',(0.0113424755548942,-0.0636757294041469,0.01));
#2981=CARTESIAN_POINT('',(0.0113424755548942,-0.0696773513609562,0.01));
#2982=CARTESIAN_POINT('',(0.0113424755548942,-0.0666774254029936,0.01));
#2983=CARTESIAN_POINT('',(0.0113424755548942,-0.0666774254029936,0.00644734914118352));
#2984=CARTESIAN_POINT('',(0.0113424755548942,-0.0666774254029936,0.003));
#2985=CARTESIAN_POINT('',(0.0113424755548942,-0.0636757294041469,0.003));
#2986=CARTESIAN_POINT('',(0.0113424755548942,-0.0696773513609562,0.003));
#2987=CARTESIAN_POINT('',(0.0113424755548942,-0.0696773513609562,0.01));
#2988=CARTESIAN_POINT('',(0.000949480878709476,-0.0463474613417887,0.003));
#2989=CARTESIAN_POINT('',(0.000949480878709476,-0.0666774254029936,0.003));
#2990=CARTESIAN_POINT('',(0.00834247555489421,-0.0666774254029936,0.003));
#2991=CARTESIAN_POINT('',(0.00834247555489421,-0.0463474613417887,0.003));
#2992=CARTESIAN_POINT('',(0.00834247555489421,-0.0600347989486983,0.003));
#2993=CARTESIAN_POINT('',(0.000949480878709476,-0.0600347989486983,0.003));
#2994=CARTESIAN_POINT('',(0.0113424755548942,-0.0600347989486983,0.003));
#2995=CARTESIAN_POINT('',(0.0113424755548942,-0.0636757294041469,0.003));
#2996=CARTESIAN_POINT('',(0.0113424755548942,-0.0576741074473376,0.003));
#2997=CARTESIAN_POINT('',(0.0116634020240025,-0.0576741074473376,0.003));
#2998=CARTESIAN_POINT('',(0.0119843284931109,-0.0576741074473376,0.003));
#2999=CARTESIAN_POINT('',(0.0119843284931109,-0.0463474613417887,0.003));
#3000=CARTESIAN_POINT('',(0.0119843284931109,-0.0387511243249731,0.003));
#3001=CARTESIAN_POINT('',(0.000949480878709476,-0.0387511243249731,0.003));
#3002=CARTESIAN_POINT('',(-0.0100853667356919,-0.0387511243249731,0.003));
#3003=CARTESIAN_POINT('',(-0.0100853667356919,-0.0463474613417887,0.003));
#3004=CARTESIAN_POINT('',(-0.0100853667356919,-0.0789437983586044,0.003));
#3005=CARTESIAN_POINT('',(0.000949480878709476,-0.0789437983586044,0.003));
#3006=CARTESIAN_POINT('',(0.0119843284931109,-0.0789437983586044,0.003));
#3007=CARTESIAN_POINT('',(0.0119843284931109,-0.0463474613417887,0.003));
#3008=CARTESIAN_POINT('',(0.0119843284931109,-0.0696773513609562,0.003));
#3009=CARTESIAN_POINT('',(0.0116634020240025,-0.0696773513609562,0.003));
#3010=CARTESIAN_POINT('',(-0.00333960917458961,-0.0460803293926254,0.003));
#3011=CARTESIAN_POINT('',(-0.00333960917458961,-0.0429074160196782,0.003));
#3012=CARTESIAN_POINT('',(-0.00333960917458961,-0.0492532427655726,0.003));
#3013=CARTESIAN_POINT('',(0.,-0.0429074160196782,0.003));
#3014=CARTESIAN_POINT('',(0.00333960917458961,-0.0429074160196782,0.003));
#3015=CARTESIAN_POINT('',(0.00333960917458961,-0.0460803293926254,0.003));
#3016=CARTESIAN_POINT('',(0.00333960917458961,-0.0492532427655726,0.003));
#3017=CARTESIAN_POINT('',(0.,-0.0492532427655726,0.003));
#3018=CARTESIAN_POINT('',(0.000949480878709476,-0.0463474613417887,0.0045));
#3019=CARTESIAN_POINT('',(0.00333960917458961,-0.0487532427655726,0.0045));
#3020=CARTESIAN_POINT('',(-0.00283960917458961,-0.0487532427655726,0.0045));
#3021=CARTESIAN_POINT('',(0.00283960917458961,-0.0487532427655726,0.0045));
#3022=CARTESIAN_POINT('',(0.00283960917458961,-0.0463474613417887,0.0045));
#3023=CARTESIAN_POINT('',(0.00283960917458961,-0.0434074160196782,0.0045));
#3024=CARTESIAN_POINT('',(0.000949480878709476,-0.0434074160196782,0.0045));
#3025=CARTESIAN_POINT('',(-0.00283960917458961,-0.0434074160196782,0.0045));
#3026=CARTESIAN_POINT('',(-0.00283960917458961,-0.0492532427655726,0.0045));
#3027=CARTESIAN_POINT('',(-0.0015,-0.0459883433473295,0.0045));
#3028=CARTESIAN_POINT('',(-0.0015,-0.0434883433473295,0.0045));
#3029=CARTESIAN_POINT('',(-0.0015,-0.0484883433473295,0.0045));
#3030=CARTESIAN_POINT('',(3.46944695195361E-18,-0.0434883433473295,0.0045));
#3031=CARTESIAN_POINT('',(0.0015,-0.0434883433473295,0.0045));
#3032=CARTESIAN_POINT('',(0.0015,-0.0459883433473295,0.0045));
#3033=CARTESIAN_POINT('',(0.0015,-0.0484883433473295,0.0045));
#3034=CARTESIAN_POINT('',(2.60208521396521E-18,-0.0484883433473295,0.0045));
#3035=CARTESIAN_POINT('',(-0.0100853667356919,-0.0463474613417887,0.003));
#3036=CARTESIAN_POINT('',(-0.0100853667356919,-0.0463474613417887,0.));
#3037=CARTESIAN_POINT('',(-0.0100853667356919,-0.0789437983586044,0.));
#3038=CARTESIAN_POINT('',(-0.0100853667356919,-0.0387511243249731,0.));
#3039=CARTESIAN_POINT('',(-0.0100853667356919,-0.0789437983586044,0.003));
#3040=CARTESIAN_POINT('',(-0.0100853667356919,-0.0387511243249731,0.003));
#3041=CARTESIAN_POINT('',(0.0119843284931109,-0.0463474613417887,0.003));
#3042=CARTESIAN_POINT('',(0.0119843284931109,-0.0681909288583873,0.0062703789945945));
#3043=CARTESIAN_POINT('',(0.0119843284931109,-0.0681909288583873,0.00760615569849201));
#3044=CARTESIAN_POINT('',(0.0119843284931109,-0.0587894591251272,0.00628788256047258));
#3045=CARTESIAN_POINT('',(0.0119843284931109,-0.0587894591251272,0.0073131486991681));
#3046=CARTESIAN_POINT('',(0.0119843284931109,-0.0463474613417887,0.));
#3047=CARTESIAN_POINT('',(0.0119843284931109,-0.0789437983586044,0.));
#3048=CARTESIAN_POINT('',(0.0119843284931109,-0.0387511243249731,0.));
#3049=CARTESIAN_POINT('',(0.0119843284931109,-0.0387511243249731,0.003));
#3050=CARTESIAN_POINT('',(0.0119843284931109,-0.0576741074473376,0.01));
#3051=CARTESIAN_POINT('',(0.0119843284931109,-0.0576741074473376,0.01));
#3052=CARTESIAN_POINT('',(0.0119843284931109,-0.0463474613417887,0.01));
#3053=CARTESIAN_POINT('',(0.0119843284931109,-0.0696773513609562,0.01));
#3054=CARTESIAN_POINT('',(0.0119843284931109,-0.0696773513609562,0.01));
#3055=CARTESIAN_POINT('',(0.0119843284931109,-0.0789437983586044,0.003));
#3056=CARTESIAN_POINT('',(0.000949480878709476,-0.0387511243249731,0.003));
#3057=CARTESIAN_POINT('',(0.000949480878709476,-0.0387511243249731,0.));
#3058=CARTESIAN_POINT('',(0.000949480878709476,-0.0463474613417887,0.));
#3059=CARTESIAN_POINT('',(0.000949480878709476,-0.0789437983586044,0.));
#3060=CARTESIAN_POINT('',(0.,-0.0429074160196782,0.0045));
#3061=CARTESIAN_POINT('',(-0.00333960917458961,-0.0429074160196782,0.0045));
#3062=CARTESIAN_POINT('',(-0.00333960917458961,-0.0429074160196782,0.004));
#3063=CARTESIAN_POINT('',(0.,-0.0429074160196782,0.004));
#3064=CARTESIAN_POINT('',(0.00333960917458961,-0.0429074160196782,0.004));
#3065=CARTESIAN_POINT('',(0.00333960917458961,-0.0429074160196782,0.0045));
#3066=CARTESIAN_POINT('',(-0.00333960917458961,-0.0460803293926254,0.0045));
#3067=CARTESIAN_POINT('',(-0.00333960917458961,-0.0492532427655726,0.0045));
#3068=CARTESIAN_POINT('',(-0.00333960917458961,-0.0492532427655726,0.004));
#3069=CARTESIAN_POINT('',(-0.00333960917458961,-0.0429074160196782,0.004));
#3070=CARTESIAN_POINT('',(0.,-0.0492532427655726,0.0045));
#3071=CARTESIAN_POINT('',(0.00333960917458961,-0.0492532427655726,0.0045));
#3072=CARTESIAN_POINT('',(0.00333960917458961,-0.0492532427655726,0.004));
#3073=CARTESIAN_POINT('',(-0.00333960917458961,-0.0492532427655726,0.004));
#3074=CARTESIAN_POINT('',(0.00333960917458961,-0.0460803293926254,0.0045));
#3075=CARTESIAN_POINT('',(0.00333960917458961,-0.0460803293926254,0.004));
#3076=CARTESIAN_POINT('',(3.46944695195361E-18,-0.0434883433473295,0.0075));
#3077=CARTESIAN_POINT('',(0.,-0.0434883433473295,0.00604468800031027));
#3078=CARTESIAN_POINT('',(0.,-0.0434883433473295,0.00709468800031027));
#3079=CARTESIAN_POINT('',(3.46944695195361E-18,-0.0434883433473295,0.0075));
#3080=CARTESIAN_POINT('',(-0.000461888168179566,-0.0434883433473295,0.0075));
#3081=CARTESIAN_POINT('',(0.000461888168179572,-0.0434883433473295,0.0075));
#3082=CARTESIAN_POINT('',(0.000461888168179572,-0.0434883433473295,0.00646188816817957));
#3083=CARTESIAN_POINT('',(0.0015,-0.0434883433473295,0.00646188816817957));
#3084=CARTESIAN_POINT('',(0.0015,-0.0434883433473295,0.0075));
#3085=CARTESIAN_POINT('',(-0.0015,-0.0434883433473295,0.0075));
#3086=CARTESIAN_POINT('',(-0.0015,-0.0434883433473295,0.00646188816817957));
#3087=CARTESIAN_POINT('',(-0.000461888168179566,-0.0434883433473295,0.00646188816817957));
#3088=CARTESIAN_POINT('',(-0.0015,-0.0459883433473295,0.0075));
#3089=CARTESIAN_POINT('',(-0.0015,-0.0484883433473295,0.0075));
#3090=CARTESIAN_POINT('',(-0.0015,-0.0484883433473295,0.00646188816817957));
#3091=CARTESIAN_POINT('',(-0.0015,-0.0434883433473295,0.00646188816817957));
#3092=CARTESIAN_POINT('',(2.60208521396521E-18,-0.0484883433473295,0.0075));
#3093=CARTESIAN_POINT('',(0.,-0.0484883433473295,0.00604468800031027));
#3094=CARTESIAN_POINT('',(0.,-0.0484883433473295,0.00499468800031027));
#3095=CARTESIAN_POINT('',(0.0015,-0.0484883433473295,0.0075));
#3096=CARTESIAN_POINT('',(0.0015,-0.0484883433473295,0.00646188816817957));
#3097=CARTESIAN_POINT('',(0.000461888168179572,-0.0484883433473295,0.00646188816817957));
#3098=CARTESIAN_POINT('',(0.000461888168179572,-0.0484883433473295,0.0075));
#3099=CARTESIAN_POINT('',(2.60208521396521E-18,-0.0484883433473295,0.0075));
#3100=CARTESIAN_POINT('',(-0.000461888168179566,-0.0484883433473295,0.0075));
#3101=CARTESIAN_POINT('',(-0.000461888168179566,-0.0484883433473295,0.00646188816817957));
#3102=CARTESIAN_POINT('',(0.0015,-0.0459883433473295,0.0075));
#3103=CARTESIAN_POINT('',(0.0015,-0.0459883433473295,0.00646188816817957));
#3104=CARTESIAN_POINT('',(0.,-0.0460803293926254,0.0075));
#3105=CARTESIAN_POINT('',(0.000461888168179572,-0.0460803293926254,0.0075));
#3106=CARTESIAN_POINT('',(-0.000461888168179566,-0.0484883433473295,0.0075));
#3107=CARTESIAN_POINT('',(0.,-0.0234883433473295,0.00604468800031027));
#3108=CARTESIAN_POINT('',(0.000461888168179572,-0.0459883433473295,0.00646188816817957));
#3109=CARTESIAN_POINT('',(-0.000461888168179566,-0.0460803293926254,0.00646188816817957));
#3110=CARTESIAN_POINT('',(-0.00283960917458961,-0.0463474613417887,0.0045));
#3111=CARTESIAN_POINT('',(-0.00157657915682324,-0.0474902127478062,0.00576303001776636));
#3112=CARTESIAN_POINT('',(-0.00185959406721945,-0.0443874311270484,0.00548001510737016));
#3113=CARTESIAN_POINT('',(0.,-0.0429074160196782,0.004));
#3114=CARTESIAN_POINT('',(0.00222640611639308,-0.0440206190778748,0.00511320305819654));
#3115=CARTESIAN_POINT('',(0.000949480878709476,-0.0487532427655726,0.0045));
#3116=CARTESIAN_POINT('',(0.00220956640929623,-0.0481232000002792,0.00513004276529338));
#3117=CARTESIAN_POINT('',(0.00333960917458961,-0.0460803293926254,0.004));
#3118=CARTESIAN_POINT('',(0.000949480878709476,-0.0789437983586044,0.0015));
#3119=CARTESIAN_POINT('',(0.0116634020240025,-0.0696773513609562,0.01));
#3120=CARTESIAN_POINT('',(0.0116634020240025,-0.0696773513609562,0.01));
#3121=CARTESIAN_POINT('',(0.0116634020240025,-0.0576741074473376,0.01));
#3122=CARTESIAN_POINT('',(0.0113424755548942,-0.0576741074473376,0.01));
#3123=CARTESIAN_POINT('',(0.0113424755548942,-0.0576741074473376,0.01));
#3124=CARTESIAN_POINT('',(0.0116634020240025,-0.0576741074473376,0.01));
#3125=CARTESIAN_POINT('',(0.0113424755548942,-0.0636757294041469,0.01));
#3126=CARTESIAN_POINT('',(0.0113424755548942,-0.0587894591251272,0.00628788256047258));
#3127=CARTESIAN_POINT('',(0.0113424755548942,-0.0587894591251272,0.0073131486991681));
#3128=CARTESIAN_POINT('',(0.0113424755548942,-0.0600347989486983,0.00644734914118352));
#3129=CARTESIAN_POINT('',(0.0113424755548942,-0.0600347989486983,0.01));
#3130=CARTESIAN_POINT('',(0.0113424755548942,-0.0636757294041469,0.01));
#3131=CARTESIAN_POINT('',(0.000949480878709476,-0.0588474613417887,0.01));
#3132=CARTESIAN_POINT('',(0.00834247555489421,-0.0600347989486983,0.01));
#3133=CARTESIAN_POINT('',(0.00834247555489421,-0.0600347989486983,0.01));
#3134=CARTESIAN_POINT('',(0.00834247555489421,-0.0636757294041469,0.01));
#3135=CARTESIAN_POINT('',(0.00834247555489421,-0.0666774254029936,0.01));
#3136=CARTESIAN_POINT('',(0.00834247555489421,-0.0666774254029936,0.01));
#3137=CARTESIAN_POINT('',(0.00834247555489421,-0.0666774254029936,0.00644734914118352));
#3138=CARTESIAN_POINT('',(0.00834247555489421,-0.0666774254029936,0.00644734914118352));
#3139=CARTESIAN_POINT('',(0.00834247555489421,-0.0600347989486983,0.00644734914118352));
#3140=CARTESIAN_POINT('',(0.00834247555489421,-0.0600347989486983,0.00644734914118352));
#3141=CARTESIAN_POINT('',(0.00834247555489421,-0.0636757294041469,0.00644734914118352));
#3142=CARTESIAN_POINT('',(0.00834247555489421,-0.0631147611619649,0.00648090178687944));
#3143=CARTESIAN_POINT('',(0.00834247555489421,-0.0633526873398923,0.00746098395721047));
#3144=CARTESIAN_POINT('',(0.00834247555489421,-0.0634670916445983,0.0055358974706188));
#3145=CARTESIAN_POINT('',(0.00834247555489421,-0.064831963684653,0.0065829519347641));
#3146=CARTESIAN_POINT('',(0.0363424755548942,-0.0587894591251272,0.00628788256047258));
#3147=CARTESIAN_POINT('',(0.0363424755548942,-0.0681909288583873,0.0062703789945945));
#3148=CARTESIAN_POINT('',(0.00634247555489421,-0.064831963684653,0.0065829519347641));
#3149=CARTESIAN_POINT('',(0.00634247555489421,-0.0633526873398923,0.00746098395721047));
#3150=CARTESIAN_POINT('',(0.00660803904675525,-0.0633526873398923,0.00746098395721047));
#3151=CARTESIAN_POINT('',(0.00660803904675525,-0.064831963684653,0.0065829519347641));
#3152=CARTESIAN_POINT('',(0.00660803904675525,-0.0634670916445983,0.0055358974706188));
#3153=CARTESIAN_POINT('',(0.00634247555489421,-0.0634670916445983,0.0055358974706188));
#3154=CARTESIAN_POINT('',(0.00634247555489421,-0.0631147611619649,0.00648090178687944));
#3155=CARTESIAN_POINT('',(0.00660803904675525,-0.0631147611619649,0.00648090178687944));
#3156=CARTESIAN_POINT('',(0.00584247555489421,-0.0629673466338849,0.0067999780392454));
#3157=CARTESIAN_POINT('',(0.00584247555489421,-0.0628731540085049,0.00685270276459414));
#3158=CARTESIAN_POINT('',(0.00584247555489421,-0.0628731540085049,0.00685270276459414));
#3159=CARTESIAN_POINT('',(0.00584247555489421,-0.0629673466338849,0.0067999780392454));
#3160=CARTESIAN_POINT('',(0.00584247555489421,-0.0630615392592649,0.00674725331389667));
#3161=CARTESIAN_POINT('',(0.00584247555489421,-0.0630615392592649,0.00674725331389667));
#3162=CARTESIAN_POINT('',(0.00584247555489421,-0.0627671074710715,0.00683254639494442));
#3163=CARTESIAN_POINT('',(0.00584247555489421,-0.0626610609336381,0.00681239002529469));
#3164=CARTESIAN_POINT('',(0.00584247555489421,-0.0626610609336381,0.00681239002529469));
#3165=CARTESIAN_POINT('',(0.00584247555489421,-0.0627671074710715,0.00683254639494442));
#3166=CARTESIAN_POINT('',(0.00584247555489421,-0.0625927808375923,0.00672878395001871));
#3167=CARTESIAN_POINT('',(0.00584247555489421,-0.0625245007415465,0.00664517787474272));
#3168=CARTESIAN_POINT('',(0.00584247555489421,-0.0625245007415465,0.00664517787474272));
#3169=CARTESIAN_POINT('',(0.00584247555489421,-0.0625927808375923,0.00672878395001871));
#3170=CARTESIAN_POINT('',(0.00584247555489421,-0.062525936102677,0.00653724230564014));
#3171=CARTESIAN_POINT('',(0.00584247555489421,-0.0625273714638074,0.00642930673653755));
#3172=CARTESIAN_POINT('',(0.00584247555489421,-0.0625273714638074,0.00642930673653755));
#3173=CARTESIAN_POINT('',(0.00584247555489421,-0.062525936102677,0.00653724230564014));
#3174=CARTESIAN_POINT('',(0.00584247555489421,-0.0625978506606888,0.0063475459259617));
#3175=CARTESIAN_POINT('',(0.00584247555489421,-0.0626683298575703,0.00626578511538584));
#3176=CARTESIAN_POINT('',(0.00584247555489421,-0.0626683298575703,0.00626578511538584));
#3177=CARTESIAN_POINT('',(0.00584247555489421,-0.0625978506606888,0.0063475459259617));
#3178=CARTESIAN_POINT('',(0.00584247555489421,-0.0627748748906929,0.00624845585527535));
#3179=CARTESIAN_POINT('',(0.00584247555489421,-0.0628814199238155,0.00623112659516487));
#3180=CARTESIAN_POINT('',(0.00584247555489421,-0.0628814199238155,0.00623112659516487));
#3181=CARTESIAN_POINT('',(0.00584247555489421,-0.0627748748906929,0.00624845585527535));
#3182=CARTESIAN_POINT('',(0.00584247555489421,-0.062974177188065,0.00628633743891871));
#3183=CARTESIAN_POINT('',(0.00584247555489421,-0.0630669344523146,0.00634154828267257));
#3184=CARTESIAN_POINT('',(0.00584247555489421,-0.0630669344523146,0.00634154828267257));
#3185=CARTESIAN_POINT('',(0.00584247555489421,-0.062974177188065,0.00628633743891871));
#3186=CARTESIAN_POINT('',(0.00584247555489421,-0.0631025017928666,0.00644346546289815));
#3187=CARTESIAN_POINT('',(0.00584247555489421,-0.0631380691334186,0.00654538264312372));
#3188=CARTESIAN_POINT('',(0.00584247555489421,-0.0631380691334186,0.00654538264312372));
#3189=CARTESIAN_POINT('',(0.00584247555489421,-0.0631025017928666,0.00644346546289815));
#3190=CARTESIAN_POINT('',(0.00584247555489421,-0.0630998041963417,0.0066463179785102));
#3191=CARTESIAN_POINT('',(0.00584247555489421,-0.0630998041963417,0.0066463179785102));
#3192=CARTESIAN_POINT('',(0.00584247555489421,-0.0643292042981203,0.0065829519347641));
#3193=CARTESIAN_POINT('',(0.00334247555489421,-0.0650414752025454,0.00740672673643652));
#3194=CARTESIAN_POINT('',(0.00334247555489421,-0.0648874850041916,0.00744589122669788));
#3195=CARTESIAN_POINT('',(0.00334247555489421,-0.0648874850041916,0.00744589122669788));
#3196=CARTESIAN_POINT('',(0.00334247555489421,-0.0650414752025454,0.00740672673643652));
#3197=CARTESIAN_POINT('',(0.00334247555489421,-0.0651954654008992,0.00736756224617517));
#3198=CARTESIAN_POINT('',(0.00334247555489421,-0.0651954654008992,0.00736756224617516));
#3199=CARTESIAN_POINT('',(0.00334247555489421,-0.0647297455749089,0.00742678335041556));
#3200=CARTESIAN_POINT('',(0.00334247555489421,-0.0645720061456261,0.00740767547413324));
#3201=CARTESIAN_POINT('',(0.00334247555489421,-0.0645720061456261,0.00740767547413324));
#3202=CARTESIAN_POINT('',(0.00334247555489421,-0.0647297455749089,0.00742678335041556));
#3203=CARTESIAN_POINT('',(0.00334247555489421,-0.0644318210694034,0.00733287585587958));
#3204=CARTESIAN_POINT('',(0.00334247555489421,-0.0642916359931807,0.00725807623762591));
#3205=CARTESIAN_POINT('',(0.00334247555489421,-0.0642916359931807,0.00725807623762591));
#3206=CARTESIAN_POINT('',(0.00334247555489421,-0.0644318210694034,0.00733287585587958));
#3207=CARTESIAN_POINT('',(0.00334247555489421,-0.0641879380413541,0.00713768698032506));
#3208=CARTESIAN_POINT('',(0.00334247555489421,-0.0640842400895276,0.0070172977230242));
#3209=CARTESIAN_POINT('',(0.00334247555489421,-0.0640842400895276,0.0070172977230242));
#3210=CARTESIAN_POINT('',(0.00334247555489421,-0.0641879380413541,0.00713768698032506));
#3211=CARTESIAN_POINT('',(0.00334247555489421,-0.0640310342451017,0.00686757806297452));
#3212=CARTESIAN_POINT('',(0.00494247555489421,-0.0640310342451017,0.00686757806297452));
#3213=CARTESIAN_POINT('',(0.00494247555489421,-0.0639884970557772,0.00674787968032785));
#3214=CARTESIAN_POINT('',(0.00494247555489421,-0.0639778284006758,0.00671785840292485));
#3215=CARTESIAN_POINT('',(0.00494247555489421,-0.0639884970557772,0.00674787968032784));
#3216=CARTESIAN_POINT('',(0.00334247555489421,-0.0639884970557772,0.00674787968032785));
#3217=CARTESIAN_POINT('',(0.00334247555489421,-0.0640310342451017,0.00686757806297452));
#3218=CARTESIAN_POINT('',(0.00334247555489421,-0.0639778284006758,0.00671785840292485));
#3219=CARTESIAN_POINT('',(0.00334247555489421,-0.0639823004077639,0.00655902880984136));
#3220=CARTESIAN_POINT('',(0.00334247555489421,-0.0639823004077639,0.00655902880984136));
#3221=CARTESIAN_POINT('',(0.00334247555489421,-0.0639820441164195,0.00656813135577613));
#3222=CARTESIAN_POINT('',(0.00334247555489421,-0.063986772414852,0.00640019921675785));
#3223=CARTESIAN_POINT('',(0.00494247555489421,-0.0639820441164195,0.00656813135577613));
#3224=CARTESIAN_POINT('',(0.00494247555489421,-0.0639820441164195,0.00656813135577613));
#3225=CARTESIAN_POINT('',(0.00494247555489421,-0.0639823004077639,0.00655902880984136));
#3226=CARTESIAN_POINT('',(0.00334247555489421,-0.063986772414852,0.00640019921675785));
#3227=CARTESIAN_POINT('',(0.00334247555489421,-0.0640483183041167,0.00625371050729161));
#3228=CARTESIAN_POINT('',(0.00334247555489421,-0.0641098641933814,0.00610722179782538));
#3229=CARTESIAN_POINT('',(0.00334247555489421,-0.0641098641933814,0.00610722179782538));
#3230=CARTESIAN_POINT('',(0.00334247555489421,-0.0640483183041167,0.00625371050729161));
#3231=CARTESIAN_POINT('',(0.00334247555489421,-0.0642201718514399,0.00599285808391176));
#3232=CARTESIAN_POINT('',(0.00334247555489421,-0.0643304795094984,0.00587849436999815));
#3233=CARTESIAN_POINT('',(0.00334247555489421,-0.0643304795094984,0.00587849436999815));
#3234=CARTESIAN_POINT('',(0.00334247555489421,-0.0642201718514399,0.00599285808391176));
#3235=CARTESIAN_POINT('',(0.00334247555489421,-0.0644746512758941,0.00581170110491242));
#3236=CARTESIAN_POINT('',(0.00334247555489421,-0.0646188230422898,0.0057449078398267));
#3237=CARTESIAN_POINT('',(0.00334247555489421,-0.0646188230422898,0.0057449078398267));
#3238=CARTESIAN_POINT('',(0.00334247555489421,-0.0644746512758941,0.00581170110491242));
#3239=CARTESIAN_POINT('',(0.00334247555489421,-0.0647773877210876,0.00573470582413293));
#3240=CARTESIAN_POINT('',(0.00334247555489421,-0.0649359523998854,0.00572450380843917));
#3241=CARTESIAN_POINT('',(0.00334247555489421,-0.0649359523998854,0.00572450380843917));
#3242=CARTESIAN_POINT('',(0.00334247555489421,-0.0647773877210876,0.00573470582413293));
#3243=CARTESIAN_POINT('',(0.00334247555489421,-0.0650874949525764,0.00577227088088814));
#3244=CARTESIAN_POINT('',(0.00334247555489421,-0.0652390375052675,0.00582003795333711));
#3245=CARTESIAN_POINT('',(0.00334247555489421,-0.0652390375052675,0.00582003795333711));
#3246=CARTESIAN_POINT('',(0.00334247555489421,-0.0650874949525764,0.00577227088088814));
#3247=CARTESIAN_POINT('',(0.00334247555489421,-0.0653630912703846,0.00591932290610809));
#3248=CARTESIAN_POINT('',(0.00334247555489421,-0.0654871450355017,0.00601860785887908));
#3249=CARTESIAN_POINT('',(0.00334247555489421,-0.0654871450355017,0.00601860785887908));
#3250=CARTESIAN_POINT('',(0.00334247555489421,-0.0653630912703846,0.00591932290610809));
#3251=CARTESIAN_POINT('',(0.00334247555489421,-0.0655669558646601,0.00615600170894344));
#3252=CARTESIAN_POINT('',(0.00334247555489421,-0.0656467666938186,0.00629339555900778));
#3253=CARTESIAN_POINT('',(0.00334247555489421,-0.0656467666938186,0.00629339555900778));
#3254=CARTESIAN_POINT('',(0.00334247555489421,-0.0655669558646601,0.00615600170894344));
#3255=CARTESIAN_POINT('',(0.00334247555489421,-0.0656715556922935,0.00645034250558872));
#3256=CARTESIAN_POINT('',(0.00334247555489421,-0.0656963446907684,0.00660728945216964));
#3257=CARTESIAN_POINT('',(0.00334247555489421,-0.0656963446907684,0.00660728945216964));
#3258=CARTESIAN_POINT('',(0.00334247555489421,-0.0656715556922935,0.00645034250558872));
#3259=CARTESIAN_POINT('',(0.00334247555489421,-0.065662763966955,0.00676259294045835));
#3260=CARTESIAN_POINT('',(0.00334247555489421,-0.0656291832431417,0.00691789642874706));
#3261=CARTESIAN_POINT('',(0.00334247555489421,-0.0656291832431417,0.00691789642874706));
#3262=CARTESIAN_POINT('',(0.00334247555489421,-0.065662763966955,0.00676259294045835));
#3263=CARTESIAN_POINT('',(0.00334247555489421,-0.0655417680598684,0.00705058186208381));
#3264=CARTESIAN_POINT('',(0.00334247555489421,-0.0654543528765951,0.00718326729542056));
#3265=CARTESIAN_POINT('',(0.00334247555489421,-0.0654543528765951,0.00718326729542056));
#3266=CARTESIAN_POINT('',(0.00334247555489421,-0.0655417680598684,0.00705058186208381));
#3267=CARTESIAN_POINT('',(0.00334247555489421,-0.0653249091387471,0.00727541477079786));
#3268=CARTESIAN_POINT('',(0.00334247555489421,-0.0653249091387471,0.00727541477079786));
#3269=CARTESIAN_POINT('',(0.00334247555489421,-0.0622166680266782,0.00658311683323674));
#3270=CARTESIAN_POINT('',(0.00334247555489421,-0.0591875403804394,0.00659664162341202));
#3271=CARTESIAN_POINT('',(0.00334247555489421,-0.0591875403804394,0.00689664162341202));
#3272=CARTESIAN_POINT('',(0.00334247555489421,-0.060055429362751,0.00663330867104749));
#3273=CARTESIAN_POINT('',(0.00334247555489421,-0.060055429362751,0.00693330867104749));
#3274=CARTESIAN_POINT('',(0.00334247555489421,-0.0610128188641693,0.00665800059715968));
#3275=CARTESIAN_POINT('',(0.00334247555489421,-0.0610128188641693,0.00695800059715968));
#3276=CARTESIAN_POINT('',(0.00334247555489421,-0.0619713921601141,0.00665669479957679));
#3277=CARTESIAN_POINT('',(0.00334247555489421,-0.0619713921601141,0.00695669479957679));
#3278=CARTESIAN_POINT('',(0.00334247555489421,-0.0629511065415105,0.00662894698219075));
#3279=CARTESIAN_POINT('',(0.00334247555489421,-0.0629511065415105,0.00692894698219074));
#3280=CARTESIAN_POINT('',(0.00334247555489421,-0.0648305818320653,0.00757916509220746));
#3281=CARTESIAN_POINT('',(0.00334247555489421,-0.0635510237744733,0.00836274102479596));
#3282=CARTESIAN_POINT('',(0.00334247555489421,-0.0592004698664165,0.00720449872274224));
#3283=CARTESIAN_POINT('',(0.00334247555489421,-0.0588457840593421,0.00699326848303832));
#3284=CARTESIAN_POINT('',(0.00334247555489421,-0.0585417778321186,0.00668552275234105));
#3285=CARTESIAN_POINT('',(0.00334247555489421,-0.0586651484360405,0.00615291882381784));
#3286=CARTESIAN_POINT('',(0.00334247555489421,-0.0593497575792904,0.00605467497075579));
#3287=CARTESIAN_POINT('',(0.00334247555489421,-0.063718552733003,0.00480917067725971));
#3288=CARTESIAN_POINT('',(0.00334247555489421,-0.0649054195050835,0.00558139053868382));
#3289=CARTESIAN_POINT('',(0.00334247555489421,-0.0648305818320653,0.00757916509220746));
#3290=CARTESIAN_POINT('',(0.00334247555489421,-0.0649054195050835,0.00558139053868382));
#3291=CARTESIAN_POINT('',(0.00334247555489421,-0.0648393147094309,0.00657920322450796));
#3292=CARTESIAN_POINT('',(0.00334247555489421,-0.0636992517191162,0.00666827355481056));
#3293=CARTESIAN_POINT('',(0.00234247555489421,-0.0648305818320653,0.00757916509220746));
#3294=CARTESIAN_POINT('',(0.00334247555489421,-0.0648305818320653,0.00757916509220746));
#3295=CARTESIAN_POINT('',(0.00234247555489421,-0.0643247022840205,0.00788895567676491));
#3296=CARTESIAN_POINT('',(0.00334247555489421,-0.0643247022840205,0.00788895567676491));
#3297=CARTESIAN_POINT('',(0.00234247555489421,-0.0630773472575306,0.00796000677807916));
#3298=CARTESIAN_POINT('',(0.00334247555489421,-0.0630773472575306,0.00796000677807916));
#3299=CARTESIAN_POINT('',(0.00234247555489421,-0.0612716105414705,0.00768712228125411));
#3300=CARTESIAN_POINT('',(0.00334247555489421,-0.0612716105414705,0.00768712228125411));
#3301=CARTESIAN_POINT('',(0.00234247555489422,-0.0600575463617777,0.00740450984463914));
#3302=CARTESIAN_POINT('',(0.00334247555489421,-0.0600575463617777,0.00740450984463914));
#3303=CARTESIAN_POINT('',(0.00234247555489421,-0.0591822882785102,0.0071455954974277));
#3304=CARTESIAN_POINT('',(0.00334247555489421,-0.0591822882785102,0.0071455954974277));
#3305=CARTESIAN_POINT('',(0.00234247555489421,-0.0588936860736096,0.00702803743421218));
#3306=CARTESIAN_POINT('',(0.00334247555489421,-0.0588936860736096,0.00702803743421218));
#3307=CARTESIAN_POINT('',(0.00234247555489422,-0.0587265090773228,0.00688583449738409));
#3308=CARTESIAN_POINT('',(0.00334247555489421,-0.0587265090773228,0.00688583449738409));
#3309=CARTESIAN_POINT('',(0.00234247555489421,-0.0585576901082481,0.00661904890828343));
#3310=CARTESIAN_POINT('',(0.00334247555489421,-0.0585576901082481,0.00661904890828343));
#3311=CARTESIAN_POINT('',(0.00234247555489422,-0.0586466396238094,0.00627352081373089));
#3312=CARTESIAN_POINT('',(0.00334247555489421,-0.0586466396238094,0.00627352081373089));
#3313=CARTESIAN_POINT('',(0.00234247555489421,-0.0588276154472653,0.00612814467615417));
#3314=CARTESIAN_POINT('',(0.00334247555489421,-0.0588276154472653,0.00612814467615417));
#3315=CARTESIAN_POINT('',(0.00234247555489422,-0.0592912914483705,0.00603098277307776));
#3316=CARTESIAN_POINT('',(0.00334247555489421,-0.0592912914483705,0.00603098277307776));
#3317=CARTESIAN_POINT('',(0.00234247555489421,-0.0602432332822398,0.00578008071079343));
#3318=CARTESIAN_POINT('',(0.00334247555489421,-0.0602432332822398,0.00578008071079343));
#3319=CARTESIAN_POINT('',(0.00234247555489421,-0.0614779928901784,0.00549657867990806));
#3320=CARTESIAN_POINT('',(0.00334247555489421,-0.0614779928901784,0.00549657867990806));
#3321=CARTESIAN_POINT('',(0.00234247555489422,-0.0632512818868727,0.00521490183701279));
#3322=CARTESIAN_POINT('',(0.00334247555489421,-0.0632512818868727,0.00521490183701279));
#3323=CARTESIAN_POINT('',(0.00234247555489421,-0.0644356023035329,0.00527570991571038));
#3324=CARTESIAN_POINT('',(0.00334247555489421,-0.0644356023035329,0.00527570991571038));
#3325=CARTESIAN_POINT('',(0.00234247555489421,-0.0649054195050835,0.00558139053868382));
#3326=CARTESIAN_POINT('',(0.00334247555489421,-0.0649054195050835,0.00558139053868382));
#3327=CARTESIAN_POINT('',(0.00234247555489421,-0.0649054195050835,0.00558139053868382));
#3328=CARTESIAN_POINT('',(0.00234247555489421,-0.0649054195050835,0.00558139053868382));
#3329=CARTESIAN_POINT('',(0.00234247555489421,-0.0648305818320653,0.00757916509220746));
#3330=CARTESIAN_POINT('',(0.00234247555489421,-0.0635510237744733,0.00836274102479596));
#3331=CARTESIAN_POINT('',(0.00234247555489421,-0.0592004698664165,0.00720449872274224));
#3332=CARTESIAN_POINT('',(0.00234247555489421,-0.0588457840593421,0.00699326848303832));
#3333=CARTESIAN_POINT('',(0.00234247555489421,-0.0585417778321186,0.00668552275234105));
#3334=CARTESIAN_POINT('',(0.00234247555489421,-0.0586651484360405,0.00615291882381784));
#3335=CARTESIAN_POINT('',(0.00234247555489421,-0.0593497575792904,0.00605467497075579));
#3336=CARTESIAN_POINT('',(0.00234247555489421,-0.063718552733003,0.00480917067725971));
#3337=CARTESIAN_POINT('',(0.00234247555489421,-0.0649054195050835,0.00558139053868382));
#3338=CARTESIAN_POINT('',(0.00234247555489421,-0.0648305818320653,0.00757916509220746));
#3339=CARTESIAN_POINT('',(0.00234247555489421,-0.0648305818320653,0.00757916509220746));
#3340=CARTESIAN_POINT('',(0.00234247555489421,-0.0648393147094309,0.00657920322450796));
#3341=CARTESIAN_POINT('',(0.00234247555489421,-0.0648393147094309,0.00657920322450796));
#3342=CARTESIAN_POINT('',(0.00234247555489421,-0.0622166680266782,0.00658311683323674));
#3343=CARTESIAN_POINT('',(0.00234247555489421,-0.0591875403804394,0.00659664162341202));
#3344=CARTESIAN_POINT('',(0.00234247555489421,-0.0591875403804394,0.00689664162341202));
#3345=CARTESIAN_POINT('',(0.00234247555489421,-0.060055429362751,0.00663330867104749));
#3346=CARTESIAN_POINT('',(0.00234247555489421,-0.060055429362751,0.00693330867104749));
#3347=CARTESIAN_POINT('',(0.00234247555489421,-0.0610128188641693,0.00665800059715968));
#3348=CARTESIAN_POINT('',(0.00234247555489421,-0.0610128188641693,0.00695800059715968));
#3349=CARTESIAN_POINT('',(0.00234247555489421,-0.0619713921601141,0.00665669479957679));
#3350=CARTESIAN_POINT('',(0.00234247555489421,-0.0619713921601141,0.00695669479957679));
#3351=CARTESIAN_POINT('',(0.00234247555489421,-0.0629511065415105,0.00662894698219075));
#3352=CARTESIAN_POINT('',(0.00234247555489421,-0.0629511065415105,0.00692894698219074));
#3353=CARTESIAN_POINT('',(0.00234247555489421,-0.0636992517191162,0.00666827355481056));
#3354=CARTESIAN_POINT('',(0.00234247555489421,-0.0636992517191162,0.00696827355481055));
#3355=CARTESIAN_POINT('',(0.00234247555489421,-0.0648305818320653,0.00665947608649731));
#3356=CARTESIAN_POINT('',(0.00234247555489421,-0.0648305818320653,0.0073504656242883));
#3357=CARTESIAN_POINT('',(0.00271247555489421,-0.0648305818320653,0.00665947608649731));
#3358=CARTESIAN_POINT('',(0.00271247555489421,-0.0648305818320653,0.00665947608649731));
#3359=CARTESIAN_POINT('',(0.00271247555489421,-0.0648305818320653,0.0073504656242883));
#3360=CARTESIAN_POINT('',(0.00271247555489421,-0.0621905462707747,0.00658595585102784));
#3361=CARTESIAN_POINT('',(0.00494247555489421,-0.0621905462707747,0.00658595585102784));
#3362=CARTESIAN_POINT('',(0.00494247555489421,-0.0636992517191162,0.00666827355481056));
#3363=CARTESIAN_POINT('',(0.00494247555489421,-0.0636992517191162,0.00666827355481056));
#3364=CARTESIAN_POINT('',(0.00494247555489421,-0.0629511065415105,0.00662894698219075));
#3365=CARTESIAN_POINT('',(0.00494247555489421,-0.0619713921601141,0.00665669479957679));
#3366=CARTESIAN_POINT('',(0.00494247555489421,-0.0610128188641693,0.00665800059715968));
#3367=CARTESIAN_POINT('',(0.00494247555489421,-0.060055429362751,0.00663330867104749));
#3368=CARTESIAN_POINT('',(0.00494247555489421,-0.0591875403804394,0.00659664162341202));
#3369=CARTESIAN_POINT('',(0.00660803904675525,-0.064831963684653,0.0065829519347641));
#3370=CARTESIAN_POINT('',(0.00660803904675525,-0.0634670916445983,0.0055358974706188));
#3371=CARTESIAN_POINT('',(0.00652430979522909,-0.0634670916445983,0.0055358974706188));
#3372=CARTESIAN_POINT('',(0.00637374900696357,-0.0634969022255978,0.00563801812507062));
#3373=CARTESIAN_POINT('',(0.00634247555489421,-0.063538777528857,0.00580299438427482));
#3374=CARTESIAN_POINT('',(0.00634247555489421,-0.0635564957964008,0.00588349311228885));
#3375=CARTESIAN_POINT('',(0.00660803904675525,-0.0633526873398923,0.00746098395721047));
#3376=CARTESIAN_POINT('',(0.00652430979522908,-0.0633526873398923,0.00746098395721047));
#3377=CARTESIAN_POINT('',(0.00637374900696358,-0.0633943830624455,0.00736311278920894));
#3378=CARTESIAN_POINT('',(0.00634247555489421,-0.063455503080442,0.0072042573501326));
#3379=CARTESIAN_POINT('',(0.00634247555489421,-0.0634826307444295,0.00712642373231092));
#3380=CARTESIAN_POINT('',(0.00660803904675525,-0.0631147611619649,0.00648090178687944));
#3381=CARTESIAN_POINT('',(0.,0.,0.));
#3382=CARTESIAN_POINT('',(-0.00331752444510579,-0.0591875403804394,0.00659664162341202));
#3383=CARTESIAN_POINT('',(-0.00331752444510579,-0.0591875403804394,0.00659664162341202));
#3384=CARTESIAN_POINT('',(-0.00331752444510579,-0.0591875403804394,0.00690023717837742));
#3385=CARTESIAN_POINT('',(0.00234247555489421,-0.0591875403804394,0.00659664162341202));
#3386=CARTESIAN_POINT('',(0.00234247555489421,-0.0591875403804394,0.00690023717837742));
#3387=CARTESIAN_POINT('',(-0.000529140508036558,-0.0594023911356311,0.00634953935202558));
#3388=CARTESIAN_POINT('',(-0.000560572575493302,-0.0591874463285485,0.00626486349636602));
#3389=CARTESIAN_POINT('',(-0.000529286537830875,-0.0589730658328114,0.00634928307319003));
#3390=CARTESIAN_POINT('',(-0.000357543264235769,-0.0588553579178389,0.00656891124817349));
#3391=CARTESIAN_POINT('',(-4.81758156602214E-7,-0.0589103461684696,0.00670113474990294));
#3392=CARTESIAN_POINT('',(0.000357386745804133,-0.0588554394500449,0.00656904247573064));
#3393=CARTESIAN_POINT('',(0.000529083519751846,-0.0589727359322589,0.00634962260861498));
#3394=CARTESIAN_POINT('',(0.000560500601100232,-0.0591867384011978,0.00626501862954079));
#3395=CARTESIAN_POINT('',(0.000529629222213233,-0.0594013378787435,0.00634858416021537));
#3396=CARTESIAN_POINT('',(0.000358172989299518,-0.0595199053668015,0.00656866632193176));
#3397=CARTESIAN_POINT('',(-3.63512384657021E-7,-0.0594647017367547,0.00670127110313863));
#3398=CARTESIAN_POINT('',(-0.000357490470291308,-0.0595195572854366,0.00656887873976808));
#3399=CARTESIAN_POINT('',(-0.000529140508036558,-0.0594023911356311,0.00634953935202558));
#3400=CARTESIAN_POINT('',(-0.000560572575493302,-0.0591874463285485,0.00626486349636602));
#3401=CARTESIAN_POINT('',(-0.000529286537830875,-0.0589730658328114,0.00634928307319003));
#3402=CARTESIAN_POINT('',(-0.00055011955797344,-0.0591875403804394,0.00629304606844662));
#3403=CARTESIAN_POINT('',(-0.00331752444510579,-0.0621905462707747,0.00658595585102784));
#3404=CARTESIAN_POINT('',(0.00234247555489421,-0.0621905462707747,0.00658595585102784));
#3405=CARTESIAN_POINT('',(0.,-0.0596883433473295,0.00604468800031027));
#3406=CARTESIAN_POINT('',(0.,-0.0484883433473295,0.00604468800031027));
#3407=CARTESIAN_POINT('',(2.20433372225551E-19,-0.0484883433473295,0.00664467969418485));
#3408=CARTESIAN_POINT('',(0.,-0.0596883433473295,0.00604468800031027));
#3409=CARTESIAN_POINT('',(0.,-0.0596883433473295,0.00544110432088105));
#3410=CARTESIAN_POINT('',(1.7347234759768E-18,-0.0596883433473295,0.006));
#3411=CARTESIAN_POINT('',(0.,-0.0352383433473295,0.00604468800031027));
#3412=CARTESIAN_POINT('',(0.,-0.0352383433473295,0.00604468800031027));
#3413=CARTESIAN_POINT('',(0.,-0.0352383433473295,0.00664467969418485));
#3414=CARTESIAN_POINT('',(0.,-0.0352383433473295,0.00604468800031027));
#3415=CARTESIAN_POINT('',(0.,0.,0.));
#3416=CARTESIAN_POINT('',(0.,0.,0.003));
#3417=CARTESIAN_POINT('',(5.20417042793042E-18,0.025,0.003));
#3418=CARTESIAN_POINT('',(-0.015,0.025,0.003));
#3419=CARTESIAN_POINT('',(0.015,0.025,0.003));
#3420=CARTESIAN_POINT('',(-0.015,0.,0.003));
#3421=CARTESIAN_POINT('',(-0.015,-0.0313050868161326,0.003));
#3422=CARTESIAN_POINT('',(-5.20417042793042E-18,-0.0313050868161326,0.003));
#3423=CARTESIAN_POINT('',(0.015,-0.0313050868161326,0.003));
#3424=CARTESIAN_POINT('',(0.015,0.,0.003));
#3425=CARTESIAN_POINT('',(1.7347234759768E-18,0.0218608582170857,0.003));
#3426=CARTESIAN_POINT('',(0.0125,0.0218608582170857,0.003));
#3427=CARTESIAN_POINT('',(-0.0125,0.0218608582170856,0.003));
#3428=CARTESIAN_POINT('',(0.0125,-0.00063914178291432,0.003));
#3429=CARTESIAN_POINT('',(0.0125,-0.0231391417829143,0.003));
#3430=CARTESIAN_POINT('',(0.,-0.0231391417829143,0.003));
#3431=CARTESIAN_POINT('',(-0.0125,-0.0231391417829143,0.003));
#3432=CARTESIAN_POINT('',(-0.0125,-0.000639141782914326,0.003));
#3433=CARTESIAN_POINT('',(0.,0.,0.));
#3434=CARTESIAN_POINT('',(5.20417042793042E-18,0.025,0.));
#3435=CARTESIAN_POINT('',(-0.015,0.025,0.));
#3436=CARTESIAN_POINT('',(0.015,0.025,0.));
#3437=CARTESIAN_POINT('',(0.015,0.,0.));
#3438=CARTESIAN_POINT('',(0.015,-0.0313050868161326,0.));
#3439=CARTESIAN_POINT('',(-5.20417042793042E-18,-0.0313050868161326,0.));
#3440=CARTESIAN_POINT('',(-0.015,-0.0313050868161326,0.));
#3441=CARTESIAN_POINT('',(-0.015,0.,0.));
#3442=CARTESIAN_POINT('',(0.0125,-4.8186763221578E-19,0.));
#3443=CARTESIAN_POINT('',(0.0125,0.0218608582170857,0.));
#3444=CARTESIAN_POINT('',(0.0125,-0.0231391417829143,0.));
#3445=CARTESIAN_POINT('',(0.,0.0218608582170857,0.));
#3446=CARTESIAN_POINT('',(-0.0125,0.0218608582170856,0.));
#3447=CARTESIAN_POINT('',(-0.0125,4.8186763221578E-19,0.));
#3448=CARTESIAN_POINT('',(-0.0125,-0.0231391417829143,0.));
#3449=CARTESIAN_POINT('',(0.,-0.0231391417829143,0.));
#3450=CARTESIAN_POINT('',(5.20417042793042E-18,0.025,0.003));
#3451=CARTESIAN_POINT('',(-0.015,0.025,0.003));
#3452=CARTESIAN_POINT('',(0.015,0.025,0.003));
#3453=CARTESIAN_POINT('',(-0.015,0.,0.003));
#3454=CARTESIAN_POINT('',(-0.015,-0.0313050868161326,0.003));
#3455=CARTESIAN_POINT('',(0.015,0.,0.003));
#3456=CARTESIAN_POINT('',(0.015,-0.0313050868161326,0.003));
#3457=CARTESIAN_POINT('',(0.0125,-0.00063914178291432,-0.022));
#3458=CARTESIAN_POINT('',(0.0125,-0.0231391417829143,-0.022));
#3459=CARTESIAN_POINT('',(0.0125,0.0218608582170857,-0.022));
#3460=CARTESIAN_POINT('',(1.7347234759768E-18,0.0218608582170857,-0.022));
#3461=CARTESIAN_POINT('',(-0.0125,0.0218608582170856,-0.022));
#3462=CARTESIAN_POINT('',(-0.0125,-0.000639141782914326,-0.022));
#3463=CARTESIAN_POINT('',(-0.0125,-0.0231391417829143,-0.022));
#3464=CARTESIAN_POINT('',(0.,-0.0231391417829143,-0.022));
#3465=CARTESIAN_POINT('',(-5.20417042793042E-18,-0.0313050868161326,0.003));
#3466=MECHANICAL_DESIGN_GEOMETRIC_PRESENTATION_REPRESENTATION('',(#2080),
#3469);
#3467=MECHANICAL_DESIGN_GEOMETRIC_PRESENTATION_REPRESENTATION('',(#2081),
#3470);
#3468=MECHANICAL_DESIGN_GEOMETRIC_PRESENTATION_REPRESENTATION('',(#2082),
#3471);
#3469=(
GEOMETRIC_REPRESENTATION_CONTEXT(3)
GLOBAL_UNCERTAINTY_ASSIGNED_CONTEXT((#3472))
GLOBAL_UNIT_ASSIGNED_CONTEXT((#3481,#3478,#3475))
REPRESENTATION_CONTEXT('Part 2','TOP_LEVEL_ASSEMBLY_PART')
);
#3470=(
GEOMETRIC_REPRESENTATION_CONTEXT(3)
GLOBAL_UNCERTAINTY_ASSIGNED_CONTEXT((#3473))
GLOBAL_UNIT_ASSIGNED_CONTEXT((#3482,#3479,#3476))
REPRESENTATION_CONTEXT('Part 3','TOP_LEVEL_ASSEMBLY_PART')
);
#3471=(
GEOMETRIC_REPRESENTATION_CONTEXT(3)
GLOBAL_UNCERTAINTY_ASSIGNED_CONTEXT((#3474))
GLOBAL_UNIT_ASSIGNED_CONTEXT((#3483,#3480,#3477))
REPRESENTATION_CONTEXT('Part 1','TOP_LEVEL_ASSEMBLY_PART')
);
#3472=UNCERTAINTY_MEASURE_WITH_UNIT(LENGTH_MEASURE(2.E-5),#3481,
'DISTANCE_ACCURACY_VALUE','Maximum Tolerance applied to model');
#3473=UNCERTAINTY_MEASURE_WITH_UNIT(LENGTH_MEASURE(2.E-5),#3482,
'DISTANCE_ACCURACY_VALUE','Maximum Tolerance applied to model');
#3474=UNCERTAINTY_MEASURE_WITH_UNIT(LENGTH_MEASURE(1.E-8),#3483,
'DISTANCE_ACCURACY_VALUE','Maximum Tolerance applied to model');
#3475=(
NAMED_UNIT(*)
SI_UNIT($,.STERADIAN.)
SOLID_ANGLE_UNIT()
);
#3476=(
NAMED_UNIT(*)
SI_UNIT($,.STERADIAN.)
SOLID_ANGLE_UNIT()
);
#3477=(
NAMED_UNIT(*)
SI_UNIT($,.STERADIAN.)
SOLID_ANGLE_UNIT()
);
#3478=(
NAMED_UNIT(*)
PLANE_ANGLE_UNIT()
SI_UNIT($,.RADIAN.)
);
#3479=(
NAMED_UNIT(*)
PLANE_ANGLE_UNIT()
SI_UNIT($,.RADIAN.)
);
#3480=(
NAMED_UNIT(*)
PLANE_ANGLE_UNIT()
SI_UNIT($,.RADIAN.)
);
#3481=(
LENGTH_UNIT()
NAMED_UNIT(*)
SI_UNIT($,.METRE.)
);
#3482=(
LENGTH_UNIT()
NAMED_UNIT(*)
SI_UNIT($,.METRE.)
);
#3483=(
LENGTH_UNIT()
NAMED_UNIT(*)
SI_UNIT($,.METRE.)
);
#3484=PRODUCT_DEFINITION_SHAPE('','',#3487);
#3485=PRODUCT_DEFINITION_SHAPE('','',#3488);
#3486=PRODUCT_DEFINITION_SHAPE('','',#3489);
#3487=PRODUCT_DEFINITION('','',#3493,#3490);
#3488=PRODUCT_DEFINITION('','',#3494,#3491);
#3489=PRODUCT_DEFINITION('','',#3495,#3492);
#3490=PRODUCT_DEFINITION_CONTEXT('',#3511,'design');
#3491=PRODUCT_DEFINITION_CONTEXT('',#3512,'design');
#3492=PRODUCT_DEFINITION_CONTEXT('',#3513,'design');
#3493=PRODUCT_DEFINITION_FORMATION_WITH_SPECIFIED_SOURCE('','',#3499,
 .NOT_KNOWN.);
#3494=PRODUCT_DEFINITION_FORMATION_WITH_SPECIFIED_SOURCE('','',#3500,
 .NOT_KNOWN.);
#3495=PRODUCT_DEFINITION_FORMATION_WITH_SPECIFIED_SOURCE('','',#3501,
 .NOT_KNOWN.);
#3496=PRODUCT_RELATED_PRODUCT_CATEGORY('','',(#3499));
#3497=PRODUCT_RELATED_PRODUCT_CATEGORY('','',(#3500));
#3498=PRODUCT_RELATED_PRODUCT_CATEGORY('','',(#3501));
#3499=PRODUCT('Part 2','Part 2','Part 2',(#3505));
#3500=PRODUCT('Part 3','Part 3','Part 3',(#3506));
#3501=PRODUCT('Part 1','Part 1','Part 1',(#3507));
#3502=PRODUCT_CATEGORY('','');
#3503=PRODUCT_CATEGORY('','');
#3504=PRODUCT_CATEGORY('','');
#3505=PRODUCT_CONTEXT('',#3511,'mechanical');
#3506=PRODUCT_CONTEXT('',#3512,'mechanical');
#3507=PRODUCT_CONTEXT('',#3513,'mechanical');
#3508=APPLICATION_PROTOCOL_DEFINITION('international standard',
'ap242_managed_model_based_3d_engineering',2020,#3511);
#3509=APPLICATION_PROTOCOL_DEFINITION('international standard',
'ap242_managed_model_based_3d_engineering',2020,#3512);
#3510=APPLICATION_PROTOCOL_DEFINITION('international standard',
'ap242_managed_model_based_3d_engineering',2020,#3513);
#3511=APPLICATION_CONTEXT('managed model based 3d engineering');
#3512=APPLICATION_CONTEXT('managed model based 3d engineering');
#3513=APPLICATION_CONTEXT('managed model based 3d engineering');
ENDSEC;
END-ISO-10303-21;
