ISO-10303-21;
HEADER;
/* Generated by software containing ST-Developer
 * from STEP Tools, Inc. (www.steptools.com) 
 */
/* OPTION: using custom renumber hook */

FILE_DESCRIPTION(
/* description */ ('STEP AP242 Edition 2',
'CAx-IF Rec.Pracs.---Representation and Presentation of Product Manufa
cturing Information (PMI)---4.0---2014-10-13',
'CAx-IF Rec.Pracs.---3D Tessellated Geometry---0.4---2014-09-14','2;1',
'CAx-IF Rec.Pracs.---User Defined Attributes---1.5---2016-08-15'),
/* implementation_level */ '2;1');

FILE_NAME(
/* name */ '6a846c6691561e931d94b3e7',
/* time_stamp */ '2026-08-18T14:29:59Z',
/* author */ (''),
/* organization */ (''),
/* preprocessor_version */ 'ST-DEVELOPER v20',
/* originating_system */ 'ONSHAPE BY PTC INC, 1.219',
/* authorisation */ '  ');

FILE_SCHEMA (('AP242_MANAGED_MODEL_BASED_3D_ENGINEERING_MIM_LF { 1 0 10303 442 3 1 4 }'));
ENDSEC;

DATA;
#10=CONTEXT_DEPENDENT_SHAPE_REPRESENTATION(#16,#10080);
#11=CONTEXT_DEPENDENT_SHAPE_REPRESENTATION(#17,#10082);
#12=CONTEXT_DEPENDENT_SHAPE_REPRESENTATION(#18,#10084);
#13=NEXT_ASSEMBLY_USAGE_OCCURRENCE('NAUO1','Part 2','Part 2',#10085,#10086,
'');
#14=NEXT_ASSEMBLY_USAGE_OCCURRENCE('NAUO2','Part 3','Part 3',#10085,#10087,
'');
#15=NEXT_ASSEMBLY_USAGE_OCCURRENCE('NAUO3','Part 1','Part 1',#10085,#10088,
'');
#16=(
REPRESENTATION_RELATIONSHIP(' ',' ',#3948,#3947)
REPRESENTATION_RELATIONSHIP_WITH_TRANSFORMATION(#19)
SHAPE_REPRESENTATION_RELATIONSHIP()
);
#17=(
REPRESENTATION_RELATIONSHIP(' ',' ',#3949,#3947)
REPRESENTATION_RELATIONSHIP_WITH_TRANSFORMATION(#20)
SHAPE_REPRESENTATION_RELATIONSHIP()
);
#18=(
REPRESENTATION_RELATIONSHIP(' ',' ',#3950,#3947)
REPRESENTATION_RELATIONSHIP_WITH_TRANSFORMATION(#21)
SHAPE_REPRESENTATION_RELATIONSHIP()
);
#19=ITEM_DEFINED_TRANSFORMATION(' ',' ',#3951,#4034);
#20=ITEM_DEFINED_TRANSFORMATION(' ',' ',#3951,#4047);
#21=ITEM_DEFINED_TRANSFORMATION(' ',' ',#3951,#4157);
#22=SHAPE_REPRESENTATION_RELATIONSHIP('','',#3948,#25);
#23=SHAPE_REPRESENTATION_RELATIONSHIP('','',#3949,#26);
#24=SHAPE_REPRESENTATION_RELATIONSHIP('','',#3950,#27);
#25=ADVANCED_BREP_SHAPE_REPRESENTATION('',(#3940),#10068);
#26=ADVANCED_BREP_SHAPE_REPRESENTATION('',(#3941),#10069);
#27=ADVANCED_BREP_SHAPE_REPRESENTATION('',(#3942),#10070);
#28=DRAUGHTING_PRE_DEFINED_COLOUR('black');
#29=(
BOUNDED_SURFACE()
B_SPLINE_SURFACE(3,2,((#5208,#5209,#5210),(#5211,#5212,#5213),(#5214,#5215,
#5216),(#5217,#5218,#5219)),.UNSPECIFIED.,.F.,.F.,.F.)
B_SPLINE_SURFACE_WITH_KNOTS((4,4),(3,3),(0.,0.189666126550032),(0.,1.),
 .PIECEWISE_BEZIER_KNOTS.)
GEOMETRIC_REPRESENTATION_ITEM()
RATIONAL_B_SPLINE_SURFACE(((1.,0.708697000299426,1.),(1.,0.70860481874716,
1.),(1.,0.708610522538901,1.),(1.,0.708598930061407,1.)))
REPRESENTATION_ITEM('')
SURFACE()
);
#30=(
BOUNDED_SURFACE()
B_SPLINE_SURFACE(3,2,((#5225,#5226,#5227),(#5228,#5229,#5230),(#5231,#5232,
#5233),(#5234,#5235,#5236)),.UNSPECIFIED.,.F.,.F.,.F.)
B_SPLINE_SURFACE_WITH_KNOTS((4,4),(3,3),(2.56739074444567E-16,0.032682745433089),
(0.,1.),.PIECEWISE_BEZIER_KNOTS.)
GEOMETRIC_REPRESENTATION_ITEM()
RATIONAL_B_SPLINE_SURFACE(((1.,0.708697000299426,1.),(1.,0.668171616280017,
1.),(1.,0.624406355806547,1.),(1.,0.574529888089438,1.)))
REPRESENTATION_ITEM('')
SURFACE()
);
#31=(
BOUNDED_SURFACE()
B_SPLINE_SURFACE(3,2,((#5237,#5238,#5239),(#5240,#5241,#5242),(#5243,#5244,
#5245),(#5246,#5247,#5248)),.UNSPECIFIED.,.F.,.F.,.F.)
B_SPLINE_SURFACE_WITH_KNOTS((4,4),(3,3),(-4.16333634234434E-16,0.189592528910047),
(0.,1.),.PIECEWISE_BEZIER_KNOTS.)
GEOMETRIC_REPRESENTATION_ITEM()
RATIONAL_B_SPLINE_SURFACE(((1.,0.708774100894826,1.),(1.,0.708866166855846,
1.),(1.,0.708860489557145,1.),(1.,0.708872073386159,1.)))
REPRESENTATION_ITEM('')
SURFACE()
);
#32=(
BOUNDED_SURFACE()
B_SPLINE_SURFACE(3,2,((#5250,#5251,#5252),(#5253,#5254,#5255),(#5256,#5257,
#5258),(#5259,#5260,#5261)),.UNSPECIFIED.,.F.,.F.,.F.)
B_SPLINE_SURFACE_WITH_KNOTS((4,4),(3,3),(-5.20417042793042E-17,0.0327138608350296),
(0.,1.),.PIECEWISE_BEZIER_KNOTS.)
GEOMETRIC_REPRESENTATION_ITEM()
RATIONAL_B_SPLINE_SURFACE(((1.,0.708774100894757,1.),(1.,0.668197097459417,
1.),(1.,0.624367309458258,1.),(1.,0.57436461101539,1.)))
REPRESENTATION_ITEM('')
SURFACE()
);
#33=B_SPLINE_SURFACE_WITH_KNOTS('',3,1,((#5131,#5132),(#5133,#5134),(#5135,
#5136),(#5137,#5138)),.RULED_SURF.,.F.,.F.,.F.,(4,4),(2,2),(0.,1.),(0.,
1.),.PIECEWISE_BEZIER_KNOTS.);
#34=B_SPLINE_SURFACE_WITH_KNOTS('',3,3,((#5472,#5473,#5474,#5475,#5476,
#5477,#5478,#5479,#5480,#5481,#5482,#5483,#5484,#5485,#5486,#5487,#5488,
#5489,#5490),(#5491,#5492,#5493,#5494,#5495,#5496,#5497,#5498,#5499,#5500,
#5501,#5502,#5503,#5504,#5505,#5506,#5507,#5508,#5509),(#5510,#5511,#5512,
#5513,#5514,#5515,#5516,#5517,#5518,#5519,#5520,#5521,#5522,#5523,#5524,
#5525,#5526,#5527,#5528),(#5529,#5530,#5531,#5532,#5533,#5534,#5535,#5536,
#5537,#5538,#5539,#5540,#5541,#5542,#5543,#5544,#5545,#5546,#5547),(#5548,
#5549,#5550,#5551,#5552,#5553,#5554,#5555,#5556,#5557,#5558,#5559,#5560,
#5561,#5562,#5563,#5564,#5565,#5566)),.UNSPECIFIED.,.F.,.T.,.F.,(4,1,4),
(1,1,1,1,1,1,1,1,1,1,1,1,1,1,1,1,1,1,1,1,1,1,1),(0.,0.503000013853461,1.00600002770692),
(-1.17809724509617,-0.785398163397448,-0.392699081698725,0.,0.392699081698724,
0.785398163397448,1.17809724509617,1.5707963267949,1.96349540849362,2.35619449019234,
2.74889357189107,3.14159265358979,3.53429173528852,3.92699081698724,4.31968989868597,
4.71238898038469,5.10508806208341,5.49778714378214,5.89048622548086,6.28318530717959,
6.67588438887831,7.06858347057703,7.46128255227576),.UNSPECIFIED.);
#35=B_SPLINE_SURFACE_WITH_KNOTS('',3,3,((#5579,#5580,#5581,#5582,#5583,
#5584,#5585,#5586,#5587,#5588,#5589,#5590,#5591,#5592,#5593,#5594,#5595,
#5596,#5597),(#5598,#5599,#5600,#5601,#5602,#5603,#5604,#5605,#5606,#5607,
#5608,#5609,#5610,#5611,#5612,#5613,#5614,#5615,#5616),(#5617,#5618,#5619,
#5620,#5621,#5622,#5623,#5624,#5625,#5626,#5627,#5628,#5629,#5630,#5631,
#5632,#5633,#5634,#5635),(#5636,#5637,#5638,#5639,#5640,#5641,#5642,#5643,
#5644,#5645,#5646,#5647,#5648,#5649,#5650,#5651,#5652,#5653,#5654),(#5655,
#5656,#5657,#5658,#5659,#5660,#5661,#5662,#5663,#5664,#5665,#5666,#5667,
#5668,#5669,#5670,#5671,#5672,#5673)),.UNSPECIFIED.,.F.,.T.,.F.,(4,1,4),
(1,1,1,1,1,1,1,1,1,1,1,1,1,1,1,1,1,1,1,1,1,1,1),(-0.00600002770692277,0.496999986146539,
1.),(-1.17809724509617,-0.785398163397448,-0.392699081698725,0.,0.392699081698724,
0.785398163397448,1.17809724509617,1.5707963267949,1.96349540849362,2.35619449019234,
2.74889357189107,3.14159265358979,3.53429173528852,3.92699081698724,4.31968989868597,
4.71238898038469,5.10508806208341,5.49778714378214,5.89048622548086,6.28318530717959,
6.67588438887831,7.06858347057703,7.46128255227576),.UNSPECIFIED.);
#36=B_SPLINE_SURFACE_WITH_KNOTS('',3,1,((#5680,#5681),(#5682,#5683),(#5684,
#5685),(#5686,#5687),(#5688,#5689)),.SURF_OF_LINEAR_EXTRUSION.,.F.,.F.,
 .F.,(4,1,4),(2,2),(0.883304001607236,0.941652000803618,1.),(0.,1.),
 .UNSPECIFIED.);
#37=B_SPLINE_SURFACE_WITH_KNOTS('',3,1,((#5706,#5707),(#5708,#5709),(#5710,
#5711),(#5712,#5713),(#5714,#5715),(#5716,#5717),(#5718,#5719),(#5720,#5721),
(#5722,#5723),(#5724,#5725),(#5726,#5727),(#5728,#5729),(#5730,#5731),(#5732,
#5733)),.UNSPECIFIED.,.F.,.F.,.F.,(4,1,1,1,1,1,1,1,1,1,1,4),(2,2),(0.,0.119144468923432,
0.178716703385149,0.238288937846865,0.268075055077723,0.297861172308581,
0.357433406770297,0.417005641232013,0.476577875693729,0.595722344617162,
0.714866813540594,0.953155751387459),(0.,1.),.UNSPECIFIED.);
#38=B_SPLINE_SURFACE_WITH_KNOTS('',3,1,((#5746,#5747),(#5748,#5749),(#5750,
#5751),(#5752,#5753),(#5754,#5755),(#5756,#5757),(#5758,#5759),(#5760,#5761),
(#5762,#5763),(#5764,#5765),(#5766,#5767),(#5768,#5769),(#5770,#5771),(#5772,
#5773)),.UNSPECIFIED.,.F.,.F.,.F.,(4,1,1,1,1,1,1,1,1,1,1,4),(2,2),(0.,0.109124158671352,
0.163686238007028,0.218248317342704,0.245529357010542,0.27281039667838,
0.327372476014056,0.381934555349732,0.436496634685408,0.54562079335676,
0.654744952028112,0.872993269370816),(0.,1.),.UNSPECIFIED.);
#39=B_SPLINE_SURFACE_WITH_KNOTS('',5,1,((#5782,#5783),(#5784,#5785),(#5786,
#5787),(#5788,#5789),(#5790,#5791),(#5792,#5793),(#5794,#5795),(#5796,#5797)),
 .SURF_OF_LINEAR_EXTRUSION.,.F.,.F.,.F.,(6,2,6),(2,2),(0.,0.5,1.),(0.,1.),
 .UNSPECIFIED.);
#40=B_SPLINE_SURFACE_WITH_KNOTS('',5,1,((#5798,#5799),(#5800,#5801),(#5802,
#5803),(#5804,#5805),(#5806,#5807),(#5808,#5809),(#5810,#5811),(#5812,#5813)),
 .SURF_OF_LINEAR_EXTRUSION.,.F.,.F.,.F.,(6,2,6),(2,2),(0.,0.5,1.),(0.,1.),
 .UNSPECIFIED.);
#41=B_SPLINE_SURFACE_WITH_KNOTS('',3,1,((#5816,#5817),(#5818,#5819),(#5820,
#5821),(#5822,#5823),(#5824,#5825)),.SURF_OF_LINEAR_EXTRUSION.,.F.,.F.,
 .F.,(4,1,4),(2,2),(0.,0.492477531697476,1.),(0.,1.),.UNSPECIFIED.);
#42=B_SPLINE_SURFACE_WITH_KNOTS('',3,1,((#5835,#5836),(#5837,#5838),(#5839,
#5840),(#5841,#5842),(#5843,#5844)),.SURF_OF_LINEAR_EXTRUSION.,.F.,.F.,
 .F.,(4,1,4),(2,2),(0.,0.482576420417629,1.),(0.,1.),.UNSPECIFIED.);
#43=B_SPLINE_SURFACE_WITH_KNOTS('',3,1,((#5852,#5853),(#5854,#5855),(#5856,
#5857),(#5858,#5859),(#5860,#5861)),.SURF_OF_LINEAR_EXTRUSION.,.F.,.F.,
 .F.,(4,1,4),(2,2),(0.,0.499571954848586,1.),(0.,1.),.UNSPECIFIED.);
#44=B_SPLINE_SURFACE_WITH_KNOTS('',3,1,((#5869,#5870),(#5871,#5872),(#5873,
#5874),(#5875,#5876),(#5877,#5878)),.SURF_OF_LINEAR_EXTRUSION.,.F.,.F.,
 .F.,(4,1,4),(2,2),(0.,0.504581892651326,1.),(0.,1.),.UNSPECIFIED.);
#45=B_SPLINE_SURFACE_WITH_KNOTS('',3,1,((#5885,#5886),(#5887,#5888),(#5889,
#5890),(#5891,#5892),(#5893,#5894),(#5895,#5896),(#5897,#5898),(#5899,#5900),
(#5901,#5902),(#5903,#5904)),.SURF_OF_LINEAR_EXTRUSION.,.F.,.F.,.F.,(4,
1,1,1,1,1,1,4),(2,2),(0.00549712554595126,0.129809984852707,0.254122844159463,
0.37843570346622,0.502748562772976,0.627061422079732,0.751374281386488,
1.),(0.,1.),.UNSPECIFIED.);
#46=B_SPLINE_SURFACE_WITH_KNOTS('',3,1,((#5924,#5925),(#5926,#5927),(#5928,
#5929),(#5930,#5931),(#5932,#5933),(#5934,#5935),(#5936,#5937),(#5938,#5939),
(#5940,#5941)),.SURF_OF_LINEAR_EXTRUSION.,.F.,.F.,.F.,(4,1,1,1,1,1,4),(2,
2),(0.0381803950203159,0.158407845642776,0.278635296265237,0.398862746887697,
0.519090197510158,0.759545098755079,1.),(0.,1.),.UNSPECIFIED.);
#47=B_SPLINE_SURFACE_WITH_KNOTS('',3,1,((#5969,#5970),(#5971,#5972),(#5973,
#5974),(#5975,#5976),(#5977,#5978),(#5979,#5980),(#5981,#5982),(#5983,#5984),
(#5985,#5986),(#5987,#5988),(#5989,#5990),(#5991,#5992),(#5993,#5994),(#5995,
#5996),(#5997,#5998),(#5999,#6000),(#6001,#6002),(#6003,#6004),(#6005,#6006),
(#6007,#6008),(#6009,#6010),(#6011,#6012),(#6013,#6014),(#6015,#6016),(#6017,
#6018),(#6019,#6020),(#6021,#6022),(#6023,#6024),(#6025,#6026),(#6027,#6028),
(#6029,#6030),(#6031,#6032),(#6033,#6034),(#6035,#6036),(#6037,#6038),(#6039,
#6040),(#6041,#6042),(#6043,#6044),(#6045,#6046),(#6047,#6048),(#6049,#6050),
(#6051,#6052),(#6053,#6054),(#6055,#6056),(#6057,#6058),(#6059,#6060),(#6061,
#6062),(#6063,#6064),(#6065,#6066),(#6067,#6068),(#6069,#6070),(#6071,#6072),
(#6073,#6074),(#6075,#6076),(#6077,#6078),(#6079,#6080)),.RULED_SURF.,.F.,
 .F.,.F.,(4,2,2,2,2,2,2,2,2,2,2,2,2,2,2,2,2,2,2,2,2,2,2,2,2,2,2,4),(2,2),
(0.,0.0369183775156783,0.0553775662735174,0.0738367550313565,0.0922959437891956,
0.110755132547035,0.129214321304874,0.147673510062713,0.166132698820552,
0.184591887578391,0.20305107633623,0.22151026509407,0.239969453851908,0.258428642609747,
0.276887831367587,0.295347020125426,0.313806208883265,0.332265397641104,
0.350724586398943,0.369183775156782,0.387642963914621,0.40610215267246,
0.4245613414303,0.443020530188139,0.479938907703817,0.516857285219495,0.553775662735174,
0.590694040250852),(0.,1.),.UNSPECIFIED.);
#48=B_SPLINE_SURFACE_WITH_KNOTS('',3,1,((#6097,#6098),(#6099,#6100),(#6101,
#6102),(#6103,#6104),(#6105,#6106),(#6107,#6108),(#6109,#6110),(#6111,#6112),
(#6113,#6114),(#6115,#6116),(#6117,#6118),(#6119,#6120),(#6121,#6122),(#6123,
#6124),(#6125,#6126),(#6127,#6128),(#6129,#6130),(#6131,#6132),(#6133,#6134),
(#6135,#6136),(#6137,#6138),(#6139,#6140),(#6141,#6142),(#6143,#6144),(#6145,
#6146),(#6147,#6148),(#6149,#6150),(#6151,#6152),(#6153,#6154),(#6155,#6156),
(#6157,#6158),(#6159,#6160),(#6161,#6162),(#6163,#6164)),.RULED_SURF.,.F.,
 .F.,.F.,(4,2,2,2,2,2,2,2,2,2,2,2,2,2,2,2,4),(2,2),(0.,0.452821297743031,
0.463376856993575,0.468654636618848,0.47393241624412,0.484487975494665,
0.49504353474521,0.505599093995754,0.516154653246299,0.537265771747389,
0.547821330997933,0.558376890248478,0.579488008749568,0.590043568000112,
0.600599127250657,0.611154686501202,0.621710245751746),(0.,1.),
 .UNSPECIFIED.);
#49=B_SPLINE_SURFACE_WITH_KNOTS('',3,1,((#6177,#6178),(#6179,#6180),(#6181,
#6182),(#6183,#6184),(#6185,#6186),(#6187,#6188),(#6189,#6190),(#6191,#6192),
(#6193,#6194),(#6195,#6196),(#6197,#6198),(#6199,#6200),(#6201,#6202),(#6203,
#6204),(#6205,#6206),(#6207,#6208),(#6209,#6210),(#6211,#6212),(#6213,#6214),
(#6215,#6216),(#6217,#6218),(#6219,#6220),(#6221,#6222),(#6223,#6224),(#6225,
#6226),(#6227,#6228)),.RULED_SURF.,.F.,.F.,.F.,(4,2,2,2,2,2,2,2,2,2,2,2,
4),(2,2),(0.,0.125,0.1875,0.25,0.3125,0.375,0.5,0.5625,0.625,0.75,0.8125,
0.875,1.),(0.,1.),.UNSPECIFIED.);
#50=B_SPLINE_SURFACE_WITH_KNOTS('',3,1,((#6243,#6244),(#6245,#6246),(#6247,
#6248),(#6249,#6250),(#6251,#6252),(#6253,#6254),(#6255,#6256),(#6257,#6258),
(#6259,#6260),(#6261,#6262),(#6263,#6264),(#6265,#6266),(#6267,#6268),(#6269,
#6270),(#6271,#6272),(#6273,#6274),(#6275,#6276),(#6277,#6278),(#6279,#6280),
(#6281,#6282),(#6283,#6284),(#6285,#6286),(#6287,#6288),(#6289,#6290),(#6291,
#6292),(#6293,#6294),(#6295,#6296),(#6297,#6298),(#6299,#6300),(#6301,#6302),
(#6303,#6304),(#6305,#6306),(#6307,#6308),(#6309,#6310)),.RULED_SURF.,.F.,
 .F.,.F.,(4,2,2,2,2,2,2,2,2,2,2,2,2,2,2,2,4),(2,2),(0.,0.0293756816316136,
0.0587513632632272,0.0881270448948407,0.117502726526454,0.146878408158068,
0.176254089789682,0.205629771421295,0.235005453052909,0.264381134684522,
0.293756816316135,0.32313249794775,0.352508179579363,0.381883861210977,
0.41125954284259,0.440635224474204,0.470010906105817),(0.,1.),
 .UNSPECIFIED.);
#51=B_SPLINE_SURFACE_WITH_KNOTS('',3,1,((#6322,#6323),(#6324,#6325),(#6326,
#6327),(#6328,#6329)),.SURF_OF_LINEAR_EXTRUSION.,.F.,.F.,.F.,(4,4),(2,2),
(0.453772054245473,1.),(0.,1.),.PIECEWISE_BEZIER_KNOTS.);
#52=B_SPLINE_SURFACE_WITH_KNOTS('',3,1,((#6337,#6338),(#6339,#6340),(#6341,
#6342),(#6343,#6344),(#6345,#6346),(#6347,#6348),(#6349,#6350),(#6351,#6352),
(#6353,#6354),(#6355,#6356)),.SURF_OF_LINEAR_EXTRUSION.,.F.,.F.,.F.,(4,
1,1,1,1,1,1,4),(2,2),(0.0137755240119203,0.13705358351043,0.26033164300894,
0.38360970250745,0.50688776200596,0.63016582150447,0.75344388100298,1.),
(0.,1.),.UNSPECIFIED.);
#53=B_SPLINE_SURFACE_WITH_KNOTS('',3,1,((#6373,#6374,#6375),(#6376,#6377,
#6378),(#6379,#6380,#6381),(#6382,#6383,#6384),(#6385,#6386,#6387),(#6388,
#6389,#6390)),.RULED_SURF.,.F.,.F.,.F.,(4,2,4),(2,1,2),(0.,0.504102654344351,
1.),(0.,1.,1.02437040027025),.UNSPECIFIED.);
#54=B_SPLINE_SURFACE_WITH_KNOTS('',3,1,((#6455,#6456,#6457),(#6458,#6459,
#6460),(#6461,#6462,#6463),(#6464,#6465,#6466),(#6467,#6468,#6469),(#6470,
#6471,#6472)),.RULED_SURF.,.F.,.F.,.F.,(4,2,4),(2,1,2),(0.,0.49954026776704,
1.),(0.,1.,1.0282368671578),.UNSPECIFIED.);
#55=B_SPLINE_SURFACE_WITH_KNOTS('',3,1,((#6542,#6543),(#6544,#6545),(#6546,
#6547),(#6548,#6549)),.RULED_SURF.,.F.,.F.,.F.,(4,4),(2,2),(0.,1.),(0.,
0.730676244849678),.PIECEWISE_BEZIER_KNOTS.);
#56=B_SPLINE_SURFACE_WITH_KNOTS('',3,3,((#6555,#6556,#6557,#6558),(#6559,
#6560,#6561,#6562),(#6563,#6564,#6565,#6566),(#6567,#6568,#6569,#6570),
(#6571,#6572,#6573,#6574),(#6575,#6576,#6577,#6578),(#6579,#6580,#6581,
#6582),(#6583,#6584,#6585,#6586),(#6587,#6588,#6589,#6590),(#6591,#6592,
#6593,#6594),(#6595,#6596,#6597,#6598),(#6599,#6600,#6601,#6602),(#6603,
#6604,#6605,#6606),(#6607,#6608,#6609,#6610),(#6611,#6612,#6613,#6614),
(#6615,#6616,#6617,#6618),(#6619,#6620,#6621,#6622),(#6623,#6624,#6625,
#6626)),.UNSPECIFIED.,.F.,.F.,.F.,(4,2,2,2,2,2,2,2,4),(4,4),(0.,0.0708245390375606,
0.141649078075121,0.212473617112682,0.283298156150242,0.354122695187803,
0.424947234225364,0.495771773262924,0.515085669865068),(0.00502002219534636,
0.00663209508644354),.UNSPECIFIED.);
#57=B_SPLINE_SURFACE_WITH_KNOTS('',3,3,((#6631,#6632,#6633,#6634),(#6635,
#6636,#6637,#6638),(#6639,#6640,#6641,#6642),(#6643,#6644,#6645,#6646),
(#6647,#6648,#6649,#6650),(#6651,#6652,#6653,#6654),(#6655,#6656,#6657,
#6658),(#6659,#6660,#6661,#6662),(#6663,#6664,#6665,#6666),(#6667,#6668,
#6669,#6670),(#6671,#6672,#6673,#6674),(#6675,#6676,#6677,#6678),(#6679,
#6680,#6681,#6682),(#6683,#6684,#6685,#6686),(#6687,#6688,#6689,#6690),
(#6691,#6692,#6693,#6694),(#6695,#6696,#6697,#6698),(#6699,#6700,#6701,
#6702),(#6703,#6704,#6705,#6706),(#6707,#6708,#6709,#6710),(#6711,#6712,
#6713,#6714),(#6715,#6716,#6717,#6718),(#6719,#6720,#6721,#6722),(#6723,
#6724,#6725,#6726),(#6727,#6728,#6729,#6730),(#6731,#6732,#6733,#6734),
(#6735,#6736,#6737,#6738),(#6739,#6740,#6741,#6742),(#6743,#6744,#6745,
#6746),(#6747,#6748,#6749,#6750),(#6751,#6752,#6753,#6754),(#6755,#6756,
#6757,#6758),(#6759,#6760,#6761,#6762),(#6763,#6764,#6765,#6766)),
 .UNSPECIFIED.,.F.,.F.,.F.,(4,2,2,2,2,2,2,2,2,2,2,2,2,2,2,2,4),(4,4),(0.,
0.0625,0.125,0.1875,0.25,0.3125,0.375,0.4375,0.5,0.5625,0.625,0.6875,0.75,
0.8125,0.875,0.9375,1.),(-0.0014963944350531,0.00174082506374734),
 .UNSPECIFIED.);
#58=B_SPLINE_SURFACE_WITH_KNOTS('',3,1,((#6821,#6822),(#6823,#6824),(#6825,
#6826),(#6827,#6828),(#6829,#6830),(#6831,#6832),(#6833,#6834),(#6835,#6836),
(#6837,#6838),(#6839,#6840),(#6841,#6842),(#6843,#6844),(#6845,#6846),(#6847,
#6848),(#6849,#6850),(#6851,#6852),(#6853,#6854),(#6855,#6856),(#6857,#6858),
(#6859,#6860),(#6861,#6862),(#6863,#6864),(#6865,#6866),(#6867,#6868),(#6869,
#6870),(#6871,#6872),(#6873,#6874),(#6875,#6876),(#6877,#6878),(#6879,#6880),
(#6881,#6882),(#6883,#6884),(#6885,#6886),(#6887,#6888),(#6889,#6890),(#6891,
#6892),(#6893,#6894),(#6895,#6896),(#6897,#6898),(#6899,#6900),(#6901,#6902),
(#6903,#6904),(#6905,#6906),(#6907,#6908),(#6909,#6910),(#6911,#6912),(#6913,
#6914),(#6915,#6916),(#6917,#6918),(#6919,#6920),(#6921,#6922),(#6923,#6924),
(#6925,#6926),(#6927,#6928),(#6929,#6930),(#6931,#6932),(#6933,#6934),(#6935,
#6936),(#6937,#6938),(#6939,#6940),(#6941,#6942),(#6943,#6944),(#6945,#6946)),
 .SURF_OF_LINEAR_EXTRUSION.,.F.,.F.,.F.,(4,1,1,1,1,1,1,1,1,1,1,1,1,1,1,
1,1,1,1,1,1,1,1,1,1,1,1,1,1,1,1,1,1,1,1,1,1,1,1,1,1,1,1,1,1,1,1,1,1,1,1,
1,1,1,1,1,1,1,1,1,4),(2,2),(0.,0.0131691982082546,0.026337628949558,0.0395044119581357,
0.0526687223041851,0.07127848698279,0.0898772940534653,0.108465795809603,
0.127044647058245,0.145613926143106,0.164173521349225,0.182723363537446,
0.201263433896391,0.21979376194741,0.238314504647719,0.256825847192379,
0.275327993558546,0.293821187736719,0.31230558176353,0.330780848049044,
0.349246605345721,0.367702583130665,0.386148654634049,0.4045848567289,0.423011733021555,
0.441429961861701,0.45984025955684,0.478243328675344,0.496639835543744,
0.515030188449311,0.533414846101153,0.551794509169166,0.570170125312269,
0.588542939604782,0.606914475053373,0.625286044723989,0.643658644493616,
0.662032983395519,0.680409679619341,0.698790747726171,0.717180161931898,
0.735584180053929,0.754012073581908,0.772476139912208,0.790986459702299,
0.809551093273032,0.828183171201486,0.846907246597031,0.865755021668882,
0.88476814941976,0.89836696289607,0.912143588977192,0.926205344582356,0.940781037588358,
0.954391011618939,0.964236919637954,0.974512440693034,0.982421848832454,
0.98865697933281,0.99364677948532,1.),(0.,1.),.UNSPECIFIED.);
#59=B_SPLINE_SURFACE_WITH_KNOTS('',3,1,((#7211,#7212),(#7213,#7214),(#7215,
#7216),(#7217,#7218),(#7219,#7220),(#7221,#7222),(#7223,#7224),(#7225,#7226),
(#7227,#7228),(#7229,#7230),(#7231,#7232),(#7233,#7234),(#7235,#7236),(#7237,
#7238),(#7239,#7240),(#7241,#7242),(#7243,#7244),(#7245,#7246),(#7247,#7248),
(#7249,#7250),(#7251,#7252),(#7253,#7254),(#7255,#7256),(#7257,#7258),(#7259,
#7260),(#7261,#7262),(#7263,#7264),(#7265,#7266),(#7267,#7268),(#7269,#7270),
(#7271,#7272),(#7273,#7274),(#7275,#7276),(#7277,#7278),(#7279,#7280),(#7281,
#7282),(#7283,#7284),(#7285,#7286),(#7287,#7288),(#7289,#7290),(#7291,#7292),
(#7293,#7294),(#7295,#7296),(#7297,#7298),(#7299,#7300),(#7301,#7302),(#7303,
#7304),(#7305,#7306),(#7307,#7308),(#7309,#7310),(#7311,#7312),(#7313,#7314),
(#7315,#7316),(#7317,#7318),(#7319,#7320),(#7321,#7322),(#7323,#7324),(#7325,
#7326),(#7327,#7328),(#7329,#7330),(#7331,#7332),(#7333,#7334),(#7335,#7336)),
 .SURF_OF_LINEAR_EXTRUSION.,.F.,.F.,.F.,(4,1,1,1,1,1,1,1,1,1,1,1,1,1,1,
1,1,1,1,1,1,1,1,1,1,1,1,1,1,1,1,1,1,1,1,1,1,1,1,1,1,1,1,1,1,1,1,1,1,1,1,
1,1,1,1,1,1,1,1,1,4),(2,2),(0.,0.00899921016915025,0.0138534602291403,0.0198997866034538,
0.0275126742818102,0.0372503225352872,0.0463657355957892,0.0585810548422514,
0.0718875658363931,0.0851377161712909,0.0983446384251015,0.111514260353026,
0.130105305491216,0.148685595147206,0.167260054689043,0.185831438659115,
0.204401933830969,0.222972917268028,0.241545115976966,0.260118759711685,
0.278693805014846,0.297270010080792,0.315846972626829,0.334424195771457,
0.353001238222584,0.371578064682885,0.39015474972287,0.408731363808279,
0.427307979578337,0.445884652764208,0.464461385334052,0.483038153670361,
0.501614942490472,0.520191731310584,0.538768503058545,0.557345259461359,
0.575922005644488,0.594498748422908,0.613075489499319,0.631652235682449,
0.650228985271214,0.668805736563144,0.687382491262099,0.705959244257425,
0.724535997252752,0.743112748544682,0.761689499836612,0.780266251128542,
0.798843002420473,0.817419753712403,0.835996505004333,0.854573256296263,
0.873150007588193,0.891726758880123,0.910303510172053,0.928880261463983,
0.947457012755914,0.960592758362534,0.973728503969154,0.986864251984577,
1.),(0.,1.),.UNSPECIFIED.);
#60=B_SPLINE_SURFACE_WITH_KNOTS('',3,1,((#7691,#7692,#7693),(#7694,#7695,
#7696),(#7697,#7698,#7699),(#7700,#7701,#7702),(#7703,#7704,#7705),(#7706,
#7707,#7708)),.RULED_SURF.,.F.,.F.,.F.,(4,2,4),(2,1,2),(0.,0.49954026776704,
1.),(0.,1.,1.0282368671578),.UNSPECIFIED.);
#61=B_SPLINE_SURFACE_WITH_KNOTS('',3,1,((#7774,#7775,#7776),(#7777,#7778,
#7779),(#7780,#7781,#7782),(#7783,#7784,#7785),(#7786,#7787,#7788),(#7789,
#7790,#7791)),.RULED_SURF.,.F.,.F.,.F.,(4,2,4),(2,1,2),(0.,0.504102654344351,
1.),(0.,1.,1.02437040027025),.UNSPECIFIED.);
#62=B_SPLINE_SURFACE_WITH_KNOTS('',3,1,((#7849,#7850),(#7851,#7852),(#7853,
#7854),(#7855,#7856)),.RULED_SURF.,.F.,.F.,.F.,(4,4),(2,2),(0.,1.),(0.,
0.730676244849678),.PIECEWISE_BEZIER_KNOTS.);
#63=B_SPLINE_SURFACE_WITH_KNOTS('',3,3,((#7861,#7862,#7863,#7864),(#7865,
#7866,#7867,#7868),(#7869,#7870,#7871,#7872),(#7873,#7874,#7875,#7876),
(#7877,#7878,#7879,#7880),(#7881,#7882,#7883,#7884),(#7885,#7886,#7887,
#7888),(#7889,#7890,#7891,#7892),(#7893,#7894,#7895,#7896),(#7897,#7898,
#7899,#7900),(#7901,#7902,#7903,#7904),(#7905,#7906,#7907,#7908),(#7909,
#7910,#7911,#7912),(#7913,#7914,#7915,#7916),(#7917,#7918,#7919,#7920),
(#7921,#7922,#7923,#7924),(#7925,#7926,#7927,#7928),(#7929,#7930,#7931,
#7932)),.UNSPECIFIED.,.F.,.F.,.F.,(4,2,2,2,2,2,2,2,4),(4,4),(0.,0.0708245390375606,
0.141649078075121,0.212473617112682,0.283298156150242,0.354122695187803,
0.424947234225364,0.495771773262924,0.515085669865068),(0.00501999835286714,
0.0066320952286452),.UNSPECIFIED.);
#64=B_SPLINE_SURFACE_WITH_KNOTS('',3,3,((#7937,#7938,#7939,#7940),(#7941,
#7942,#7943,#7944),(#7945,#7946,#7947,#7948),(#7949,#7950,#7951,#7952),
(#7953,#7954,#7955,#7956),(#7957,#7958,#7959,#7960),(#7961,#7962,#7963,
#7964),(#7965,#7966,#7967,#7968),(#7969,#7970,#7971,#7972),(#7973,#7974,
#7975,#7976),(#7977,#7978,#7979,#7980),(#7981,#7982,#7983,#7984),(#7985,
#7986,#7987,#7988),(#7989,#7990,#7991,#7992),(#7993,#7994,#7995,#7996),
(#7997,#7998,#7999,#8000),(#8001,#8002,#8003,#8004),(#8005,#8006,#8007,
#8008),(#8009,#8010,#8011,#8012),(#8013,#8014,#8015,#8016),(#8017,#8018,
#8019,#8020),(#8021,#8022,#8023,#8024),(#8025,#8026,#8027,#8028),(#8029,
#8030,#8031,#8032),(#8033,#8034,#8035,#8036),(#8037,#8038,#8039,#8040),
(#8041,#8042,#8043,#8044),(#8045,#8046,#8047,#8048),(#8049,#8050,#8051,
#8052),(#8053,#8054,#8055,#8056),(#8057,#8058,#8059,#8060),(#8061,#8062,
#8063,#8064),(#8065,#8066,#8067,#8068),(#8069,#8070,#8071,#8072)),
 .UNSPECIFIED.,.F.,.F.,.F.,(4,2,2,2,2,2,2,2,2,2,2,2,2,2,2,2,4),(4,4),(0.,
0.0625,0.125,0.1875,0.25,0.3125,0.375,0.4375,0.5,0.5625,0.625,0.6875,0.75,
0.8125,0.875,0.9375,1.),(-0.00149639445259116,0.00174082800429449),
 .UNSPECIFIED.);
#65=B_SPLINE_SURFACE_WITH_KNOTS('',3,3,((#8205,#8206,#8207,#8208,#8209,
#8210,#8211,#8212,#8213,#8214,#8215,#8216,#8217,#8218,#8219,#8220,#8221,
#8222,#8223),(#8224,#8225,#8226,#8227,#8228,#8229,#8230,#8231,#8232,#8233,
#8234,#8235,#8236,#8237,#8238,#8239,#8240,#8241,#8242),(#8243,#8244,#8245,
#8246,#8247,#8248,#8249,#8250,#8251,#8252,#8253,#8254,#8255,#8256,#8257,
#8258,#8259,#8260,#8261),(#8262,#8263,#8264,#8265,#8266,#8267,#8268,#8269,
#8270,#8271,#8272,#8273,#8274,#8275,#8276,#8277,#8278,#8279,#8280),(#8281,
#8282,#8283,#8284,#8285,#8286,#8287,#8288,#8289,#8290,#8291,#8292,#8293,
#8294,#8295,#8296,#8297,#8298,#8299),(#8300,#8301,#8302,#8303,#8304,#8305,
#8306,#8307,#8308,#8309,#8310,#8311,#8312,#8313,#8314,#8315,#8316,#8317,
#8318),(#8319,#8320,#8321,#8322,#8323,#8324,#8325,#8326,#8327,#8328,#8329,
#8330,#8331,#8332,#8333,#8334,#8335,#8336,#8337),(#8338,#8339,#8340,#8341,
#8342,#8343,#8344,#8345,#8346,#8347,#8348,#8349,#8350,#8351,#8352,#8353,
#8354,#8355,#8356),(#8357,#8358,#8359,#8360,#8361,#8362,#8363,#8364,#8365,
#8366,#8367,#8368,#8369,#8370,#8371,#8372,#8373,#8374,#8375),(#8376,#8377,
#8378,#8379,#8380,#8381,#8382,#8383,#8384,#8385,#8386,#8387,#8388,#8389,
#8390,#8391,#8392,#8393,#8394),(#8395,#8396,#8397,#8398,#8399,#8400,#8401,
#8402,#8403,#8404,#8405,#8406,#8407,#8408,#8409,#8410,#8411,#8412,#8413),
(#8414,#8415,#8416,#8417,#8418,#8419,#8420,#8421,#8422,#8423,#8424,#8425,
#8426,#8427,#8428,#8429,#8430,#8431,#8432),(#8433,#8434,#8435,#8436,#8437,
#8438,#8439,#8440,#8441,#8442,#8443,#8444,#8445,#8446,#8447,#8448,#8449,
#8450,#8451),(#8452,#8453,#8454,#8455,#8456,#8457,#8458,#8459,#8460,#8461,
#8462,#8463,#8464,#8465,#8466,#8467,#8468,#8469,#8470),(#8471,#8472,#8473,
#8474,#8475,#8476,#8477,#8478,#8479,#8480,#8481,#8482,#8483,#8484,#8485,
#8486,#8487,#8488,#8489),(#8490,#8491,#8492,#8493,#8494,#8495,#8496,#8497,
#8498,#8499,#8500,#8501,#8502,#8503,#8504,#8505,#8506,#8507,#8508),(#8509,
#8510,#8511,#8512,#8513,#8514,#8515,#8516,#8517,#8518,#8519,#8520,#8521,
#8522,#8523,#8524,#8525,#8526,#8527),(#8528,#8529,#8530,#8531,#8532,#8533,
#8534,#8535,#8536,#8537,#8538,#8539,#8540,#8541,#8542,#8543,#8544,#8545,
#8546),(#8547,#8548,#8549,#8550,#8551,#8552,#8553,#8554,#8555,#8556,#8557,
#8558,#8559,#8560,#8561,#8562,#8563,#8564,#8565),(#8566,#8567,#8568,#8569,
#8570,#8571,#8572,#8573,#8574,#8575,#8576,#8577,#8578,#8579,#8580,#8581,
#8582,#8583,#8584),(#8585,#8586,#8587,#8588,#8589,#8590,#8591,#8592,#8593,
#8594,#8595,#8596,#8597,#8598,#8599,#8600,#8601,#8602,#8603),(#8604,#8605,
#8606,#8607,#8608,#8609,#8610,#8611,#8612,#8613,#8614,#8615,#8616,#8617,
#8618,#8619,#8620,#8621,#8622)),.UNSPECIFIED.,.F.,.T.,.F.,(4,2,2,2,2,2,
2,2,2,2,4),(4,1,1,1,1,1,1,1,1,1,1,1,1,1,1,1,4),(0.,0.0625,0.125,0.25,0.375,
0.5,0.625,0.75,0.875,0.9375,1.),(0.,0.392699081698724,0.785398163397449,
1.17809724509617,1.5707963267949,1.96349540849362,2.35619449019235,2.74889357189107,
3.1415926535898,3.53429173528852,3.92699081698724,4.31968989868597,4.71238898038469,
5.10508806208342,5.49778714378214,5.89048622548087,6.28318530717959),
 .UNSPECIFIED.);
#66=B_SPLINE_SURFACE_WITH_KNOTS('',3,3,((#8643,#8644,#8645,#8646,#8647,
#8648,#8649,#8650,#8651,#8652,#8653,#8654,#8655,#8656,#8657,#8658,#8659,
#8660,#8661),(#8662,#8663,#8664,#8665,#8666,#8667,#8668,#8669,#8670,#8671,
#8672,#8673,#8674,#8675,#8676,#8677,#8678,#8679,#8680),(#8681,#8682,#8683,
#8684,#8685,#8686,#8687,#8688,#8689,#8690,#8691,#8692,#8693,#8694,#8695,
#8696,#8697,#8698,#8699),(#8700,#8701,#8702,#8703,#8704,#8705,#8706,#8707,
#8708,#8709,#8710,#8711,#8712,#8713,#8714,#8715,#8716,#8717,#8718),(#8719,
#8720,#8721,#8722,#8723,#8724,#8725,#8726,#8727,#8728,#8729,#8730,#8731,
#8732,#8733,#8734,#8735,#8736,#8737),(#8738,#8739,#8740,#8741,#8742,#8743,
#8744,#8745,#8746,#8747,#8748,#8749,#8750,#8751,#8752,#8753,#8754,#8755,
#8756),(#8757,#8758,#8759,#8760,#8761,#8762,#8763,#8764,#8765,#8766,#8767,
#8768,#8769,#8770,#8771,#8772,#8773,#8774,#8775),(#8776,#8777,#8778,#8779,
#8780,#8781,#8782,#8783,#8784,#8785,#8786,#8787,#8788,#8789,#8790,#8791,
#8792,#8793,#8794),(#8795,#8796,#8797,#8798,#8799,#8800,#8801,#8802,#8803,
#8804,#8805,#8806,#8807,#8808,#8809,#8810,#8811,#8812,#8813),(#8814,#8815,
#8816,#8817,#8818,#8819,#8820,#8821,#8822,#8823,#8824,#8825,#8826,#8827,
#8828,#8829,#8830,#8831,#8832),(#8833,#8834,#8835,#8836,#8837,#8838,#8839,
#8840,#8841,#8842,#8843,#8844,#8845,#8846,#8847,#8848,#8849,#8850,#8851),
(#8852,#8853,#8854,#8855,#8856,#8857,#8858,#8859,#8860,#8861,#8862,#8863,
#8864,#8865,#8866,#8867,#8868,#8869,#8870),(#8871,#8872,#8873,#8874,#8875,
#8876,#8877,#8878,#8879,#8880,#8881,#8882,#8883,#8884,#8885,#8886,#8887,
#8888,#8889),(#8890,#8891,#8892,#8893,#8894,#8895,#8896,#8897,#8898,#8899,
#8900,#8901,#8902,#8903,#8904,#8905,#8906,#8907,#8908),(#8909,#8910,#8911,
#8912,#8913,#8914,#8915,#8916,#8917,#8918,#8919,#8920,#8921,#8922,#8923,
#8924,#8925,#8926,#8927),(#8928,#8929,#8930,#8931,#8932,#8933,#8934,#8935,
#8936,#8937,#8938,#8939,#8940,#8941,#8942,#8943,#8944,#8945,#8946),(#8947,
#8948,#8949,#8950,#8951,#8952,#8953,#8954,#8955,#8956,#8957,#8958,#8959,
#8960,#8961,#8962,#8963,#8964,#8965),(#8966,#8967,#8968,#8969,#8970,#8971,
#8972,#8973,#8974,#8975,#8976,#8977,#8978,#8979,#8980,#8981,#8982,#8983,
#8984),(#8985,#8986,#8987,#8988,#8989,#8990,#8991,#8992,#8993,#8994,#8995,
#8996,#8997,#8998,#8999,#9000,#9001,#9002,#9003),(#9004,#9005,#9006,#9007,
#9008,#9009,#9010,#9011,#9012,#9013,#9014,#9015,#9016,#9017,#9018,#9019,
#9020,#9021,#9022),(#9023,#9024,#9025,#9026,#9027,#9028,#9029,#9030,#9031,
#9032,#9033,#9034,#9035,#9036,#9037,#9038,#9039,#9040,#9041),(#9042,#9043,
#9044,#9045,#9046,#9047,#9048,#9049,#9050,#9051,#9052,#9053,#9054,#9055,
#9056,#9057,#9058,#9059,#9060)),.UNSPECIFIED.,.F.,.T.,.F.,(4,2,2,2,2,2,
2,2,2,2,4),(4,1,1,1,1,1,1,1,1,1,1,1,1,1,1,1,4),(0.,0.0625,0.125,0.25,0.375,
0.5,0.625,0.75,0.875,0.9375,1.),(0.,0.392699081698724,0.785398163397449,
1.17809724509617,1.5707963267949,1.96349540849362,2.35619449019235,2.74889357189107,
3.1415926535898,3.53429173528852,3.92699081698724,4.31968989868597,4.71238898038469,
5.10508806208342,5.49778714378214,5.89048622548087,6.28318530717959),
 .UNSPECIFIED.);
#67=B_SPLINE_SURFACE_WITH_KNOTS('',3,3,((#9182,#9183,#9184,#9185,#9186,
#9187,#9188,#9189,#9190,#9191,#9192,#9193,#9194,#9195,#9196,#9197,#9198,
#9199,#9200),(#9201,#9202,#9203,#9204,#9205,#9206,#9207,#9208,#9209,#9210,
#9211,#9212,#9213,#9214,#9215,#9216,#9217,#9218,#9219),(#9220,#9221,#9222,
#9223,#9224,#9225,#9226,#9227,#9228,#9229,#9230,#9231,#9232,#9233,#9234,
#9235,#9236,#9237,#9238),(#9239,#9240,#9241,#9242,#9243,#9244,#9245,#9246,
#9247,#9248,#9249,#9250,#9251,#9252,#9253,#9254,#9255,#9256,#9257),(#9258,
#9259,#9260,#9261,#9262,#9263,#9264,#9265,#9266,#9267,#9268,#9269,#9270,
#9271,#9272,#9273,#9274,#9275,#9276),(#9277,#9278,#9279,#9280,#9281,#9282,
#9283,#9284,#9285,#9286,#9287,#9288,#9289,#9290,#9291,#9292,#9293,#9294,
#9295),(#9296,#9297,#9298,#9299,#9300,#9301,#9302,#9303,#9304,#9305,#9306,
#9307,#9308,#9309,#9310,#9311,#9312,#9313,#9314),(#9315,#9316,#9317,#9318,
#9319,#9320,#9321,#9322,#9323,#9324,#9325,#9326,#9327,#9328,#9329,#9330,
#9331,#9332,#9333),(#9334,#9335,#9336,#9337,#9338,#9339,#9340,#9341,#9342,
#9343,#9344,#9345,#9346,#9347,#9348,#9349,#9350,#9351,#9352),(#9353,#9354,
#9355,#9356,#9357,#9358,#9359,#9360,#9361,#9362,#9363,#9364,#9365,#9366,
#9367,#9368,#9369,#9370,#9371),(#9372,#9373,#9374,#9375,#9376,#9377,#9378,
#9379,#9380,#9381,#9382,#9383,#9384,#9385,#9386,#9387,#9388,#9389,#9390),
(#9391,#9392,#9393,#9394,#9395,#9396,#9397,#9398,#9399,#9400,#9401,#9402,
#9403,#9404,#9405,#9406,#9407,#9408,#9409),(#9410,#9411,#9412,#9413,#9414,
#9415,#9416,#9417,#9418,#9419,#9420,#9421,#9422,#9423,#9424,#9425,#9426,
#9427,#9428),(#9429,#9430,#9431,#9432,#9433,#9434,#9435,#9436,#9437,#9438,
#9439,#9440,#9441,#9442,#9443,#9444,#9445,#9446,#9447),(#9448,#9449,#9450,
#9451,#9452,#9453,#9454,#9455,#9456,#9457,#9458,#9459,#9460,#9461,#9462,
#9463,#9464,#9465,#9466),(#9467,#9468,#9469,#9470,#9471,#9472,#9473,#9474,
#9475,#9476,#9477,#9478,#9479,#9480,#9481,#9482,#9483,#9484,#9485),(#9486,
#9487,#9488,#9489,#9490,#9491,#9492,#9493,#9494,#9495,#9496,#9497,#9498,
#9499,#9500,#9501,#9502,#9503,#9504),(#9505,#9506,#9507,#9508,#9509,#9510,
#9511,#9512,#9513,#9514,#9515,#9516,#9517,#9518,#9519,#9520,#9521,#9522,
#9523),(#9524,#9525,#9526,#9527,#9528,#9529,#9530,#9531,#9532,#9533,#9534,
#9535,#9536,#9537,#9538,#9539,#9540,#9541,#9542),(#9543,#9544,#9545,#9546,
#9547,#9548,#9549,#9550,#9551,#9552,#9553,#9554,#9555,#9556,#9557,#9558,
#9559,#9560,#9561),(#9562,#9563,#9564,#9565,#9566,#9567,#9568,#9569,#9570,
#9571,#9572,#9573,#9574,#9575,#9576,#9577,#9578,#9579,#9580),(#9581,#9582,
#9583,#9584,#9585,#9586,#9587,#9588,#9589,#9590,#9591,#9592,#9593,#9594,
#9595,#9596,#9597,#9598,#9599)),.UNSPECIFIED.,.F.,.T.,.F.,(4,2,2,2,2,2,
2,2,2,2,4),(4,1,1,1,1,1,1,1,1,1,1,1,1,1,1,1,4),(0.,0.0625,0.125,0.25,0.375,
0.5,0.625,0.75,0.875,0.9375,1.),(0.,0.392699081698724,0.785398163397449,
1.17809724509617,1.5707963267949,1.96349540849362,2.35619449019235,2.74889357189107,
3.1415926535898,3.53429173528852,3.92699081698724,4.31968989868597,4.71238898038469,
5.10508806208342,5.49778714378214,5.89048622548087,6.28318530717959),
 .UNSPECIFIED.);
#68=B_SPLINE_SURFACE_WITH_KNOTS('',3,3,((#9620,#9621,#9622,#9623,#9624,
#9625,#9626,#9627,#9628,#9629,#9630,#9631,#9632,#9633,#9634,#9635,#9636,
#9637,#9638),(#9639,#9640,#9641,#9642,#9643,#9644,#9645,#9646,#9647,#9648,
#9649,#9650,#9651,#9652,#9653,#9654,#9655,#9656,#9657),(#9658,#9659,#9660,
#9661,#9662,#9663,#9664,#9665,#9666,#9667,#9668,#9669,#9670,#9671,#9672,
#9673,#9674,#9675,#9676),(#9677,#9678,#9679,#9680,#9681,#9682,#9683,#9684,
#9685,#9686,#9687,#9688,#9689,#9690,#9691,#9692,#9693,#9694,#9695),(#9696,
#9697,#9698,#9699,#9700,#9701,#9702,#9703,#9704,#9705,#9706,#9707,#9708,
#9709,#9710,#9711,#9712,#9713,#9714),(#9715,#9716,#9717,#9718,#9719,#9720,
#9721,#9722,#9723,#9724,#9725,#9726,#9727,#9728,#9729,#9730,#9731,#9732,
#9733),(#9734,#9735,#9736,#9737,#9738,#9739,#9740,#9741,#9742,#9743,#9744,
#9745,#9746,#9747,#9748,#9749,#9750,#9751,#9752),(#9753,#9754,#9755,#9756,
#9757,#9758,#9759,#9760,#9761,#9762,#9763,#9764,#9765,#9766,#9767,#9768,
#9769,#9770,#9771),(#9772,#9773,#9774,#9775,#9776,#9777,#9778,#9779,#9780,
#9781,#9782,#9783,#9784,#9785,#9786,#9787,#9788,#9789,#9790),(#9791,#9792,
#9793,#9794,#9795,#9796,#9797,#9798,#9799,#9800,#9801,#9802,#9803,#9804,
#9805,#9806,#9807,#9808,#9809),(#9810,#9811,#9812,#9813,#9814,#9815,#9816,
#9817,#9818,#9819,#9820,#9821,#9822,#9823,#9824,#9825,#9826,#9827,#9828),
(#9829,#9830,#9831,#9832,#9833,#9834,#9835,#9836,#9837,#9838,#9839,#9840,
#9841,#9842,#9843,#9844,#9845,#9846,#9847),(#9848,#9849,#9850,#9851,#9852,
#9853,#9854,#9855,#9856,#9857,#9858,#9859,#9860,#9861,#9862,#9863,#9864,
#9865,#9866),(#9867,#9868,#9869,#9870,#9871,#9872,#9873,#9874,#9875,#9876,
#9877,#9878,#9879,#9880,#9881,#9882,#9883,#9884,#9885),(#9886,#9887,#9888,
#9889,#9890,#9891,#9892,#9893,#9894,#9895,#9896,#9897,#9898,#9899,#9900,
#9901,#9902,#9903,#9904),(#9905,#9906,#9907,#9908,#9909,#9910,#9911,#9912,
#9913,#9914,#9915,#9916,#9917,#9918,#9919,#9920,#9921,#9922,#9923),(#9924,
#9925,#9926,#9927,#9928,#9929,#9930,#9931,#9932,#9933,#9934,#9935,#9936,
#9937,#9938,#9939,#9940,#9941,#9942),(#9943,#9944,#9945,#9946,#9947,#9948,
#9949,#9950,#9951,#9952,#9953,#9954,#9955,#9956,#9957,#9958,#9959,#9960,
#9961),(#9962,#9963,#9964,#9965,#9966,#9967,#9968,#9969,#9970,#9971,#9972,
#9973,#9974,#9975,#9976,#9977,#9978,#9979,#9980),(#9981,#9982,#9983,#9984,
#9985,#9986,#9987,#9988,#9989,#9990,#9991,#9992,#9993,#9994,#9995,#9996,
#9997,#9998,#9999),(#10000,#10001,#10002,#10003,#10004,#10005,#10006,#10007,
#10008,#10009,#10010,#10011,#10012,#10013,#10014,#10015,#10016,#10017,#10018),
(#10019,#10020,#10021,#10022,#10023,#10024,#10025,#10026,#10027,#10028,
#10029,#10030,#10031,#10032,#10033,#10034,#10035,#10036,#10037)),
 .UNSPECIFIED.,.F.,.T.,.F.,(4,2,2,2,2,2,2,2,2,2,4),(4,1,1,1,1,1,1,1,1,1,
1,1,1,1,1,1,4),(0.,0.0625,0.125,0.25,0.375,0.5,0.625,0.75,0.875,0.9375,
1.),(0.,0.392699081698724,0.785398163397449,1.17809724509617,1.5707963267949,
1.96349540849362,2.35619449019235,2.74889357189107,3.1415926535898,3.53429173528852,
3.92699081698724,4.31968989868597,4.71238898038469,5.10508806208342,5.49778714378214,
5.89048622548087,6.28318530717959),.UNSPECIFIED.);
#69=ELLIPSE('',#3958,0.162213697899271,0.01496812);
#70=ELLIPSE('',#3959,0.0150677127780349,0.01496812);
#71=ELLIPSE('',#3960,0.162213697899272,0.01496812);
#72=ELLIPSE('',#3961,0.0150677127780349,0.01496812);
#73=ELLIPSE('',#3962,0.2153279163944,0.01496812);
#74=ELLIPSE('',#3963,0.2153279163944,0.01496812);
#75=ELLIPSE('',#3964,0.0150677127780349,0.01496812);
#76=ELLIPSE('',#3965,0.0150677127780349,0.01496812);
#77=ELLIPSE('',#3967,0.0150703238926083,0.01496812);
#78=ELLIPSE('',#3968,0.162241808240691,0.01496812);
#79=ELLIPSE('',#3969,0.0150703238926083,0.01496812);
#80=ELLIPSE('',#3970,0.162241808240691,0.01496812);
#81=ELLIPSE('',#3971,0.0150703238926083,0.01496812);
#82=ELLIPSE('',#3972,0.0150703238926083,0.01496812);
#83=ELLIPSE('',#4037,0.0150703238926083,0.01496812);
#84=ELLIPSE('',#4040,0.0150677127780349,0.01496812);
#85=ELLIPSE('',#4050,0.00559016950884023,0.005);
#86=ELLIPSE('',#4052,0.00559016950884023,0.005);
#87=ELLIPSE('',#4054,0.00560683081971469,0.005);
#88=ELLIPSE('',#4056,0.00560683081971469,0.005);
#89=ELLIPSE('',#4058,0.0502492786784459,0.005);
#90=ELLIPSE('',#4064,0.00559016950884023,0.005);
#91=ELLIPSE('',#4065,0.0502492786784459,0.005);
#92=ELLIPSE('',#4066,0.00560683081971469,0.005);
#93=ELLIPSE('',#4067,0.00560683081971469,0.005);
#94=ELLIPSE('',#4068,0.00559016950884023,0.005);
#95=CIRCLE('',#3955,0.001);
#96=CIRCLE('',#3986,0.0002);
#97=CIRCLE('',#3987,0.0002);
#98=CIRCLE('',#4011,0.001);
#99=CIRCLE('',#4012,0.001);
#100=CIRCLE('',#4015,0.002);
#101=CIRCLE('',#4016,0.002);
#102=CIRCLE('',#4019,0.002);
#103=CIRCLE('',#4022,0.002);
#104=CIRCLE('',#4062,0.005);
#105=CIRCLE('',#4063,0.005);
#106=CIRCLE('',#4073,0.001);
#107=CIRCLE('',#4074,0.0149681240867132);
#108=CIRCLE('',#4075,0.0050698484809835);
#109=CIRCLE('',#4077,0.001);
#110=CIRCLE('',#4078,0.0050698484809835);
#111=CIRCLE('',#4079,0.0149681240867132);
#112=CIRCLE('',#4086,0.0050698484809835);
#113=CIRCLE('',#4087,0.0149681240867132);
#114=CIRCLE('',#4089,0.0149681240867132);
#115=CIRCLE('',#4090,0.0050698484809835);
#116=CIRCLE('',#4108,0.001);
#117=CIRCLE('',#4109,0.001);
#118=CIRCLE('',#4111,0.001);
#119=CIRCLE('',#4112,0.001);
#120=CIRCLE('',#4115,0.005);
#121=CIRCLE('',#4117,0.005);
#122=CIRCLE('',#4119,0.005);
#123=CIRCLE('',#4122,0.005);
#124=CIRCLE('',#4127,0.001);
#125=CIRCLE('',#4130,0.001);
#126=CIRCLE('',#4131,0.001);
#127=CIRCLE('',#4133,0.001);
#128=CIRCLE('',#4134,0.001);
#129=CIRCLE('',#4137,0.005);
#130=CIRCLE('',#4139,0.005);
#131=CIRCLE('',#4141,0.005);
#132=CIRCLE('',#4144,0.005);
#133=CIRCLE('',#4149,0.001);
#134=CYLINDRICAL_SURFACE('',#3954,0.001);
#135=CYLINDRICAL_SURFACE('',#3957,0.01496812);
#136=CYLINDRICAL_SURFACE('',#3966,0.01496812);
#137=CYLINDRICAL_SURFACE('',#4010,0.001);
#138=CYLINDRICAL_SURFACE('',#4014,0.002);
#139=CYLINDRICAL_SURFACE('',#4021,0.002);
#140=CYLINDRICAL_SURFACE('',#4061,0.005);
#141=CYLINDRICAL_SURFACE('',#4092,0.0050698484809835);
#142=CYLINDRICAL_SURFACE('',#4093,0.0149681240867132);
#143=CYLINDRICAL_SURFACE('',#4107,0.001);
#144=CYLINDRICAL_SURFACE('',#4110,0.001);
#145=CYLINDRICAL_SURFACE('',#4118,0.005);
#146=CYLINDRICAL_SURFACE('',#4121,0.005);
#147=CYLINDRICAL_SURFACE('',#4126,0.001);
#148=CYLINDRICAL_SURFACE('',#4129,0.001);
#149=CYLINDRICAL_SURFACE('',#4132,0.001);
#150=CYLINDRICAL_SURFACE('',#4140,0.005);
#151=CYLINDRICAL_SURFACE('',#4143,0.005);
#152=CYLINDRICAL_SURFACE('',#4148,0.001);
#153=LINE('',#4839,#391);
#154=LINE('',#4870,#392);
#155=LINE('',#4874,#393);
#156=LINE('',#4876,#394);
#157=LINE('',#4890,#395);
#158=LINE('',#4894,#396);
#159=LINE('',#4917,#397);
#160=LINE('',#4919,#398);
#161=LINE('',#4923,#399);
#162=LINE('',#4925,#400);
#163=LINE('',#4928,#401);
#164=LINE('',#4930,#402);
#165=LINE('',#4966,#403);
#166=LINE('',#4967,#404);
#167=LINE('',#4969,#405);
#168=LINE('',#4971,#406);
#169=LINE('',#4973,#407);
#170=LINE('',#4976,#408);
#171=LINE('',#4978,#409);
#172=LINE('',#4979,#410);
#173=LINE('',#4981,#411);
#174=LINE('',#4983,#412);
#175=LINE('',#4985,#413);
#176=LINE('',#4987,#414);
#177=LINE('',#4990,#415);
#178=LINE('',#4991,#416);
#179=LINE('',#4993,#417);
#180=LINE('',#4995,#418);
#181=LINE('',#4996,#419);
#182=LINE('',#5032,#420);
#183=LINE('',#5035,#421);
#184=LINE('',#5037,#422);
#185=LINE('',#5039,#423);
#186=LINE('',#5041,#424);
#187=LINE('',#5043,#425);
#188=LINE('',#5045,#426);
#189=LINE('',#5047,#427);
#190=LINE('',#5049,#428);
#191=LINE('',#5051,#429);
#192=LINE('',#5053,#430);
#193=LINE('',#5055,#431);
#194=LINE('',#5057,#432);
#195=LINE('',#5064,#433);
#196=LINE('',#5066,#434);
#197=LINE('',#5068,#435);
#198=LINE('',#5070,#436);
#199=LINE('',#5077,#437);
#200=LINE('',#5095,#438);
#201=LINE('',#5097,#439);
#202=LINE('',#5122,#440);
#203=LINE('',#5123,#441);
#204=LINE('',#5125,#442);
#205=LINE('',#5159,#443);
#206=LINE('',#5171,#444);
#207=LINE('',#5173,#445);
#208=LINE('',#5180,#446);
#209=LINE('',#5199,#447);
#210=LINE('',#5263,#448);
#211=LINE('',#5264,#449);
#212=LINE('',#5268,#450);
#213=LINE('',#5270,#451);
#214=LINE('',#5272,#452);
#215=LINE('',#5274,#453);
#216=LINE('',#5275,#454);
#217=LINE('',#5279,#455);
#218=LINE('',#5286,#456);
#219=LINE('',#5288,#457);
#220=LINE('',#5324,#458);
#221=LINE('',#5330,#459);
#222=LINE('',#5332,#460);
#223=LINE('',#5334,#461);
#224=LINE('',#5336,#462);
#225=LINE('',#5343,#463);
#226=LINE('',#5345,#464);
#227=LINE('',#5348,#465);
#228=LINE('',#5383,#466);
#229=LINE('',#5389,#467);
#230=LINE('',#5391,#468);
#231=LINE('',#5393,#469);
#232=LINE('',#5395,#470);
#233=LINE('',#5397,#471);
#234=LINE('',#5400,#472);
#235=LINE('',#5402,#473);
#236=LINE('',#5404,#474);
#237=LINE('',#5407,#475);
#238=LINE('',#5408,#476);
#239=LINE('',#5410,#477);
#240=LINE('',#5412,#478);
#241=LINE('',#5675,#479);
#242=LINE('',#5677,#480);
#243=LINE('',#5679,#481);
#244=LINE('',#5690,#482);
#245=LINE('',#5700,#483);
#246=LINE('',#5734,#484);
#247=LINE('',#5743,#485);
#248=LINE('',#5745,#486);
#249=LINE('',#5826,#487);
#250=LINE('',#5834,#488);
#251=LINE('',#5845,#489);
#252=LINE('',#5862,#490);
#253=LINE('',#5905,#491);
#254=LINE('',#5915,#492);
#255=LINE('',#5917,#493);
#256=LINE('',#5919,#494);
#257=LINE('',#5921,#495);
#258=LINE('',#5923,#496);
#259=LINE('',#5951,#497);
#260=LINE('',#5961,#498);
#261=LINE('',#5964,#499);
#262=LINE('',#5966,#500);
#263=LINE('',#5968,#501);
#264=LINE('',#6083,#502);
#265=LINE('',#6084,#503);
#266=LINE('',#6086,#504);
#267=LINE('',#6094,#505);
#268=LINE('',#6096,#506);
#269=LINE('',#6165,#507);
#270=LINE('',#6167,#508);
#271=LINE('',#6174,#509);
#272=LINE('',#6176,#510);
#273=LINE('',#6234,#511);
#274=LINE('',#6236,#512);
#275=LINE('',#6238,#513);
#276=LINE('',#6240,#514);
#277=LINE('',#6242,#515);
#278=LINE('',#6312,#516);
#279=LINE('',#6314,#517);
#280=LINE('',#6317,#518);
#281=LINE('',#6319,#519);
#282=LINE('',#6321,#520);
#283=LINE('',#6330,#521);
#284=LINE('',#6357,#522);
#285=LINE('',#6366,#523);
#286=LINE('',#6368,#524);
#287=LINE('',#6370,#525);
#288=LINE('',#6391,#526);
#289=LINE('',#6394,#527);
#290=LINE('',#6396,#528);
#291=LINE('',#6398,#529);
#292=LINE('',#6488,#530);
#293=LINE('',#6490,#531);
#294=LINE('',#6492,#532);
#295=LINE('',#6494,#533);
#296=LINE('',#6537,#534);
#297=LINE('',#6550,#535);
#298=LINE('',#6768,#536);
#299=LINE('',#6772,#537);
#300=LINE('',#6776,#538);
#301=LINE('',#6780,#539);
#302=LINE('',#6786,#540);
#303=LINE('',#6788,#541);
#304=LINE('',#6791,#542);
#305=LINE('',#6793,#543);
#306=LINE('',#6795,#544);
#307=LINE('',#6796,#545);
#308=LINE('',#6799,#546);
#309=LINE('',#6801,#547);
#310=LINE('',#6803,#548);
#311=LINE('',#6818,#549);
#312=LINE('',#7012,#550);
#313=LINE('',#7078,#551);
#314=LINE('',#7144,#552);
#315=LINE('',#7210,#553);
#316=LINE('',#7465,#554);
#317=LINE('',#7594,#555);
#318=LINE('',#7596,#556);
#319=LINE('',#7597,#557);
#320=LINE('',#7603,#558);
#321=LINE('',#7610,#559);
#322=LINE('',#7611,#560);
#323=LINE('',#7613,#561);
#324=LINE('',#7614,#562);
#325=LINE('',#7616,#563);
#326=LINE('',#7619,#564);
#327=LINE('',#7621,#565);
#328=LINE('',#7623,#566);
#329=LINE('',#7625,#567);
#330=LINE('',#7633,#568);
#331=LINE('',#7635,#569);
#332=LINE('',#7636,#570);
#333=LINE('',#7638,#571);
#334=LINE('',#7639,#572);
#335=LINE('',#7641,#573);
#336=LINE('',#7643,#574);
#337=LINE('',#7646,#575);
#338=LINE('',#7648,#576);
#339=LINE('',#7655,#577);
#340=LINE('',#7657,#578);
#341=LINE('',#7664,#579);
#342=LINE('',#7665,#580);
#343=LINE('',#7667,#581);
#344=LINE('',#7668,#582);
#345=LINE('',#7672,#583);
#346=LINE('',#7674,#584);
#347=LINE('',#7676,#585);
#348=LINE('',#7678,#586);
#349=LINE('',#7680,#587);
#350=LINE('',#7682,#588);
#351=LINE('',#7684,#589);
#352=LINE('',#7686,#590);
#353=LINE('',#7688,#591);
#354=LINE('',#7690,#592);
#355=LINE('',#7765,#593);
#356=LINE('',#7766,#594);
#357=LINE('',#7773,#595);
#358=LINE('',#7848,#596);
#359=LINE('',#8074,#597);
#360=LINE('',#8076,#598);
#361=LINE('',#8078,#599);
#362=LINE('',#8080,#600);
#363=LINE('',#8082,#601);
#364=LINE('',#8084,#602);
#365=LINE('',#8086,#603);
#366=LINE('',#8088,#604);
#367=LINE('',#8094,#605);
#368=LINE('',#8115,#606);
#369=LINE('',#8138,#607);
#370=LINE('',#8142,#608);
#371=LINE('',#8148,#609);
#372=LINE('',#8150,#610);
#373=LINE('',#9063,#611);
#374=LINE('',#9081,#612);
#375=LINE('',#9104,#613);
#376=LINE('',#9115,#614);
#377=LINE('',#9119,#615);
#378=LINE('',#9123,#616);
#379=LINE('',#9127,#617);
#380=LINE('',#10040,#618);
#381=LINE('',#10045,#619);
#382=LINE('',#10047,#620);
#383=LINE('',#10049,#621);
#384=LINE('',#10051,#622);
#385=LINE('',#10053,#623);
#386=LINE('',#10055,#624);
#387=LINE('',#10057,#625);
#388=LINE('',#10059,#626);
#389=LINE('',#10061,#627);
#390=LINE('',#10063,#628);
#391=VECTOR('',#4164,1.);
#392=VECTOR('',#4167,1.);
#393=VECTOR('',#4172,1.);
#394=VECTOR('',#4173,1.);
#395=VECTOR('',#4188,1.);
#396=VECTOR('',#4191,1.);
#397=VECTOR('',#4206,1.);
#398=VECTOR('',#4207,1.);
#399=VECTOR('',#4210,1.);
#400=VECTOR('',#4213,1.);
#401=VECTOR('',#4214,1.);
#402=VECTOR('',#4215,1.);
#403=VECTOR('',#4216,1.);
#404=VECTOR('',#4217,1.);
#405=VECTOR('',#4218,1.);
#406=VECTOR('',#4219,1.);
#407=VECTOR('',#4222,1.);
#408=VECTOR('',#4223,1.);
#409=VECTOR('',#4224,1.);
#410=VECTOR('',#4225,1.);
#411=VECTOR('',#4226,1.);
#412=VECTOR('',#4227,1.);
#413=VECTOR('',#4228,1.);
#414=VECTOR('',#4231,1.);
#415=VECTOR('',#4232,1.);
#416=VECTOR('',#4233,1.);
#417=VECTOR('',#4234,1.);
#418=VECTOR('',#4235,1.);
#419=VECTOR('',#4236,1.);
#420=VECTOR('',#4239,1.);
#421=VECTOR('',#4240,1.);
#422=VECTOR('',#4241,1.);
#423=VECTOR('',#4242,1.);
#424=VECTOR('',#4243,1.);
#425=VECTOR('',#4244,1.);
#426=VECTOR('',#4245,1.);
#427=VECTOR('',#4246,1.);
#428=VECTOR('',#4249,1.);
#429=VECTOR('',#4250,1.);
#430=VECTOR('',#4251,1.);
#431=VECTOR('',#4254,1.);
#432=VECTOR('',#4255,1.);
#433=VECTOR('',#4256,1.);
#434=VECTOR('',#4257,1.);
#435=VECTOR('',#4260,1.);
#436=VECTOR('',#4261,1.);
#437=VECTOR('',#4262,1.);
#438=VECTOR('',#4265,1.);
#439=VECTOR('',#4266,1.);
#440=VECTOR('',#4267,1.);
#441=VECTOR('',#4268,1.);
#442=VECTOR('',#4269,1.);
#443=VECTOR('',#4270,1.);
#444=VECTOR('',#4271,1.);
#445=VECTOR('',#4274,1.);
#446=VECTOR('',#4277,1.);
#447=VECTOR('',#4284,1.);
#448=VECTOR('',#4291,1.);
#449=VECTOR('',#4292,1.);
#450=VECTOR('',#4299,1.);
#451=VECTOR('',#4300,1.);
#452=VECTOR('',#4301,1.);
#453=VECTOR('',#4304,1.);
#454=VECTOR('',#4305,1.);
#455=VECTOR('',#4312,1.);
#456=VECTOR('',#4315,1.);
#457=VECTOR('',#4316,1.);
#458=VECTOR('',#4319,1.);
#459=VECTOR('',#4322,1.);
#460=VECTOR('',#4323,1.);
#461=VECTOR('',#4324,1.);
#462=VECTOR('',#4325,1.);
#463=VECTOR('',#4328,1.);
#464=VECTOR('',#4331,1.);
#465=VECTOR('',#4332,1.);
#466=VECTOR('',#4335,1.);
#467=VECTOR('',#4338,1.);
#468=VECTOR('',#4339,1.);
#469=VECTOR('',#4342,1.);
#470=VECTOR('',#4343,1.);
#471=VECTOR('',#4346,1.);
#472=VECTOR('',#4351,1.);
#473=VECTOR('',#4352,1.);
#474=VECTOR('',#4355,1.);
#475=VECTOR('',#4356,1.);
#476=VECTOR('',#4357,1.);
#477=VECTOR('',#4360,1.);
#478=VECTOR('',#4363,1.);
#479=VECTOR('',#4394,1.);
#480=VECTOR('',#4395,1.);
#481=VECTOR('',#4396,1.);
#482=VECTOR('',#4397,1.);
#483=VECTOR('',#4400,1.);
#484=VECTOR('',#4401,1.);
#485=VECTOR('',#4404,1.);
#486=VECTOR('',#4405,1.);
#487=VECTOR('',#4412,1.);
#488=VECTOR('',#4413,1.);
#489=VECTOR('',#4414,1.);
#490=VECTOR('',#4415,1.);
#491=VECTOR('',#4418,1.);
#492=VECTOR('',#4419,1.);
#493=VECTOR('',#4422,1.);
#494=VECTOR('',#4423,1.);
#495=VECTOR('',#4426,1.);
#496=VECTOR('',#4427,1.);
#497=VECTOR('',#4434,1.);
#498=VECTOR('',#4437,1.);
#499=VECTOR('',#4438,1.);
#500=VECTOR('',#4439,1.);
#501=VECTOR('',#4440,1.);
#502=VECTOR('',#4443,1.);
#503=VECTOR('',#4444,1.);
#504=VECTOR('',#4445,1.);
#505=VECTOR('',#4448,1.);
#506=VECTOR('',#4449,1.);
#507=VECTOR('',#4450,1.);
#508=VECTOR('',#4451,1.);
#509=VECTOR('',#4452,1.);
#510=VECTOR('',#4453,1.);
#511=VECTOR('',#4454,1.);
#512=VECTOR('',#4455,1.);
#513=VECTOR('',#4458,1.);
#514=VECTOR('',#4459,1.);
#515=VECTOR('',#4460,1.);
#516=VECTOR('',#4463,1.);
#517=VECTOR('',#4466,1.);
#518=VECTOR('',#4471,1.);
#519=VECTOR('',#4472,1.);
#520=VECTOR('',#4473,1.);
#521=VECTOR('',#4474,1.);
#522=VECTOR('',#4475,1.);
#523=VECTOR('',#4478,1.);
#524=VECTOR('',#4479,1.);
#525=VECTOR('',#4482,1.);
#526=VECTOR('',#4487,1.);
#527=VECTOR('',#4488,1.);
#528=VECTOR('',#4489,1.);
#529=VECTOR('',#4490,1.);
#530=VECTOR('',#4491,1.);
#531=VECTOR('',#4492,1.);
#532=VECTOR('',#4493,1.);
#533=VECTOR('',#4494,1.);
#534=VECTOR('',#4497,1.);
#535=VECTOR('',#4498,1.);
#536=VECTOR('',#4501,1.);
#537=VECTOR('',#4506,1.);
#538=VECTOR('',#4511,1.);
#539=VECTOR('',#4516,1.);
#540=VECTOR('',#4525,1.);
#541=VECTOR('',#4528,1.);
#542=VECTOR('',#4529,1.);
#543=VECTOR('',#4530,1.);
#544=VECTOR('',#4531,1.);
#545=VECTOR('',#4532,1.);
#546=VECTOR('',#4533,1.);
#547=VECTOR('',#4534,1.);
#548=VECTOR('',#4535,1.);
#549=VECTOR('',#4550,1.);
#550=VECTOR('',#4553,1.);
#551=VECTOR('',#4554,1.);
#552=VECTOR('',#4555,1.);
#553=VECTOR('',#4556,1.);
#554=VECTOR('',#4557,1.);
#555=VECTOR('',#4558,1.);
#556=VECTOR('',#4561,1.);
#557=VECTOR('',#4562,1.);
#558=VECTOR('',#4571,1.);
#559=VECTOR('',#4576,1.);
#560=VECTOR('',#4577,1.);
#561=VECTOR('',#4578,1.);
#562=VECTOR('',#4579,1.);
#563=VECTOR('',#4582,1.);
#564=VECTOR('',#4583,1.);
#565=VECTOR('',#4584,1.);
#566=VECTOR('',#4585,1.);
#567=VECTOR('',#4586,1.);
#568=VECTOR('',#4593,1.);
#569=VECTOR('',#4594,1.);
#570=VECTOR('',#4595,1.);
#571=VECTOR('',#4596,1.);
#572=VECTOR('',#4597,1.);
#573=VECTOR('',#4600,1.);
#574=VECTOR('',#4603,1.);
#575=VECTOR('',#4608,1.);
#576=VECTOR('',#4611,1.);
#577=VECTOR('',#4618,1.);
#578=VECTOR('',#4621,1.);
#579=VECTOR('',#4628,1.);
#580=VECTOR('',#4629,1.);
#581=VECTOR('',#4632,1.);
#582=VECTOR('',#4633,1.);
#583=VECTOR('',#4640,1.);
#584=VECTOR('',#4641,1.);
#585=VECTOR('',#4644,1.);
#586=VECTOR('',#4645,1.);
#587=VECTOR('',#4648,1.);
#588=VECTOR('',#4649,1.);
#589=VECTOR('',#4652,1.);
#590=VECTOR('',#4653,1.);
#591=VECTOR('',#4656,1.);
#592=VECTOR('',#4659,1.);
#593=VECTOR('',#4660,1.);
#594=VECTOR('',#4661,1.);
#595=VECTOR('',#4664,1.);
#596=VECTOR('',#4665,1.);
#597=VECTOR('',#4668,1.);
#598=VECTOR('',#4669,1.);
#599=VECTOR('',#4670,1.);
#600=VECTOR('',#4673,1.);
#601=VECTOR('',#4674,1.);
#602=VECTOR('',#4677,1.);
#603=VECTOR('',#4678,1.);
#604=VECTOR('',#4681,1.);
#605=VECTOR('',#4688,1.);
#606=VECTOR('',#4689,1.);
#607=VECTOR('',#4690,1.);
#608=VECTOR('',#4693,1.);
#609=VECTOR('',#4700,1.);
#610=VECTOR('',#4703,1.);
#611=VECTOR('',#4728,1.);
#612=VECTOR('',#4739,1.);
#613=VECTOR('',#4740,1.);
#614=VECTOR('',#4741,1.);
#615=VECTOR('',#4744,1.);
#616=VECTOR('',#4749,1.);
#617=VECTOR('',#4754,1.);
#618=VECTOR('',#4779,1.);
#619=VECTOR('',#4788,1.);
#620=VECTOR('',#4789,1.);
#621=VECTOR('',#4790,1.);
#622=VECTOR('',#4793,1.);
#623=VECTOR('',#4794,1.);
#624=VECTOR('',#4797,1.);
#625=VECTOR('',#4798,1.);
#626=VECTOR('',#4801,1.);
#627=VECTOR('',#4802,1.);
#628=VECTOR('',#4805,1.);
#629=ORIENTED_EDGE('',*,*,#1419,.T.);
#630=ORIENTED_EDGE('',*,*,#1420,.T.);
#631=ORIENTED_EDGE('',*,*,#1421,.T.);
#632=ORIENTED_EDGE('',*,*,#1422,.F.);
#633=ORIENTED_EDGE('',*,*,#1423,.T.);
#634=ORIENTED_EDGE('',*,*,#1424,.F.);
#635=ORIENTED_EDGE('',*,*,#1425,.F.);
#636=ORIENTED_EDGE('',*,*,#1426,.F.);
#637=ORIENTED_EDGE('',*,*,#1427,.F.);
#638=ORIENTED_EDGE('',*,*,#1428,.F.);
#639=ORIENTED_EDGE('',*,*,#1429,.T.);
#640=ORIENTED_EDGE('',*,*,#1430,.T.);
#641=ORIENTED_EDGE('',*,*,#1428,.T.);
#642=ORIENTED_EDGE('',*,*,#1431,.T.);
#643=ORIENTED_EDGE('',*,*,#1432,.T.);
#644=ORIENTED_EDGE('',*,*,#1433,.F.);
#645=ORIENTED_EDGE('',*,*,#1434,.F.);
#646=ORIENTED_EDGE('',*,*,#1435,.T.);
#647=ORIENTED_EDGE('',*,*,#1424,.T.);
#648=ORIENTED_EDGE('',*,*,#1436,.T.);
#649=ORIENTED_EDGE('',*,*,#1437,.F.);
#650=ORIENTED_EDGE('',*,*,#1438,.F.);
#651=ORIENTED_EDGE('',*,*,#1439,.F.);
#652=ORIENTED_EDGE('',*,*,#1440,.T.);
#653=ORIENTED_EDGE('',*,*,#1441,.F.);
#654=ORIENTED_EDGE('',*,*,#1442,.F.);
#655=ORIENTED_EDGE('',*,*,#1443,.F.);
#656=ORIENTED_EDGE('',*,*,#1444,.T.);
#657=ORIENTED_EDGE('',*,*,#1445,.T.);
#658=ORIENTED_EDGE('',*,*,#1436,.F.);
#659=ORIENTED_EDGE('',*,*,#1425,.T.);
#660=ORIENTED_EDGE('',*,*,#1435,.F.);
#661=ORIENTED_EDGE('',*,*,#1446,.F.);
#662=ORIENTED_EDGE('',*,*,#1447,.T.);
#663=ORIENTED_EDGE('',*,*,#1423,.F.);
#664=ORIENTED_EDGE('',*,*,#1448,.F.);
#665=ORIENTED_EDGE('',*,*,#1449,.F.);
#666=ORIENTED_EDGE('',*,*,#1450,.F.);
#667=ORIENTED_EDGE('',*,*,#1451,.F.);
#668=ORIENTED_EDGE('',*,*,#1452,.T.);
#669=ORIENTED_EDGE('',*,*,#1453,.T.);
#670=ORIENTED_EDGE('',*,*,#1454,.T.);
#671=ORIENTED_EDGE('',*,*,#1455,.T.);
#672=ORIENTED_EDGE('',*,*,#1456,.T.);
#673=ORIENTED_EDGE('',*,*,#1433,.T.);
#674=ORIENTED_EDGE('',*,*,#1457,.F.);
#675=ORIENTED_EDGE('',*,*,#1458,.T.);
#676=ORIENTED_EDGE('',*,*,#1459,.T.);
#677=ORIENTED_EDGE('',*,*,#1460,.F.);
#678=ORIENTED_EDGE('',*,*,#1461,.T.);
#679=ORIENTED_EDGE('',*,*,#1462,.T.);
#680=ORIENTED_EDGE('',*,*,#1442,.T.);
#681=ORIENTED_EDGE('',*,*,#1463,.F.);
#682=ORIENTED_EDGE('',*,*,#1464,.F.);
#683=ORIENTED_EDGE('',*,*,#1465,.F.);
#684=ORIENTED_EDGE('',*,*,#1466,.T.);
#685=ORIENTED_EDGE('',*,*,#1467,.F.);
#686=ORIENTED_EDGE('',*,*,#1468,.T.);
#687=ORIENTED_EDGE('',*,*,#1460,.T.);
#688=ORIENTED_EDGE('',*,*,#1469,.F.);
#689=ORIENTED_EDGE('',*,*,#1470,.F.);
#690=ORIENTED_EDGE('',*,*,#1471,.F.);
#691=ORIENTED_EDGE('',*,*,#1463,.T.);
#692=ORIENTED_EDGE('',*,*,#1445,.F.);
#693=ORIENTED_EDGE('',*,*,#1472,.F.);
#694=ORIENTED_EDGE('',*,*,#1473,.T.);
#695=ORIENTED_EDGE('',*,*,#1474,.F.);
#696=ORIENTED_EDGE('',*,*,#1475,.T.);
#697=ORIENTED_EDGE('',*,*,#1476,.T.);
#698=ORIENTED_EDGE('',*,*,#1477,.F.);
#699=ORIENTED_EDGE('',*,*,#1478,.T.);
#700=ORIENTED_EDGE('',*,*,#1479,.F.);
#701=ORIENTED_EDGE('',*,*,#1480,.F.);
#702=ORIENTED_EDGE('',*,*,#1481,.T.);
#703=ORIENTED_EDGE('',*,*,#1476,.F.);
#704=ORIENTED_EDGE('',*,*,#1482,.T.);
#705=ORIENTED_EDGE('',*,*,#1483,.T.);
#706=ORIENTED_EDGE('',*,*,#1484,.F.);
#707=ORIENTED_EDGE('',*,*,#1479,.T.);
#708=ORIENTED_EDGE('',*,*,#1485,.T.);
#709=ORIENTED_EDGE('',*,*,#1486,.T.);
#710=ORIENTED_EDGE('',*,*,#1487,.F.);
#711=ORIENTED_EDGE('',*,*,#1488,.T.);
#712=ORIENTED_EDGE('',*,*,#1489,.T.);
#713=ORIENTED_EDGE('',*,*,#1486,.F.);
#714=ORIENTED_EDGE('',*,*,#1490,.T.);
#715=ORIENTED_EDGE('',*,*,#1491,.T.);
#716=ORIENTED_EDGE('',*,*,#1492,.T.);
#717=ORIENTED_EDGE('',*,*,#1493,.F.);
#718=ORIENTED_EDGE('',*,*,#1494,.T.);
#719=ORIENTED_EDGE('',*,*,#1495,.F.);
#720=ORIENTED_EDGE('',*,*,#1496,.T.);
#721=ORIENTED_EDGE('',*,*,#1497,.F.);
#722=ORIENTED_EDGE('',*,*,#1498,.T.);
#723=ORIENTED_EDGE('',*,*,#1499,.F.);
#724=ORIENTED_EDGE('',*,*,#1500,.F.);
#725=ORIENTED_EDGE('',*,*,#1501,.F.);
#726=ORIENTED_EDGE('',*,*,#1502,.T.);
#727=ORIENTED_EDGE('',*,*,#1481,.F.);
#728=ORIENTED_EDGE('',*,*,#1503,.F.);
#729=ORIENTED_EDGE('',*,*,#1504,.F.);
#730=ORIENTED_EDGE('',*,*,#1505,.T.);
#731=ORIENTED_EDGE('',*,*,#1491,.F.);
#732=ORIENTED_EDGE('',*,*,#1505,.F.);
#733=ORIENTED_EDGE('',*,*,#1506,.F.);
#734=ORIENTED_EDGE('',*,*,#1507,.T.);
#735=ORIENTED_EDGE('',*,*,#1492,.F.);
#736=ORIENTED_EDGE('',*,*,#1508,.T.);
#737=ORIENTED_EDGE('',*,*,#1509,.T.);
#738=ORIENTED_EDGE('',*,*,#1510,.F.);
#739=ORIENTED_EDGE('',*,*,#1511,.T.);
#740=ORIENTED_EDGE('',*,*,#1512,.T.);
#741=ORIENTED_EDGE('',*,*,#1513,.T.);
#742=ORIENTED_EDGE('',*,*,#1514,.T.);
#743=ORIENTED_EDGE('',*,*,#1515,.T.);
#744=ORIENTED_EDGE('',*,*,#1439,.T.);
#745=ORIENTED_EDGE('',*,*,#1516,.T.);
#746=ORIENTED_EDGE('',*,*,#1437,.T.);
#747=ORIENTED_EDGE('',*,*,#1451,.T.);
#748=ORIENTED_EDGE('',*,*,#1517,.F.);
#749=ORIENTED_EDGE('',*,*,#1449,.T.);
#750=ORIENTED_EDGE('',*,*,#1510,.T.);
#751=ORIENTED_EDGE('',*,*,#1518,.T.);
#752=ORIENTED_EDGE('',*,*,#1446,.T.);
#753=ORIENTED_EDGE('',*,*,#1441,.T.);
#754=ORIENTED_EDGE('',*,*,#1519,.T.);
#755=ORIENTED_EDGE('',*,*,#1520,.F.);
#756=ORIENTED_EDGE('',*,*,#1521,.T.);
#757=ORIENTED_EDGE('',*,*,#1513,.F.);
#758=ORIENTED_EDGE('',*,*,#1522,.T.);
#759=ORIENTED_EDGE('',*,*,#1514,.F.);
#760=ORIENTED_EDGE('',*,*,#1438,.T.);
#761=ORIENTED_EDGE('',*,*,#1516,.F.);
#762=ORIENTED_EDGE('',*,*,#1450,.T.);
#763=ORIENTED_EDGE('',*,*,#1521,.F.);
#764=ORIENTED_EDGE('',*,*,#1419,.F.);
#765=ORIENTED_EDGE('',*,*,#1523,.F.);
#766=ORIENTED_EDGE('',*,*,#1421,.F.);
#767=ORIENTED_EDGE('',*,*,#1524,.F.);
#768=ORIENTED_EDGE('',*,*,#1508,.F.);
#769=ORIENTED_EDGE('',*,*,#1524,.T.);
#770=ORIENTED_EDGE('',*,*,#1447,.F.);
#771=ORIENTED_EDGE('',*,*,#1518,.F.);
#772=ORIENTED_EDGE('',*,*,#1509,.F.);
#773=ORIENTED_EDGE('',*,*,#1522,.F.);
#774=ORIENTED_EDGE('',*,*,#1512,.F.);
#775=ORIENTED_EDGE('',*,*,#1525,.F.);
#776=ORIENTED_EDGE('',*,*,#1515,.F.);
#777=ORIENTED_EDGE('',*,*,#1519,.F.);
#778=ORIENTED_EDGE('',*,*,#1440,.F.);
#779=ORIENTED_EDGE('',*,*,#1525,.T.);
#780=ORIENTED_EDGE('',*,*,#1511,.F.);
#781=ORIENTED_EDGE('',*,*,#1526,.T.);
#782=ORIENTED_EDGE('',*,*,#1488,.F.);
#783=ORIENTED_EDGE('',*,*,#1527,.T.);
#784=ORIENTED_EDGE('',*,*,#1506,.T.);
#785=ORIENTED_EDGE('',*,*,#1504,.T.);
#786=ORIENTED_EDGE('',*,*,#1480,.T.);
#787=ORIENTED_EDGE('',*,*,#1489,.F.);
#788=ORIENTED_EDGE('',*,*,#1526,.F.);
#789=ORIENTED_EDGE('',*,*,#1503,.T.);
#790=ORIENTED_EDGE('',*,*,#1507,.F.);
#791=ORIENTED_EDGE('',*,*,#1527,.F.);
#792=ORIENTED_EDGE('',*,*,#1487,.T.);
#793=ORIENTED_EDGE('',*,*,#1493,.T.);
#794=ORIENTED_EDGE('',*,*,#1485,.F.);
#795=ORIENTED_EDGE('',*,*,#1478,.F.);
#796=ORIENTED_EDGE('',*,*,#1528,.F.);
#797=ORIENTED_EDGE('',*,*,#1529,.F.);
#798=ORIENTED_EDGE('',*,*,#1530,.F.);
#799=ORIENTED_EDGE('',*,*,#1474,.T.);
#800=ORIENTED_EDGE('',*,*,#1502,.F.);
#801=ORIENTED_EDGE('',*,*,#1490,.F.);
#802=ORIENTED_EDGE('',*,*,#1531,.F.);
#803=ORIENTED_EDGE('',*,*,#1529,.T.);
#804=ORIENTED_EDGE('',*,*,#1532,.F.);
#805=ORIENTED_EDGE('',*,*,#1483,.F.);
#806=ORIENTED_EDGE('',*,*,#1532,.T.);
#807=ORIENTED_EDGE('',*,*,#1528,.T.);
#808=ORIENTED_EDGE('',*,*,#1477,.T.);
#809=ORIENTED_EDGE('',*,*,#1484,.T.);
#810=ORIENTED_EDGE('',*,*,#1475,.F.);
#811=ORIENTED_EDGE('',*,*,#1530,.T.);
#812=ORIENTED_EDGE('',*,*,#1531,.T.);
#813=ORIENTED_EDGE('',*,*,#1482,.F.);
#814=ORIENTED_EDGE('',*,*,#1533,.F.);
#815=ORIENTED_EDGE('',*,*,#1534,.T.);
#816=ORIENTED_EDGE('',*,*,#1472,.T.);
#817=ORIENTED_EDGE('',*,*,#1444,.F.);
#818=ORIENTED_EDGE('',*,*,#1462,.F.);
#819=ORIENTED_EDGE('',*,*,#1535,.T.);
#820=ORIENTED_EDGE('',*,*,#1536,.T.);
#821=ORIENTED_EDGE('',*,*,#1537,.T.);
#822=ORIENTED_EDGE('',*,*,#1533,.T.);
#823=ORIENTED_EDGE('',*,*,#1443,.T.);
#824=ORIENTED_EDGE('',*,*,#1536,.F.);
#825=ORIENTED_EDGE('',*,*,#1538,.T.);
#826=ORIENTED_EDGE('',*,*,#1467,.T.);
#827=ORIENTED_EDGE('',*,*,#1539,.T.);
#828=ORIENTED_EDGE('',*,*,#1540,.F.);
#829=ORIENTED_EDGE('',*,*,#1541,.T.);
#830=ORIENTED_EDGE('',*,*,#1542,.T.);
#831=ORIENTED_EDGE('',*,*,#1543,.T.);
#832=ORIENTED_EDGE('',*,*,#1457,.T.);
#833=ORIENTED_EDGE('',*,*,#1432,.F.);
#834=ORIENTED_EDGE('',*,*,#1456,.F.);
#835=ORIENTED_EDGE('',*,*,#1544,.T.);
#836=ORIENTED_EDGE('',*,*,#1545,.T.);
#837=ORIENTED_EDGE('',*,*,#1434,.T.);
#838=ORIENTED_EDGE('',*,*,#1546,.F.);
#839=ORIENTED_EDGE('',*,*,#1547,.T.);
#840=ORIENTED_EDGE('',*,*,#1540,.T.);
#841=ORIENTED_EDGE('',*,*,#1431,.F.);
#842=ORIENTED_EDGE('',*,*,#1545,.F.);
#843=ORIENTED_EDGE('',*,*,#1548,.T.);
#844=ORIENTED_EDGE('',*,*,#1454,.F.);
#845=ORIENTED_EDGE('',*,*,#1549,.T.);
#846=ORIENTED_EDGE('',*,*,#1546,.T.);
#847=ORIENTED_EDGE('',*,*,#1550,.T.);
#848=ORIENTED_EDGE('',*,*,#1471,.T.);
#849=ORIENTED_EDGE('',*,*,#1551,.F.);
#850=ORIENTED_EDGE('',*,*,#1552,.F.);
#851=ORIENTED_EDGE('',*,*,#1464,.T.);
#852=ORIENTED_EDGE('',*,*,#1470,.T.);
#853=ORIENTED_EDGE('',*,*,#1553,.F.);
#854=ORIENTED_EDGE('',*,*,#1554,.F.);
#855=ORIENTED_EDGE('',*,*,#1551,.T.);
#856=ORIENTED_EDGE('',*,*,#1469,.T.);
#857=ORIENTED_EDGE('',*,*,#1466,.F.);
#858=ORIENTED_EDGE('',*,*,#1555,.F.);
#859=ORIENTED_EDGE('',*,*,#1553,.T.);
#860=ORIENTED_EDGE('',*,*,#1465,.T.);
#861=ORIENTED_EDGE('',*,*,#1552,.T.);
#862=ORIENTED_EDGE('',*,*,#1554,.T.);
#863=ORIENTED_EDGE('',*,*,#1555,.T.);
#864=ORIENTED_EDGE('',*,*,#1458,.F.);
#865=ORIENTED_EDGE('',*,*,#1543,.F.);
#866=ORIENTED_EDGE('',*,*,#1556,.T.);
#867=ORIENTED_EDGE('',*,*,#1557,.T.);
#868=ORIENTED_EDGE('',*,*,#1558,.T.);
#869=ORIENTED_EDGE('',*,*,#1559,.T.);
#870=ORIENTED_EDGE('',*,*,#1452,.F.);
#871=ORIENTED_EDGE('',*,*,#1560,.F.);
#872=ORIENTED_EDGE('',*,*,#1459,.F.);
#873=ORIENTED_EDGE('',*,*,#1557,.F.);
#874=ORIENTED_EDGE('',*,*,#1561,.T.);
#875=ORIENTED_EDGE('',*,*,#1560,.T.);
#876=ORIENTED_EDGE('',*,*,#1542,.F.);
#877=ORIENTED_EDGE('',*,*,#1562,.T.);
#878=ORIENTED_EDGE('',*,*,#1558,.F.);
#879=ORIENTED_EDGE('',*,*,#1561,.F.);
#880=ORIENTED_EDGE('',*,*,#1556,.F.);
#881=ORIENTED_EDGE('',*,*,#1563,.T.);
#882=ORIENTED_EDGE('',*,*,#1564,.T.);
#883=ORIENTED_EDGE('',*,*,#1426,.T.);
#884=ORIENTED_EDGE('',*,*,#1430,.F.);
#885=ORIENTED_EDGE('',*,*,#1429,.F.);
#886=ORIENTED_EDGE('',*,*,#1427,.T.);
#887=ORIENTED_EDGE('',*,*,#1564,.F.);
#888=ORIENTED_EDGE('',*,*,#1565,.F.);
#889=ORIENTED_EDGE('',*,*,#1566,.T.);
#890=ORIENTED_EDGE('',*,*,#1563,.F.);
#891=ORIENTED_EDGE('',*,*,#1565,.T.);
#892=ORIENTED_EDGE('',*,*,#1567,.T.);
#893=ORIENTED_EDGE('',*,*,#1568,.F.);
#894=ORIENTED_EDGE('',*,*,#1569,.T.);
#895=ORIENTED_EDGE('',*,*,#1566,.F.);
#896=ORIENTED_EDGE('',*,*,#1570,.F.);
#897=ORIENTED_EDGE('',*,*,#1568,.T.);
#898=ORIENTED_EDGE('',*,*,#1570,.T.);
#899=ORIENTED_EDGE('',*,*,#1569,.F.);
#900=ORIENTED_EDGE('',*,*,#1571,.F.);
#901=ORIENTED_EDGE('',*,*,#1571,.T.);
#902=ORIENTED_EDGE('',*,*,#1567,.F.);
#903=ORIENTED_EDGE('',*,*,#1448,.T.);
#904=ORIENTED_EDGE('',*,*,#1572,.F.);
#905=ORIENTED_EDGE('',*,*,#1573,.F.);
#906=ORIENTED_EDGE('',*,*,#1574,.T.);
#907=ORIENTED_EDGE('',*,*,#1422,.T.);
#908=ORIENTED_EDGE('',*,*,#1575,.F.);
#909=ORIENTED_EDGE('',*,*,#1576,.F.);
#910=ORIENTED_EDGE('',*,*,#1572,.T.);
#911=ORIENTED_EDGE('',*,*,#1523,.T.);
#912=ORIENTED_EDGE('',*,*,#1577,.F.);
#913=ORIENTED_EDGE('',*,*,#1578,.F.);
#914=ORIENTED_EDGE('',*,*,#1575,.T.);
#915=ORIENTED_EDGE('',*,*,#1420,.F.);
#916=ORIENTED_EDGE('',*,*,#1579,.F.);
#917=ORIENTED_EDGE('',*,*,#1580,.T.);
#918=ORIENTED_EDGE('',*,*,#1577,.T.);
#919=ORIENTED_EDGE('',*,*,#1520,.T.);
#920=ORIENTED_EDGE('',*,*,#1581,.F.);
#921=ORIENTED_EDGE('',*,*,#1582,.F.);
#922=ORIENTED_EDGE('',*,*,#1579,.T.);
#923=ORIENTED_EDGE('',*,*,#1517,.T.);
#924=ORIENTED_EDGE('',*,*,#1574,.F.);
#925=ORIENTED_EDGE('',*,*,#1583,.F.);
#926=ORIENTED_EDGE('',*,*,#1581,.T.);
#927=ORIENTED_EDGE('',*,*,#1573,.T.);
#928=ORIENTED_EDGE('',*,*,#1576,.T.);
#929=ORIENTED_EDGE('',*,*,#1578,.T.);
#930=ORIENTED_EDGE('',*,*,#1580,.F.);
#931=ORIENTED_EDGE('',*,*,#1582,.T.);
#932=ORIENTED_EDGE('',*,*,#1583,.T.);
#933=ORIENTED_EDGE('',*,*,#1455,.F.);
#934=ORIENTED_EDGE('',*,*,#1550,.F.);
#935=ORIENTED_EDGE('',*,*,#1548,.F.);
#936=ORIENTED_EDGE('',*,*,#1544,.F.);
#937=ORIENTED_EDGE('',*,*,#1473,.F.);
#938=ORIENTED_EDGE('',*,*,#1534,.F.);
#939=ORIENTED_EDGE('',*,*,#1537,.F.);
#940=ORIENTED_EDGE('',*,*,#1539,.F.);
#941=ORIENTED_EDGE('',*,*,#1562,.F.);
#942=ORIENTED_EDGE('',*,*,#1541,.F.);
#943=ORIENTED_EDGE('',*,*,#1547,.F.);
#944=ORIENTED_EDGE('',*,*,#1549,.F.);
#945=ORIENTED_EDGE('',*,*,#1453,.F.);
#946=ORIENTED_EDGE('',*,*,#1559,.F.);
#947=ORIENTED_EDGE('',*,*,#1468,.F.);
#948=ORIENTED_EDGE('',*,*,#1538,.F.);
#949=ORIENTED_EDGE('',*,*,#1535,.F.);
#950=ORIENTED_EDGE('',*,*,#1461,.F.);
#951=ORIENTED_EDGE('',*,*,#1498,.F.);
#952=ORIENTED_EDGE('',*,*,#1584,.F.);
#953=ORIENTED_EDGE('',*,*,#1585,.T.);
#954=ORIENTED_EDGE('',*,*,#1586,.T.);
#955=ORIENTED_EDGE('',*,*,#1501,.T.);
#956=ORIENTED_EDGE('',*,*,#1587,.F.);
#957=ORIENTED_EDGE('',*,*,#1588,.F.);
#958=ORIENTED_EDGE('',*,*,#1584,.T.);
#959=ORIENTED_EDGE('',*,*,#1500,.T.);
#960=ORIENTED_EDGE('',*,*,#1589,.F.);
#961=ORIENTED_EDGE('',*,*,#1590,.F.);
#962=ORIENTED_EDGE('',*,*,#1587,.T.);
#963=ORIENTED_EDGE('',*,*,#1499,.T.);
#964=ORIENTED_EDGE('',*,*,#1586,.F.);
#965=ORIENTED_EDGE('',*,*,#1591,.F.);
#966=ORIENTED_EDGE('',*,*,#1589,.T.);
#967=ORIENTED_EDGE('',*,*,#1585,.F.);
#968=ORIENTED_EDGE('',*,*,#1588,.T.);
#969=ORIENTED_EDGE('',*,*,#1590,.T.);
#970=ORIENTED_EDGE('',*,*,#1591,.T.);
#971=ORIENTED_EDGE('',*,*,#1494,.F.);
#972=ORIENTED_EDGE('',*,*,#1592,.F.);
#973=ORIENTED_EDGE('',*,*,#1593,.T.);
#974=ORIENTED_EDGE('',*,*,#1594,.T.);
#975=ORIENTED_EDGE('',*,*,#1497,.T.);
#976=ORIENTED_EDGE('',*,*,#1595,.F.);
#977=ORIENTED_EDGE('',*,*,#1596,.F.);
#978=ORIENTED_EDGE('',*,*,#1592,.T.);
#979=ORIENTED_EDGE('',*,*,#1496,.F.);
#980=ORIENTED_EDGE('',*,*,#1597,.F.);
#981=ORIENTED_EDGE('',*,*,#1598,.T.);
#982=ORIENTED_EDGE('',*,*,#1595,.T.);
#983=ORIENTED_EDGE('',*,*,#1495,.T.);
#984=ORIENTED_EDGE('',*,*,#1594,.F.);
#985=ORIENTED_EDGE('',*,*,#1599,.F.);
#986=ORIENTED_EDGE('',*,*,#1597,.T.);
#987=ORIENTED_EDGE('',*,*,#1593,.F.);
#988=ORIENTED_EDGE('',*,*,#1596,.T.);
#989=ORIENTED_EDGE('',*,*,#1598,.F.);
#990=ORIENTED_EDGE('',*,*,#1599,.T.);
#991=ORIENTED_EDGE('',*,*,#1600,.T.);
#992=ORIENTED_EDGE('',*,*,#1601,.T.);
#993=ORIENTED_EDGE('',*,*,#1602,.F.);
#994=ORIENTED_EDGE('',*,*,#1603,.F.);
#995=ORIENTED_EDGE('',*,*,#1604,.T.);
#996=ORIENTED_EDGE('',*,*,#1605,.T.);
#997=ORIENTED_EDGE('',*,*,#1603,.T.);
#998=ORIENTED_EDGE('',*,*,#1606,.F.);
#999=ORIENTED_EDGE('',*,*,#1607,.F.);
#1000=ORIENTED_EDGE('',*,*,#1600,.F.);
#1001=ORIENTED_EDGE('',*,*,#1608,.F.);
#1002=ORIENTED_EDGE('',*,*,#1609,.T.);
#1003=ORIENTED_EDGE('',*,*,#1610,.F.);
#1004=ORIENTED_EDGE('',*,*,#1611,.F.);
#1005=ORIENTED_EDGE('',*,*,#1612,.T.);
#1006=ORIENTED_EDGE('',*,*,#1608,.T.);
#1007=ORIENTED_EDGE('',*,*,#1613,.T.);
#1008=ORIENTED_EDGE('',*,*,#1611,.T.);
#1009=ORIENTED_EDGE('',*,*,#1614,.T.);
#1010=ORIENTED_EDGE('',*,*,#1615,.F.);
#1011=ORIENTED_EDGE('',*,*,#1616,.F.);
#1012=ORIENTED_EDGE('',*,*,#1617,.F.);
#1013=ORIENTED_EDGE('',*,*,#1617,.T.);
#1014=ORIENTED_EDGE('',*,*,#1618,.F.);
#1015=ORIENTED_EDGE('',*,*,#1619,.F.);
#1016=ORIENTED_EDGE('',*,*,#1620,.T.);
#1017=ORIENTED_EDGE('',*,*,#1619,.T.);
#1018=ORIENTED_EDGE('',*,*,#1621,.F.);
#1019=ORIENTED_EDGE('',*,*,#1622,.F.);
#1020=ORIENTED_EDGE('',*,*,#1623,.T.);
#1021=ORIENTED_EDGE('',*,*,#1622,.T.);
#1022=ORIENTED_EDGE('',*,*,#1624,.F.);
#1023=ORIENTED_EDGE('',*,*,#1605,.F.);
#1024=ORIENTED_EDGE('',*,*,#1625,.T.);
#1025=ORIENTED_EDGE('',*,*,#1626,.T.);
#1026=ORIENTED_EDGE('',*,*,#1606,.T.);
#1027=ORIENTED_EDGE('',*,*,#1602,.T.);
#1028=ORIENTED_EDGE('',*,*,#1624,.T.);
#1029=ORIENTED_EDGE('',*,*,#1621,.T.);
#1030=ORIENTED_EDGE('',*,*,#1618,.T.);
#1031=ORIENTED_EDGE('',*,*,#1616,.T.);
#1032=ORIENTED_EDGE('',*,*,#1615,.T.);
#1033=ORIENTED_EDGE('',*,*,#1623,.F.);
#1034=ORIENTED_EDGE('',*,*,#1625,.F.);
#1035=ORIENTED_EDGE('',*,*,#1604,.F.);
#1036=ORIENTED_EDGE('',*,*,#1609,.F.);
#1037=ORIENTED_EDGE('',*,*,#1612,.F.);
#1038=ORIENTED_EDGE('',*,*,#1613,.F.);
#1039=ORIENTED_EDGE('',*,*,#1620,.F.);
#1040=ORIENTED_EDGE('',*,*,#1614,.F.);
#1041=ORIENTED_EDGE('',*,*,#1627,.F.);
#1042=ORIENTED_EDGE('',*,*,#1628,.T.);
#1043=ORIENTED_EDGE('',*,*,#1629,.T.);
#1044=ORIENTED_EDGE('',*,*,#1610,.T.);
#1045=ORIENTED_EDGE('',*,*,#1630,.F.);
#1046=ORIENTED_EDGE('',*,*,#1631,.F.);
#1047=ORIENTED_EDGE('',*,*,#1627,.T.);
#1048=ORIENTED_EDGE('',*,*,#1601,.F.);
#1049=ORIENTED_EDGE('',*,*,#1632,.F.);
#1050=ORIENTED_EDGE('',*,*,#1633,.T.);
#1051=ORIENTED_EDGE('',*,*,#1630,.T.);
#1052=ORIENTED_EDGE('',*,*,#1607,.T.);
#1053=ORIENTED_EDGE('',*,*,#1634,.F.);
#1054=ORIENTED_EDGE('',*,*,#1635,.F.);
#1055=ORIENTED_EDGE('',*,*,#1632,.T.);
#1056=ORIENTED_EDGE('',*,*,#1626,.F.);
#1057=ORIENTED_EDGE('',*,*,#1629,.F.);
#1058=ORIENTED_EDGE('',*,*,#1636,.T.);
#1059=ORIENTED_EDGE('',*,*,#1634,.T.);
#1060=ORIENTED_EDGE('',*,*,#1628,.F.);
#1061=ORIENTED_EDGE('',*,*,#1631,.T.);
#1062=ORIENTED_EDGE('',*,*,#1633,.F.);
#1063=ORIENTED_EDGE('',*,*,#1635,.T.);
#1064=ORIENTED_EDGE('',*,*,#1636,.F.);
#1065=ORIENTED_EDGE('',*,*,#1637,.F.);
#1066=ORIENTED_EDGE('',*,*,#1638,.T.);
#1067=ORIENTED_EDGE('',*,*,#1639,.T.);
#1068=ORIENTED_EDGE('',*,*,#1640,.T.);
#1069=ORIENTED_EDGE('',*,*,#1641,.F.);
#1070=ORIENTED_EDGE('',*,*,#1642,.F.);
#1071=ORIENTED_EDGE('',*,*,#1643,.F.);
#1072=ORIENTED_EDGE('',*,*,#1644,.F.);
#1073=ORIENTED_EDGE('',*,*,#1645,.T.);
#1074=ORIENTED_EDGE('',*,*,#1646,.T.);
#1075=ORIENTED_EDGE('',*,*,#1647,.T.);
#1076=ORIENTED_EDGE('',*,*,#1648,.F.);
#1077=ORIENTED_EDGE('',*,*,#1647,.F.);
#1078=ORIENTED_EDGE('',*,*,#1649,.T.);
#1079=ORIENTED_EDGE('',*,*,#1637,.T.);
#1080=ORIENTED_EDGE('',*,*,#1650,.F.);
#1081=ORIENTED_EDGE('',*,*,#1640,.F.);
#1082=ORIENTED_EDGE('',*,*,#1651,.T.);
#1083=ORIENTED_EDGE('',*,*,#1644,.T.);
#1084=ORIENTED_EDGE('',*,*,#1652,.F.);
#1085=ORIENTED_EDGE('',*,*,#1641,.T.);
#1086=ORIENTED_EDGE('',*,*,#1652,.T.);
#1087=ORIENTED_EDGE('',*,*,#1643,.T.);
#1088=ORIENTED_EDGE('',*,*,#1653,.F.);
#1089=ORIENTED_EDGE('',*,*,#1642,.T.);
#1090=ORIENTED_EDGE('',*,*,#1653,.T.);
#1091=ORIENTED_EDGE('',*,*,#1648,.T.);
#1092=ORIENTED_EDGE('',*,*,#1650,.T.);
#1093=ORIENTED_EDGE('',*,*,#1654,.T.);
#1094=ORIENTED_EDGE('',*,*,#1639,.F.);
#1095=ORIENTED_EDGE('',*,*,#1655,.F.);
#1096=ORIENTED_EDGE('',*,*,#1638,.F.);
#1097=ORIENTED_EDGE('',*,*,#1656,.F.);
#1098=ORIENTED_EDGE('',*,*,#1657,.F.);
#1099=ORIENTED_EDGE('',*,*,#1658,.T.);
#1100=ORIENTED_EDGE('',*,*,#1646,.F.);
#1101=ORIENTED_EDGE('',*,*,#1659,.F.);
#1102=ORIENTED_EDGE('',*,*,#1645,.F.);
#1103=ORIENTED_EDGE('',*,*,#1660,.F.);
#1104=ORIENTED_EDGE('',*,*,#1661,.F.);
#1105=ORIENTED_EDGE('',*,*,#1660,.T.);
#1106=ORIENTED_EDGE('',*,*,#1651,.F.);
#1107=ORIENTED_EDGE('',*,*,#1654,.F.);
#1108=ORIENTED_EDGE('',*,*,#1662,.F.);
#1109=ORIENTED_EDGE('',*,*,#1656,.T.);
#1110=ORIENTED_EDGE('',*,*,#1649,.F.);
#1111=ORIENTED_EDGE('',*,*,#1658,.F.);
#1112=ORIENTED_EDGE('',*,*,#1663,.F.);
#1113=ORIENTED_EDGE('',*,*,#1664,.F.);
#1114=ORIENTED_EDGE('',*,*,#1665,.F.);
#1115=ORIENTED_EDGE('',*,*,#1666,.F.);
#1116=ORIENTED_EDGE('',*,*,#1667,.F.);
#1117=ORIENTED_EDGE('',*,*,#1668,.F.);
#1118=ORIENTED_EDGE('',*,*,#1669,.T.);
#1119=ORIENTED_EDGE('',*,*,#1670,.T.);
#1120=ORIENTED_EDGE('',*,*,#1671,.F.);
#1121=ORIENTED_EDGE('',*,*,#1655,.T.);
#1122=ORIENTED_EDGE('',*,*,#1657,.T.);
#1123=ORIENTED_EDGE('',*,*,#1663,.T.);
#1124=ORIENTED_EDGE('',*,*,#1659,.T.);
#1125=ORIENTED_EDGE('',*,*,#1661,.T.);
#1126=ORIENTED_EDGE('',*,*,#1662,.T.);
#1127=ORIENTED_EDGE('',*,*,#1672,.F.);
#1128=ORIENTED_EDGE('',*,*,#1673,.T.);
#1129=ORIENTED_EDGE('',*,*,#1674,.F.);
#1130=ORIENTED_EDGE('',*,*,#1675,.F.);
#1131=ORIENTED_EDGE('',*,*,#1676,.F.);
#1132=ORIENTED_EDGE('',*,*,#1677,.F.);
#1133=ORIENTED_EDGE('',*,*,#1678,.F.);
#1134=ORIENTED_EDGE('',*,*,#1679,.F.);
#1135=ORIENTED_EDGE('',*,*,#1680,.F.);
#1136=ORIENTED_EDGE('',*,*,#1681,.F.);
#1137=ORIENTED_EDGE('',*,*,#1682,.T.);
#1138=ORIENTED_EDGE('',*,*,#1683,.F.);
#1139=ORIENTED_EDGE('',*,*,#1684,.F.);
#1140=ORIENTED_EDGE('',*,*,#1685,.T.);
#1141=ORIENTED_EDGE('',*,*,#1686,.T.);
#1142=ORIENTED_EDGE('',*,*,#1687,.F.);
#1143=ORIENTED_EDGE('',*,*,#1688,.F.);
#1144=ORIENTED_EDGE('',*,*,#1687,.T.);
#1145=ORIENTED_EDGE('',*,*,#1689,.T.);
#1146=ORIENTED_EDGE('',*,*,#1690,.F.);
#1147=ORIENTED_EDGE('',*,*,#1691,.F.);
#1148=ORIENTED_EDGE('',*,*,#1683,.T.);
#1149=ORIENTED_EDGE('',*,*,#1692,.T.);
#1150=ORIENTED_EDGE('',*,*,#1693,.F.);
#1151=ORIENTED_EDGE('',*,*,#1690,.T.);
#1152=ORIENTED_EDGE('',*,*,#1694,.F.);
#1153=ORIENTED_EDGE('',*,*,#1685,.F.);
#1154=ORIENTED_EDGE('',*,*,#1695,.T.);
#1155=ORIENTED_EDGE('',*,*,#1695,.F.);
#1156=ORIENTED_EDGE('',*,*,#1684,.T.);
#1157=ORIENTED_EDGE('',*,*,#1691,.T.);
#1158=ORIENTED_EDGE('',*,*,#1694,.T.);
#1159=ORIENTED_EDGE('',*,*,#1689,.F.);
#1160=ORIENTED_EDGE('',*,*,#1686,.F.);
#1161=ORIENTED_EDGE('',*,*,#1696,.F.);
#1162=ORIENTED_EDGE('',*,*,#1697,.F.);
#1163=ORIENTED_EDGE('',*,*,#1698,.T.);
#1164=ORIENTED_EDGE('',*,*,#1699,.T.);
#1165=ORIENTED_EDGE('',*,*,#1700,.T.);
#1166=ORIENTED_EDGE('',*,*,#1664,.T.);
#1167=ORIENTED_EDGE('',*,*,#1701,.T.);
#1168=ORIENTED_EDGE('',*,*,#1702,.T.);
#1169=ORIENTED_EDGE('',*,*,#1680,.T.);
#1170=ORIENTED_EDGE('',*,*,#1688,.T.);
#1171=ORIENTED_EDGE('',*,*,#1703,.T.);
#1172=ORIENTED_EDGE('',*,*,#1704,.F.);
#1173=ORIENTED_EDGE('',*,*,#1705,.F.);
#1174=ORIENTED_EDGE('',*,*,#1706,.F.);
#1175=ORIENTED_EDGE('',*,*,#1707,.F.);
#1176=ORIENTED_EDGE('',*,*,#1708,.F.);
#1177=ORIENTED_EDGE('',*,*,#1709,.T.);
#1178=ORIENTED_EDGE('',*,*,#1710,.T.);
#1179=ORIENTED_EDGE('',*,*,#1711,.T.);
#1180=ORIENTED_EDGE('',*,*,#1712,.T.);
#1181=ORIENTED_EDGE('',*,*,#1713,.F.);
#1182=ORIENTED_EDGE('',*,*,#1692,.F.);
#1183=ORIENTED_EDGE('',*,*,#1682,.F.);
#1184=ORIENTED_EDGE('',*,*,#1714,.F.);
#1185=ORIENTED_EDGE('',*,*,#1715,.F.);
#1186=ORIENTED_EDGE('',*,*,#1666,.T.);
#1187=ORIENTED_EDGE('',*,*,#1716,.F.);
#1188=ORIENTED_EDGE('',*,*,#1714,.T.);
#1189=ORIENTED_EDGE('',*,*,#1681,.T.);
#1190=ORIENTED_EDGE('',*,*,#1702,.F.);
#1191=ORIENTED_EDGE('',*,*,#1717,.T.);
#1192=ORIENTED_EDGE('',*,*,#1703,.F.);
#1193=ORIENTED_EDGE('',*,*,#1693,.T.);
#1194=ORIENTED_EDGE('',*,*,#1713,.T.);
#1195=ORIENTED_EDGE('',*,*,#1718,.F.);
#1196=ORIENTED_EDGE('',*,*,#1701,.F.);
#1197=ORIENTED_EDGE('',*,*,#1667,.T.);
#1198=ORIENTED_EDGE('',*,*,#1715,.T.);
#1199=ORIENTED_EDGE('',*,*,#1717,.F.);
#1200=ORIENTED_EDGE('',*,*,#1712,.F.);
#1201=ORIENTED_EDGE('',*,*,#1719,.T.);
#1202=ORIENTED_EDGE('',*,*,#1697,.T.);
#1203=ORIENTED_EDGE('',*,*,#1718,.T.);
#1204=ORIENTED_EDGE('',*,*,#1720,.T.);
#1205=ORIENTED_EDGE('',*,*,#1716,.T.);
#1206=ORIENTED_EDGE('',*,*,#1665,.T.);
#1207=ORIENTED_EDGE('',*,*,#1700,.F.);
#1208=ORIENTED_EDGE('',*,*,#1721,.T.);
#1209=ORIENTED_EDGE('',*,*,#1722,.T.);
#1210=ORIENTED_EDGE('',*,*,#1723,.F.);
#1211=ORIENTED_EDGE('',*,*,#1724,.T.);
#1212=ORIENTED_EDGE('',*,*,#1725,.T.);
#1213=ORIENTED_EDGE('',*,*,#1726,.T.);
#1214=ORIENTED_EDGE('',*,*,#1673,.F.);
#1215=ORIENTED_EDGE('',*,*,#1723,.T.);
#1216=ORIENTED_EDGE('',*,*,#1727,.T.);
#1217=ORIENTED_EDGE('',*,*,#1724,.F.);
#1218=ORIENTED_EDGE('',*,*,#1728,.T.);
#1219=ORIENTED_EDGE('',*,*,#1726,.F.);
#1220=ORIENTED_EDGE('',*,*,#1729,.T.);
#1221=ORIENTED_EDGE('',*,*,#1710,.F.);
#1222=ORIENTED_EDGE('',*,*,#1720,.F.);
#1223=ORIENTED_EDGE('',*,*,#1699,.F.);
#1224=ORIENTED_EDGE('',*,*,#1730,.T.);
#1225=ORIENTED_EDGE('',*,*,#1721,.F.);
#1226=ORIENTED_EDGE('',*,*,#1728,.F.);
#1227=ORIENTED_EDGE('',*,*,#1698,.F.);
#1228=ORIENTED_EDGE('',*,*,#1719,.F.);
#1229=ORIENTED_EDGE('',*,*,#1711,.F.);
#1230=ORIENTED_EDGE('',*,*,#1729,.F.);
#1231=ORIENTED_EDGE('',*,*,#1725,.F.);
#1232=ORIENTED_EDGE('',*,*,#1727,.F.);
#1233=ORIENTED_EDGE('',*,*,#1722,.F.);
#1234=ORIENTED_EDGE('',*,*,#1730,.F.);
#1235=ORIENTED_EDGE('',*,*,#1672,.T.);
#1236=ORIENTED_EDGE('',*,*,#1731,.F.);
#1237=ORIENTED_EDGE('',*,*,#1677,.T.);
#1238=ORIENTED_EDGE('',*,*,#1732,.T.);
#1239=ORIENTED_EDGE('',*,*,#1733,.F.);
#1240=ORIENTED_EDGE('',*,*,#1678,.T.);
#1241=ORIENTED_EDGE('',*,*,#1731,.T.);
#1242=ORIENTED_EDGE('',*,*,#1734,.T.);
#1243=ORIENTED_EDGE('',*,*,#1735,.F.);
#1244=ORIENTED_EDGE('',*,*,#1674,.T.);
#1245=ORIENTED_EDGE('',*,*,#1736,.T.);
#1246=ORIENTED_EDGE('',*,*,#1737,.F.);
#1247=ORIENTED_EDGE('',*,*,#1675,.T.);
#1248=ORIENTED_EDGE('',*,*,#1735,.T.);
#1249=ORIENTED_EDGE('',*,*,#1738,.T.);
#1250=ORIENTED_EDGE('',*,*,#1739,.T.);
#1251=ORIENTED_EDGE('',*,*,#1676,.T.);
#1252=ORIENTED_EDGE('',*,*,#1737,.T.);
#1253=ORIENTED_EDGE('',*,*,#1740,.T.);
#1254=ORIENTED_EDGE('',*,*,#1679,.T.);
#1255=ORIENTED_EDGE('',*,*,#1733,.T.);
#1256=ORIENTED_EDGE('',*,*,#1741,.T.);
#1257=ORIENTED_EDGE('',*,*,#1742,.T.);
#1258=ORIENTED_EDGE('',*,*,#1743,.F.);
#1259=ORIENTED_EDGE('',*,*,#1732,.F.);
#1260=ORIENTED_EDGE('',*,*,#1739,.F.);
#1261=ORIENTED_EDGE('',*,*,#1744,.T.);
#1262=ORIENTED_EDGE('',*,*,#1743,.T.);
#1263=ORIENTED_EDGE('',*,*,#1745,.T.);
#1264=ORIENTED_EDGE('',*,*,#1746,.F.);
#1265=ORIENTED_EDGE('',*,*,#1734,.F.);
#1266=ORIENTED_EDGE('',*,*,#1746,.T.);
#1267=ORIENTED_EDGE('',*,*,#1747,.T.);
#1268=ORIENTED_EDGE('',*,*,#1748,.T.);
#1269=ORIENTED_EDGE('',*,*,#1749,.F.);
#1270=ORIENTED_EDGE('',*,*,#1736,.F.);
#1271=ORIENTED_EDGE('',*,*,#1740,.F.);
#1272=ORIENTED_EDGE('',*,*,#1749,.T.);
#1273=ORIENTED_EDGE('',*,*,#1750,.T.);
#1274=ORIENTED_EDGE('',*,*,#1744,.F.);
#1275=ORIENTED_EDGE('',*,*,#1738,.F.);
#1276=ORIENTED_EDGE('',*,*,#1748,.F.);
#1277=ORIENTED_EDGE('',*,*,#1751,.T.);
#1278=ORIENTED_EDGE('',*,*,#1741,.F.);
#1279=ORIENTED_EDGE('',*,*,#1750,.F.);
#1280=ORIENTED_EDGE('',*,*,#1747,.F.);
#1281=ORIENTED_EDGE('',*,*,#1745,.F.);
#1282=ORIENTED_EDGE('',*,*,#1742,.F.);
#1283=ORIENTED_EDGE('',*,*,#1751,.F.);
#1284=ORIENTED_EDGE('',*,*,#1669,.F.);
#1285=ORIENTED_EDGE('',*,*,#1752,.F.);
#1286=ORIENTED_EDGE('',*,*,#1753,.T.);
#1287=ORIENTED_EDGE('',*,*,#1754,.T.);
#1288=ORIENTED_EDGE('',*,*,#1668,.T.);
#1289=ORIENTED_EDGE('',*,*,#1755,.F.);
#1290=ORIENTED_EDGE('',*,*,#1756,.F.);
#1291=ORIENTED_EDGE('',*,*,#1752,.T.);
#1292=ORIENTED_EDGE('',*,*,#1671,.T.);
#1293=ORIENTED_EDGE('',*,*,#1757,.F.);
#1294=ORIENTED_EDGE('',*,*,#1758,.F.);
#1295=ORIENTED_EDGE('',*,*,#1755,.T.);
#1296=ORIENTED_EDGE('',*,*,#1670,.F.);
#1297=ORIENTED_EDGE('',*,*,#1754,.F.);
#1298=ORIENTED_EDGE('',*,*,#1759,.T.);
#1299=ORIENTED_EDGE('',*,*,#1757,.T.);
#1300=ORIENTED_EDGE('',*,*,#1753,.F.);
#1301=ORIENTED_EDGE('',*,*,#1756,.T.);
#1302=ORIENTED_EDGE('',*,*,#1758,.T.);
#1303=ORIENTED_EDGE('',*,*,#1759,.F.);
#1304=ORIENTED_EDGE('',*,*,#1760,.F.);
#1305=ORIENTED_EDGE('',*,*,#1761,.T.);
#1306=ORIENTED_EDGE('',*,*,#1762,.F.);
#1307=ORIENTED_EDGE('',*,*,#1763,.F.);
#1308=ORIENTED_EDGE('',*,*,#1764,.T.);
#1309=ORIENTED_EDGE('',*,*,#1765,.F.);
#1310=ORIENTED_EDGE('',*,*,#1766,.T.);
#1311=ORIENTED_EDGE('',*,*,#1767,.T.);
#1312=ORIENTED_EDGE('',*,*,#1768,.T.);
#1313=ORIENTED_EDGE('',*,*,#1769,.F.);
#1314=ORIENTED_EDGE('',*,*,#1762,.T.);
#1315=ORIENTED_EDGE('',*,*,#1770,.T.);
#1316=ORIENTED_EDGE('',*,*,#1771,.T.);
#1317=ORIENTED_EDGE('',*,*,#1772,.F.);
#1318=ORIENTED_EDGE('',*,*,#1770,.F.);
#1319=ORIENTED_EDGE('',*,*,#1761,.F.);
#1320=ORIENTED_EDGE('',*,*,#1773,.F.);
#1321=ORIENTED_EDGE('',*,*,#1774,.T.);
#1322=ORIENTED_EDGE('',*,*,#1775,.F.);
#1323=ORIENTED_EDGE('',*,*,#1776,.T.);
#1324=ORIENTED_EDGE('',*,*,#1777,.T.);
#1325=ORIENTED_EDGE('',*,*,#1776,.F.);
#1326=ORIENTED_EDGE('',*,*,#1777,.F.);
#1327=ORIENTED_EDGE('',*,*,#1778,.T.);
#1328=ORIENTED_EDGE('',*,*,#1774,.F.);
#1329=ORIENTED_EDGE('',*,*,#1769,.T.);
#1330=ORIENTED_EDGE('',*,*,#1778,.F.);
#1331=ORIENTED_EDGE('',*,*,#1775,.T.);
#1332=ORIENTED_EDGE('',*,*,#1779,.T.);
#1333=ORIENTED_EDGE('',*,*,#1779,.F.);
#1334=ORIENTED_EDGE('',*,*,#1773,.T.);
#1335=ORIENTED_EDGE('',*,*,#1772,.T.);
#1336=ORIENTED_EDGE('',*,*,#1760,.T.);
#1337=ORIENTED_EDGE('',*,*,#1771,.F.);
#1338=ORIENTED_EDGE('',*,*,#1780,.F.);
#1339=ORIENTED_EDGE('',*,*,#1767,.F.);
#1340=ORIENTED_EDGE('',*,*,#1709,.F.);
#1341=ORIENTED_EDGE('',*,*,#1764,.F.);
#1342=ORIENTED_EDGE('',*,*,#1763,.T.);
#1343=ORIENTED_EDGE('',*,*,#1781,.T.);
#1344=ORIENTED_EDGE('',*,*,#1765,.T.);
#1345=ORIENTED_EDGE('',*,*,#1768,.F.);
#1346=ORIENTED_EDGE('',*,*,#1780,.T.);
#1347=ORIENTED_EDGE('',*,*,#1766,.F.);
#1348=ORIENTED_EDGE('',*,*,#1781,.F.);
#1349=ORIENTED_EDGE('',*,*,#1782,.T.);
#1350=ORIENTED_EDGE('',*,*,#1783,.T.);
#1351=ORIENTED_EDGE('',*,*,#1784,.F.);
#1352=ORIENTED_EDGE('',*,*,#1785,.F.);
#1353=ORIENTED_EDGE('',*,*,#1786,.T.);
#1354=ORIENTED_EDGE('',*,*,#1787,.F.);
#1355=ORIENTED_EDGE('',*,*,#1788,.T.);
#1356=ORIENTED_EDGE('',*,*,#1789,.F.);
#1357=ORIENTED_EDGE('',*,*,#1790,.T.);
#1358=ORIENTED_EDGE('',*,*,#1791,.T.);
#1359=ORIENTED_EDGE('',*,*,#1783,.F.);
#1360=ORIENTED_EDGE('',*,*,#1792,.F.);
#1361=ORIENTED_EDGE('',*,*,#1793,.F.);
#1362=ORIENTED_EDGE('',*,*,#1794,.T.);
#1363=ORIENTED_EDGE('',*,*,#1784,.T.);
#1364=ORIENTED_EDGE('',*,*,#1793,.T.);
#1365=ORIENTED_EDGE('',*,*,#1795,.T.);
#1366=ORIENTED_EDGE('',*,*,#1796,.F.);
#1367=ORIENTED_EDGE('',*,*,#1797,.T.);
#1368=ORIENTED_EDGE('',*,*,#1798,.F.);
#1369=ORIENTED_EDGE('',*,*,#1799,.F.);
#1370=ORIENTED_EDGE('',*,*,#1798,.T.);
#1371=ORIENTED_EDGE('',*,*,#1799,.T.);
#1372=ORIENTED_EDGE('',*,*,#1800,.F.);
#1373=ORIENTED_EDGE('',*,*,#1796,.T.);
#1374=ORIENTED_EDGE('',*,*,#1791,.F.);
#1375=ORIENTED_EDGE('',*,*,#1800,.T.);
#1376=ORIENTED_EDGE('',*,*,#1797,.F.);
#1377=ORIENTED_EDGE('',*,*,#1801,.F.);
#1378=ORIENTED_EDGE('',*,*,#1801,.T.);
#1379=ORIENTED_EDGE('',*,*,#1795,.F.);
#1380=ORIENTED_EDGE('',*,*,#1794,.F.);
#1381=ORIENTED_EDGE('',*,*,#1792,.T.);
#1382=ORIENTED_EDGE('',*,*,#1782,.F.);
#1383=ORIENTED_EDGE('',*,*,#1802,.F.);
#1384=ORIENTED_EDGE('',*,*,#1789,.T.);
#1385=ORIENTED_EDGE('',*,*,#1696,.T.);
#1386=ORIENTED_EDGE('',*,*,#1786,.F.);
#1387=ORIENTED_EDGE('',*,*,#1785,.T.);
#1388=ORIENTED_EDGE('',*,*,#1803,.F.);
#1389=ORIENTED_EDGE('',*,*,#1787,.T.);
#1390=ORIENTED_EDGE('',*,*,#1790,.F.);
#1391=ORIENTED_EDGE('',*,*,#1802,.T.);
#1392=ORIENTED_EDGE('',*,*,#1788,.F.);
#1393=ORIENTED_EDGE('',*,*,#1803,.T.);
#1394=ORIENTED_EDGE('',*,*,#1704,.T.);
#1395=ORIENTED_EDGE('',*,*,#1804,.F.);
#1396=ORIENTED_EDGE('',*,*,#1805,.F.);
#1397=ORIENTED_EDGE('',*,*,#1806,.T.);
#1398=ORIENTED_EDGE('',*,*,#1708,.T.);
#1399=ORIENTED_EDGE('',*,*,#1807,.F.);
#1400=ORIENTED_EDGE('',*,*,#1808,.F.);
#1401=ORIENTED_EDGE('',*,*,#1804,.T.);
#1402=ORIENTED_EDGE('',*,*,#1707,.T.);
#1403=ORIENTED_EDGE('',*,*,#1809,.F.);
#1404=ORIENTED_EDGE('',*,*,#1810,.F.);
#1405=ORIENTED_EDGE('',*,*,#1807,.T.);
#1406=ORIENTED_EDGE('',*,*,#1706,.T.);
#1407=ORIENTED_EDGE('',*,*,#1811,.F.);
#1408=ORIENTED_EDGE('',*,*,#1812,.F.);
#1409=ORIENTED_EDGE('',*,*,#1809,.T.);
#1410=ORIENTED_EDGE('',*,*,#1705,.T.);
#1411=ORIENTED_EDGE('',*,*,#1806,.F.);
#1412=ORIENTED_EDGE('',*,*,#1813,.F.);
#1413=ORIENTED_EDGE('',*,*,#1811,.T.);
#1414=ORIENTED_EDGE('',*,*,#1805,.T.);
#1415=ORIENTED_EDGE('',*,*,#1808,.T.);
#1416=ORIENTED_EDGE('',*,*,#1810,.T.);
#1417=ORIENTED_EDGE('',*,*,#1812,.T.);
#1418=ORIENTED_EDGE('',*,*,#1813,.T.);
#1419=EDGE_CURVE('',#1814,#1815,#2079,.T.);
#1420=EDGE_CURVE('',#1815,#1814,#2080,.T.);
#1421=EDGE_CURVE('',#1816,#1817,#2081,.T.);
#1422=EDGE_CURVE('',#1818,#1817,#2082,.T.);
#1423=EDGE_CURVE('',#1818,#1816,#153,.T.);
#1424=EDGE_CURVE('',#1819,#1820,#2083,.T.);
#1425=EDGE_CURVE('',#1820,#1819,#2084,.T.);
#1426=EDGE_CURVE('',#1821,#1822,#2085,.T.);
#1427=EDGE_CURVE('',#1823,#1821,#154,.T.);
#1428=EDGE_CURVE('',#1822,#1823,#95,.T.);
#1429=EDGE_CURVE('',#1823,#1824,#155,.T.);
#1430=EDGE_CURVE('',#1824,#1822,#156,.F.);
#1431=EDGE_CURVE('',#1825,#1826,#69,.F.);
#1432=EDGE_CURVE('',#1826,#1827,#70,.F.);
#1433=EDGE_CURVE('',#1828,#1827,#71,.F.);
#1434=EDGE_CURVE('',#1825,#1828,#72,.F.);
#1435=EDGE_CURVE('',#1829,#1819,#73,.T.);
#1436=EDGE_CURVE('',#1820,#1830,#74,.T.);
#1437=EDGE_CURVE('',#1831,#1830,#157,.T.);
#1438=EDGE_CURVE('',#1832,#1831,#75,.T.);
#1439=EDGE_CURVE('',#1833,#1832,#158,.F.);
#1440=EDGE_CURVE('',#1833,#1834,#2086,.T.);
#1441=EDGE_CURVE('',#1829,#1834,#76,.F.);
#1442=EDGE_CURVE('',#1835,#1836,#77,.F.);
#1443=EDGE_CURVE('',#1837,#1835,#78,.F.);
#1444=EDGE_CURVE('',#1837,#1838,#79,.F.);
#1445=EDGE_CURVE('',#1838,#1836,#80,.F.);
#1446=EDGE_CURVE('',#1839,#1829,#81,.F.);
#1447=EDGE_CURVE('',#1839,#1816,#2087,.T.);
#1448=EDGE_CURVE('',#1840,#1818,#159,.T.);
#1449=EDGE_CURVE('',#1841,#1840,#160,.T.);
#1450=EDGE_CURVE('',#1842,#1841,#82,.T.);
#1451=EDGE_CURVE('',#1830,#1842,#161,.F.);
#1452=EDGE_CURVE('',#1843,#1844,#162,.T.);
#1453=EDGE_CURVE('',#1844,#1845,#163,.F.);
#1454=EDGE_CURVE('',#1845,#1846,#164,.T.);
#1455=EDGE_CURVE('',#1846,#1847,#2088,.T.);
#1456=EDGE_CURVE('',#1847,#1828,#165,.T.);
#1457=EDGE_CURVE('',#1848,#1827,#166,.T.);
#1458=EDGE_CURVE('',#1848,#1849,#167,.T.);
#1459=EDGE_CURVE('',#1849,#1843,#168,.T.);
#1460=EDGE_CURVE('',#1850,#1851,#169,.T.);
#1461=EDGE_CURVE('',#1850,#1852,#170,.T.);
#1462=EDGE_CURVE('',#1852,#1835,#171,.T.);
#1463=EDGE_CURVE('',#1853,#1836,#172,.T.);
#1464=EDGE_CURVE('',#1854,#1853,#173,.T.);
#1465=EDGE_CURVE('',#1855,#1854,#174,.T.);
#1466=EDGE_CURVE('',#1855,#1851,#175,.T.);
#1467=EDGE_CURVE('',#1856,#1857,#176,.T.);
#1468=EDGE_CURVE('',#1856,#1850,#177,.F.);
#1469=EDGE_CURVE('',#1858,#1851,#178,.T.);
#1470=EDGE_CURVE('',#1859,#1858,#179,.T.);
#1471=EDGE_CURVE('',#1853,#1859,#180,.T.);
#1472=EDGE_CURVE('',#1860,#1838,#181,.T.);
#1473=EDGE_CURVE('',#1860,#1857,#2089,.T.);
#1474=EDGE_CURVE('',#1861,#1862,#182,.T.);
#1475=EDGE_CURVE('',#1861,#1863,#183,.T.);
#1476=EDGE_CURVE('',#1863,#1864,#184,.T.);
#1477=EDGE_CURVE('',#1865,#1864,#185,.T.);
#1478=EDGE_CURVE('',#1865,#1866,#186,.T.);
#1479=EDGE_CURVE('',#1867,#1866,#187,.T.);
#1480=EDGE_CURVE('',#1868,#1867,#188,.T.);
#1481=EDGE_CURVE('',#1868,#1862,#189,.T.);
#1482=EDGE_CURVE('',#1863,#1869,#190,.T.);
#1483=EDGE_CURVE('',#1869,#1870,#191,.T.);
#1484=EDGE_CURVE('',#1864,#1870,#192,.T.);
#1485=EDGE_CURVE('',#1866,#1871,#193,.T.);
#1486=EDGE_CURVE('',#1871,#1872,#194,.T.);
#1487=EDGE_CURVE('',#1873,#1872,#2090,.T.);
#1488=EDGE_CURVE('',#1873,#1874,#195,.T.);
#1489=EDGE_CURVE('',#1874,#1867,#196,.T.);
#1490=EDGE_CURVE('',#1871,#1875,#197,.T.);
#1491=EDGE_CURVE('',#1875,#1876,#198,.T.);
#1492=EDGE_CURVE('',#1876,#1877,#2091,.T.);
#1493=EDGE_CURVE('',#1872,#1877,#199,.T.);
#1494=EDGE_CURVE('',#1878,#1879,#2092,.T.);
#1495=EDGE_CURVE('',#1880,#1879,#2093,.T.);
#1496=EDGE_CURVE('',#1880,#1881,#200,.T.);
#1497=EDGE_CURVE('',#1878,#1881,#201,.T.);
#1498=EDGE_CURVE('',#1882,#1883,#2094,.T.);
#1499=EDGE_CURVE('',#1884,#1883,#2095,.T.);
#1500=EDGE_CURVE('',#1885,#1884,#2096,.T.);
#1501=EDGE_CURVE('',#1882,#1885,#2097,.T.);
#1502=EDGE_CURVE('',#1875,#1862,#202,.T.);
#1503=EDGE_CURVE('',#1886,#1868,#203,.T.);
#1504=EDGE_CURVE('',#1887,#1886,#204,.T.);
#1505=EDGE_CURVE('',#1887,#1876,#2098,.T.);
#1506=EDGE_CURVE('',#1888,#1887,#2099,.T.);
#1507=EDGE_CURVE('',#1888,#1877,#2100,.T.);
#1508=EDGE_CURVE('',#1889,#1890,#2101,.T.);
#1509=EDGE_CURVE('',#1890,#1891,#2102,.T.);
#1510=EDGE_CURVE('',#1892,#1891,#205,.F.);
#1511=EDGE_CURVE('',#1892,#1893,#2103,.T.);
#1512=EDGE_CURVE('',#1893,#1894,#2104,.T.);
#1513=EDGE_CURVE('',#1894,#1889,#206,.T.);
#1514=EDGE_CURVE('',#1832,#1895,#207,.T.);
#1515=EDGE_CURVE('',#1895,#1833,#2105,.T.);
#1516=EDGE_CURVE('',#1842,#1831,#208,.T.);
#1517=EDGE_CURVE('',#1841,#1840,#2106,.T.);
#1518=EDGE_CURVE('',#1891,#1839,#2107,.T.);
#1519=EDGE_CURVE('',#1834,#1892,#2108,.T.);
#1520=EDGE_CURVE('',#1815,#1841,#209,.T.);
#1521=EDGE_CURVE('',#1815,#1889,#2109,.T.);
#1522=EDGE_CURVE('',#1894,#1895,#2110,.T.);
#1523=EDGE_CURVE('',#1817,#1814,#2111,.T.);
#1524=EDGE_CURVE('',#1890,#1816,#96,.T.);
#1525=EDGE_CURVE('',#1833,#1893,#97,.T.);
#1526=EDGE_CURVE('',#1886,#1874,#210,.T.);
#1527=EDGE_CURVE('',#1873,#1888,#211,.T.);
#1528=EDGE_CURVE('',#1896,#1865,#212,.T.);
#1529=EDGE_CURVE('',#1897,#1896,#213,.T.);
#1530=EDGE_CURVE('',#1861,#1897,#214,.T.);
#1531=EDGE_CURVE('',#1897,#1869,#215,.T.);
#1532=EDGE_CURVE('',#1870,#1896,#216,.T.);
#1533=EDGE_CURVE('',#1898,#1837,#217,.T.);
#1534=EDGE_CURVE('',#1898,#1860,#2112,.T.);
#1535=EDGE_CURVE('',#1852,#1899,#218,.F.);
#1536=EDGE_CURVE('',#1899,#1900,#219,.T.);
#1537=EDGE_CURVE('',#1900,#1898,#2113,.T.);
#1538=EDGE_CURVE('',#1899,#1856,#220,.T.);
#1539=EDGE_CURVE('',#1857,#1900,#2114,.T.);
#1540=EDGE_CURVE('',#1901,#1826,#221,.T.);
#1541=EDGE_CURVE('',#1901,#1902,#222,.T.);
#1542=EDGE_CURVE('',#1902,#1903,#223,.T.);
#1543=EDGE_CURVE('',#1903,#1848,#224,.T.);
#1544=EDGE_CURVE('',#1847,#1904,#2115,.T.);
#1545=EDGE_CURVE('',#1904,#1825,#225,.T.);
#1546=EDGE_CURVE('',#1905,#1906,#226,.T.);
#1547=EDGE_CURVE('',#1905,#1901,#227,.F.);
#1548=EDGE_CURVE('',#1904,#1906,#2116,.T.);
#1549=EDGE_CURVE('',#1845,#1905,#228,.T.);
#1550=EDGE_CURVE('',#1906,#1846,#2117,.T.);
#1551=EDGE_CURVE('',#1907,#1859,#229,.T.);
#1552=EDGE_CURVE('',#1854,#1907,#230,.T.);
#1553=EDGE_CURVE('',#1908,#1858,#231,.T.);
#1554=EDGE_CURVE('',#1907,#1908,#232,.T.);
#1555=EDGE_CURVE('',#1908,#1855,#233,.T.);
#1556=EDGE_CURVE('',#1903,#1909,#234,.T.);
#1557=EDGE_CURVE('',#1909,#1849,#235,.T.);
#1558=EDGE_CURVE('',#1910,#1911,#236,.T.);
#1559=EDGE_CURVE('',#1911,#1844,#237,.F.);
#1560=EDGE_CURVE('',#1910,#1843,#238,.T.);
#1561=EDGE_CURVE('',#1909,#1910,#239,.T.);
#1562=EDGE_CURVE('',#1902,#1911,#240,.F.);
#1563=EDGE_CURVE('',#1912,#1912,#98,.T.);
#1564=EDGE_CURVE('',#1824,#1821,#99,.T.);
#1565=EDGE_CURVE('',#1913,#1913,#100,.T.);
#1566=EDGE_CURVE('',#1914,#1914,#101,.F.);
#1567=EDGE_CURVE('',#1915,#1915,#2118,.T.);
#1568=EDGE_CURVE('',#1916,#1916,#102,.T.);
#1569=EDGE_CURVE('',#1917,#1917,#2119,.T.);
#1570=EDGE_CURVE('',#1918,#1918,#103,.T.);
#1571=EDGE_CURVE('',#1919,#1919,#2120,.F.);
#1572=EDGE_CURVE('',#1920,#1818,#241,.T.);
#1573=EDGE_CURVE('',#1921,#1920,#242,.T.);
#1574=EDGE_CURVE('',#1921,#1840,#243,.T.);
#1575=EDGE_CURVE('',#1922,#1817,#244,.T.);
#1576=EDGE_CURVE('',#1920,#1922,#2121,.T.);
#1577=EDGE_CURVE('',#1923,#1814,#245,.T.);
#1578=EDGE_CURVE('',#1922,#1923,#2122,.T.);
#1579=EDGE_CURVE('',#1924,#1815,#246,.T.);
#1580=EDGE_CURVE('',#1924,#1923,#2123,.T.);
#1581=EDGE_CURVE('',#1925,#1841,#247,.T.);
#1582=EDGE_CURVE('',#1924,#1925,#248,.T.);
#1583=EDGE_CURVE('',#1925,#1921,#2124,.T.);
#1584=EDGE_CURVE('',#1926,#1882,#249,.T.);
#1585=EDGE_CURVE('',#1926,#1927,#2125,.T.);
#1586=EDGE_CURVE('',#1927,#1883,#250,.T.);
#1587=EDGE_CURVE('',#1928,#1885,#251,.T.);
#1588=EDGE_CURVE('',#1926,#1928,#2126,.T.);
#1589=EDGE_CURVE('',#1929,#1884,#252,.T.);
#1590=EDGE_CURVE('',#1928,#1929,#2127,.T.);
#1591=EDGE_CURVE('',#1929,#1927,#2128,.T.);
#1592=EDGE_CURVE('',#1930,#1878,#253,.T.);
#1593=EDGE_CURVE('',#1930,#1931,#2129,.T.);
#1594=EDGE_CURVE('',#1931,#1879,#254,.T.);
#1595=EDGE_CURVE('',#1932,#1881,#255,.T.);
#1596=EDGE_CURVE('',#1930,#1932,#256,.T.);
#1597=EDGE_CURVE('',#1933,#1880,#257,.T.);
#1598=EDGE_CURVE('',#1933,#1932,#258,.T.);
#1599=EDGE_CURVE('',#1933,#1931,#2130,.T.);
#1600=EDGE_CURVE('',#1934,#1935,#259,.T.);
#1601=EDGE_CURVE('',#1935,#1934,#2131,.T.);
#1602=EDGE_CURVE('',#1936,#1937,#260,.T.);
#1603=EDGE_CURVE('',#1938,#1936,#261,.T.);
#1604=EDGE_CURVE('',#1938,#1939,#262,.F.);
#1605=EDGE_CURVE('',#1939,#1937,#263,.T.);
#1606=EDGE_CURVE('',#1940,#1936,#83,.F.);
#1607=EDGE_CURVE('',#1935,#1940,#264,.T.);
#1608=EDGE_CURVE('',#1941,#1934,#265,.T.);
#1609=EDGE_CURVE('',#1941,#1938,#266,.F.);
#1610=EDGE_CURVE('',#1942,#1934,#2132,.T.);
#1611=EDGE_CURVE('',#1943,#1942,#267,.T.);
#1612=EDGE_CURVE('',#1943,#1941,#268,.T.);
#1613=EDGE_CURVE('',#1944,#1943,#269,.T.);
#1614=EDGE_CURVE('',#1942,#1945,#270,.T.);
#1615=EDGE_CURVE('',#1946,#1945,#2133,.F.);
#1616=EDGE_CURVE('',#1947,#1946,#271,.T.);
#1617=EDGE_CURVE('',#1944,#1947,#272,.T.);
#1618=EDGE_CURVE('',#1948,#1947,#2134,.F.);
#1619=EDGE_CURVE('',#1949,#1948,#273,.T.);
#1620=EDGE_CURVE('',#1949,#1944,#274,.F.);
#1621=EDGE_CURVE('',#1950,#1948,#275,.T.);
#1622=EDGE_CURVE('',#1951,#1950,#276,.T.);
#1623=EDGE_CURVE('',#1951,#1949,#277,.F.);
#1624=EDGE_CURVE('',#1937,#1950,#84,.F.);
#1625=EDGE_CURVE('',#1939,#1951,#278,.F.);
#1626=EDGE_CURVE('',#1945,#1940,#279,.T.);
#1627=EDGE_CURVE('',#1952,#1942,#280,.T.);
#1628=EDGE_CURVE('',#1952,#1953,#281,.T.);
#1629=EDGE_CURVE('',#1953,#1945,#282,.T.);
#1630=EDGE_CURVE('',#1954,#1934,#283,.T.);
#1631=EDGE_CURVE('',#1952,#1954,#2135,.T.);
#1632=EDGE_CURVE('',#1955,#1935,#284,.T.);
#1633=EDGE_CURVE('',#1955,#1954,#2136,.T.);
#1634=EDGE_CURVE('',#1956,#1940,#285,.T.);
#1635=EDGE_CURVE('',#1955,#1956,#286,.T.);
#1636=EDGE_CURVE('',#1953,#1956,#287,.T.);
#1637=EDGE_CURVE('',#1957,#1958,#288,.T.);
#1638=EDGE_CURVE('',#1957,#1959,#289,.T.);
#1639=EDGE_CURVE('',#1959,#1960,#290,.T.);
#1640=EDGE_CURVE('',#1960,#1961,#291,.T.);
#1641=EDGE_CURVE('',#1962,#1961,#2137,.T.);
#1642=EDGE_CURVE('',#1958,#1962,#2138,.T.);
#1643=EDGE_CURVE('',#1963,#1964,#2139,.T.);
#1644=EDGE_CURVE('',#1965,#1963,#292,.T.);
#1645=EDGE_CURVE('',#1965,#1966,#293,.T.);
#1646=EDGE_CURVE('',#1966,#1967,#294,.T.);
#1647=EDGE_CURVE('',#1967,#1968,#295,.T.);
#1648=EDGE_CURVE('',#1964,#1968,#2140,.T.);
#1649=EDGE_CURVE('',#1967,#1957,#296,.T.);
#1650=EDGE_CURVE('',#1968,#1958,#2141,.T.);
#1651=EDGE_CURVE('',#1960,#1965,#297,.T.);
#1652=EDGE_CURVE('',#1961,#1963,#2142,.T.);
#1653=EDGE_CURVE('',#1962,#1964,#2143,.F.);
#1654=EDGE_CURVE('',#1969,#1960,#298,.T.);
#1655=EDGE_CURVE('',#1969,#1959,#85,.T.);
#1656=EDGE_CURVE('',#1970,#1957,#299,.T.);
#1657=EDGE_CURVE('',#1959,#1970,#86,.T.);
#1658=EDGE_CURVE('',#1971,#1967,#300,.T.);
#1659=EDGE_CURVE('',#1971,#1966,#87,.T.);
#1660=EDGE_CURVE('',#1972,#1965,#301,.T.);
#1661=EDGE_CURVE('',#1966,#1972,#88,.T.);
#1662=EDGE_CURVE('',#1972,#1969,#89,.T.);
#1663=EDGE_CURVE('',#1970,#1971,#302,.F.);
#1664=EDGE_CURVE('',#1973,#1974,#303,.F.);
#1665=EDGE_CURVE('',#1975,#1973,#304,.T.);
#1666=EDGE_CURVE('',#1976,#1975,#305,.F.);
#1667=EDGE_CURVE('',#1974,#1976,#306,.T.);
#1668=EDGE_CURVE('',#1977,#1978,#307,.T.);
#1669=EDGE_CURVE('',#1977,#1979,#308,.T.);
#1670=EDGE_CURVE('',#1979,#1980,#309,.T.);
#1671=EDGE_CURVE('',#1978,#1980,#310,.T.);
#1672=EDGE_CURVE('',#1981,#1981,#104,.T.);
#1673=EDGE_CURVE('',#1982,#1982,#105,.T.);
#1674=EDGE_CURVE('',#1983,#1984,#90,.T.);
#1675=EDGE_CURVE('',#1985,#1983,#91,.T.);
#1676=EDGE_CURVE('',#1986,#1985,#92,.T.);
#1677=EDGE_CURVE('',#1987,#1986,#93,.T.);
#1678=EDGE_CURVE('',#1988,#1987,#311,.F.);
#1679=EDGE_CURVE('',#1984,#1988,#94,.T.);
#1680=EDGE_CURVE('',#1989,#1990,#2144,.T.);
#1681=EDGE_CURVE('',#1991,#1989,#312,.T.);
#1682=EDGE_CURVE('',#1991,#1992,#2145,.T.);
#1683=EDGE_CURVE('',#1993,#1992,#313,.T.);
#1684=EDGE_CURVE('',#1994,#1993,#2146,.T.);
#1685=EDGE_CURVE('',#1994,#1995,#314,.T.);
#1686=EDGE_CURVE('',#1995,#1996,#2147,.T.);
#1687=EDGE_CURVE('',#1990,#1996,#315,.T.);
#1688=EDGE_CURVE('',#1990,#1997,#2148,.T.);
#1689=EDGE_CURVE('',#1996,#1998,#2149,.T.);
#1690=EDGE_CURVE('',#1999,#1998,#316,.T.);
#1691=EDGE_CURVE('',#1993,#1999,#2150,.T.);
#1692=EDGE_CURVE('',#1992,#2000,#2151,.T.);
#1693=EDGE_CURVE('',#1997,#2000,#317,.F.);
#1694=EDGE_CURVE('',#1995,#1998,#318,.T.);
#1695=EDGE_CURVE('',#1994,#1999,#319,.T.);
#1696=EDGE_CURVE('',#2001,#2001,#106,.F.);
#1697=EDGE_CURVE('',#2002,#2003,#320,.T.);
#1698=EDGE_CURVE('',#2002,#2004,#107,.F.);
#1699=EDGE_CURVE('',#2004,#2005,#108,.F.);
#1700=EDGE_CURVE('',#2005,#1973,#321,.T.);
#1701=EDGE_CURVE('',#1974,#2006,#322,.T.);
#1702=EDGE_CURVE('',#2006,#1989,#323,.T.);
#1703=EDGE_CURVE('',#1997,#2003,#324,.T.);
#1704=EDGE_CURVE('',#2007,#2008,#325,.T.);
#1705=EDGE_CURVE('',#2009,#2007,#326,.T.);
#1706=EDGE_CURVE('',#2010,#2009,#327,.T.);
#1707=EDGE_CURVE('',#2011,#2010,#328,.T.);
#1708=EDGE_CURVE('',#2008,#2011,#329,.T.);
#1709=EDGE_CURVE('',#2012,#2012,#109,.T.);
#1710=EDGE_CURVE('',#2013,#2014,#110,.T.);
#1711=EDGE_CURVE('',#2014,#2015,#111,.T.);
#1712=EDGE_CURVE('',#2015,#2016,#330,.T.);
#1713=EDGE_CURVE('',#2000,#2016,#331,.T.);
#1714=EDGE_CURVE('',#2017,#1991,#332,.T.);
#1715=EDGE_CURVE('',#1976,#2017,#333,.T.);
#1716=EDGE_CURVE('',#2013,#1975,#334,.T.);
#1717=EDGE_CURVE('',#2006,#2017,#335,.T.);
#1718=EDGE_CURVE('',#2003,#2016,#336,.T.);
#1719=EDGE_CURVE('',#2015,#2002,#337,.F.);
#1720=EDGE_CURVE('',#2005,#2013,#338,.F.);
#1721=EDGE_CURVE('',#2018,#2019,#112,.F.);
#1722=EDGE_CURVE('',#2019,#2020,#113,.F.);
#1723=EDGE_CURVE('',#2018,#2020,#339,.T.);
#1724=EDGE_CURVE('',#2021,#2022,#340,.T.);
#1725=EDGE_CURVE('',#2022,#2023,#114,.T.);
#1726=EDGE_CURVE('',#2023,#2021,#115,.T.);
#1727=EDGE_CURVE('',#2020,#2022,#341,.F.);
#1728=EDGE_CURVE('',#2021,#2018,#342,.F.);
#1729=EDGE_CURVE('',#2023,#2014,#343,.F.);
#1730=EDGE_CURVE('',#2004,#2019,#344,.F.);
#1731=EDGE_CURVE('',#1987,#2024,#345,.T.);
#1732=EDGE_CURVE('',#1986,#2024,#346,.T.);
#1733=EDGE_CURVE('',#1988,#2025,#347,.T.);
#1734=EDGE_CURVE('',#2024,#2025,#348,.T.);
#1735=EDGE_CURVE('',#1983,#2026,#349,.T.);
#1736=EDGE_CURVE('',#1984,#2026,#350,.T.);
#1737=EDGE_CURVE('',#1985,#2027,#351,.T.);
#1738=EDGE_CURVE('',#2026,#2027,#352,.T.);
#1739=EDGE_CURVE('',#2027,#1986,#353,.T.);
#1740=EDGE_CURVE('',#2025,#1984,#354,.T.);
#1741=EDGE_CURVE('',#2028,#2029,#2152,.T.);
#1742=EDGE_CURVE('',#2029,#2030,#2153,.T.);
#1743=EDGE_CURVE('',#2024,#2030,#355,.T.);
#1744=EDGE_CURVE('',#2027,#2028,#356,.T.);
#1745=EDGE_CURVE('',#2030,#2031,#2154,.T.);
#1746=EDGE_CURVE('',#2025,#2031,#357,.T.);
#1747=EDGE_CURVE('',#2031,#2032,#2155,.T.);
#1748=EDGE_CURVE('',#2032,#2033,#2156,.T.);
#1749=EDGE_CURVE('',#2026,#2033,#358,.T.);
#1750=EDGE_CURVE('',#2033,#2028,#2157,.T.);
#1751=EDGE_CURVE('',#2032,#2029,#2158,.T.);
#1752=EDGE_CURVE('',#2034,#1977,#359,.T.);
#1753=EDGE_CURVE('',#2034,#2035,#360,.T.);
#1754=EDGE_CURVE('',#2035,#1979,#361,.T.);
#1755=EDGE_CURVE('',#2036,#1978,#362,.T.);
#1756=EDGE_CURVE('',#2034,#2036,#363,.T.);
#1757=EDGE_CURVE('',#2037,#1980,#364,.T.);
#1758=EDGE_CURVE('',#2036,#2037,#365,.T.);
#1759=EDGE_CURVE('',#2035,#2037,#366,.T.);
#1760=EDGE_CURVE('',#2038,#2039,#116,.T.);
#1761=EDGE_CURVE('',#2038,#2040,#367,.F.);
#1762=EDGE_CURVE('',#2039,#2040,#2159,.T.);
#1763=EDGE_CURVE('',#2041,#2042,#2160,.T.);
#1764=EDGE_CURVE('',#2041,#2043,#368,.T.);
#1765=EDGE_CURVE('',#2044,#2043,#2161,.T.);
#1766=EDGE_CURVE('',#2044,#2045,#369,.F.);
#1767=EDGE_CURVE('',#2045,#2046,#117,.T.);
#1768=EDGE_CURVE('',#2046,#2042,#370,.T.);
#1769=EDGE_CURVE('',#2047,#2047,#118,.T.);
#1770=EDGE_CURVE('',#2040,#2048,#119,.T.);
#1771=EDGE_CURVE('',#2048,#2039,#371,.T.);
#1772=EDGE_CURVE('',#2048,#2038,#372,.T.);
#1773=EDGE_CURVE('',#2049,#2049,#2162,.T.);
#1774=EDGE_CURVE('',#2050,#2050,#120,.T.);
#1775=EDGE_CURVE('',#2051,#2051,#2163,.T.);
#1776=EDGE_CURVE('',#2052,#2052,#121,.T.);
#1777=EDGE_CURVE('',#2053,#2053,#122,.T.);
#1778=EDGE_CURVE('',#2054,#2054,#123,.T.);
#1779=EDGE_CURVE('',#2055,#2055,#2164,.T.);
#1780=EDGE_CURVE('',#2046,#2045,#373,.T.);
#1781=EDGE_CURVE('',#2042,#2044,#124,.T.);
#1782=EDGE_CURVE('',#2056,#2057,#125,.T.);
#1783=EDGE_CURVE('',#2057,#2058,#2165,.T.);
#1784=EDGE_CURVE('',#2056,#2058,#374,.F.);
#1785=EDGE_CURVE('',#2059,#2060,#2166,.T.);
#1786=EDGE_CURVE('',#2059,#2061,#375,.F.);
#1787=EDGE_CURVE('',#2062,#2061,#2167,.T.);
#1788=EDGE_CURVE('',#2062,#2063,#376,.F.);
#1789=EDGE_CURVE('',#2064,#2063,#126,.T.);
#1790=EDGE_CURVE('',#2064,#2060,#377,.T.);
#1791=EDGE_CURVE('',#2065,#2065,#127,.T.);
#1792=EDGE_CURVE('',#2066,#2057,#378,.T.);
#1793=EDGE_CURVE('',#2058,#2066,#128,.T.);
#1794=EDGE_CURVE('',#2066,#2056,#379,.T.);
#1795=EDGE_CURVE('',#2067,#2067,#2168,.T.);
#1796=EDGE_CURVE('',#2068,#2068,#129,.T.);
#1797=EDGE_CURVE('',#2069,#2069,#2169,.T.);
#1798=EDGE_CURVE('',#2070,#2070,#130,.T.);
#1799=EDGE_CURVE('',#2071,#2071,#131,.T.);
#1800=EDGE_CURVE('',#2072,#2072,#132,.T.);
#1801=EDGE_CURVE('',#2073,#2073,#2170,.F.);
#1802=EDGE_CURVE('',#2064,#2063,#380,.T.);
#1803=EDGE_CURVE('',#2062,#2060,#133,.T.);
#1804=EDGE_CURVE('',#2074,#2008,#381,.T.);
#1805=EDGE_CURVE('',#2075,#2074,#382,.T.);
#1806=EDGE_CURVE('',#2075,#2007,#383,.T.);
#1807=EDGE_CURVE('',#2076,#2011,#384,.T.);
#1808=EDGE_CURVE('',#2074,#2076,#385,.T.);
#1809=EDGE_CURVE('',#2077,#2010,#386,.T.);
#1810=EDGE_CURVE('',#2076,#2077,#387,.T.);
#1811=EDGE_CURVE('',#2078,#2009,#388,.T.);
#1812=EDGE_CURVE('',#2077,#2078,#389,.T.);
#1813=EDGE_CURVE('',#2078,#2075,#390,.T.);
#1814=VERTEX_POINT('',#4816);
#1815=VERTEX_POINT('',#4817);
#1816=VERTEX_POINT('',#4829);
#1817=VERTEX_POINT('',#4830);
#1818=VERTEX_POINT('',#4838);
#1819=VERTEX_POINT('',#4848);
#1820=VERTEX_POINT('',#4849);
#1821=VERTEX_POINT('',#4868);
#1822=VERTEX_POINT('',#4869);
#1823=VERTEX_POINT('',#4871);
#1824=VERTEX_POINT('',#4875);
#1825=VERTEX_POINT('',#4879);
#1826=VERTEX_POINT('',#4880);
#1827=VERTEX_POINT('',#4882);
#1828=VERTEX_POINT('',#4884);
#1829=VERTEX_POINT('',#4887);
#1830=VERTEX_POINT('',#4889);
#1831=VERTEX_POINT('',#4891);
#1832=VERTEX_POINT('',#4893);
#1833=VERTEX_POINT('',#4895);
#1834=VERTEX_POINT('',#4900);
#1835=VERTEX_POINT('',#4904);
#1836=VERTEX_POINT('',#4905);
#1837=VERTEX_POINT('',#4907);
#1838=VERTEX_POINT('',#4909);
#1839=VERTEX_POINT('',#4912);
#1840=VERTEX_POINT('',#4918);
#1841=VERTEX_POINT('',#4920);
#1842=VERTEX_POINT('',#4922);
#1843=VERTEX_POINT('',#4926);
#1844=VERTEX_POINT('',#4927);
#1845=VERTEX_POINT('',#4929);
#1846=VERTEX_POINT('',#4931);
#1847=VERTEX_POINT('',#4965);
#1848=VERTEX_POINT('',#4968);
#1849=VERTEX_POINT('',#4970);
#1850=VERTEX_POINT('',#4974);
#1851=VERTEX_POINT('',#4975);
#1852=VERTEX_POINT('',#4977);
#1853=VERTEX_POINT('',#4980);
#1854=VERTEX_POINT('',#4982);
#1855=VERTEX_POINT('',#4984);
#1856=VERTEX_POINT('',#4988);
#1857=VERTEX_POINT('',#4989);
#1858=VERTEX_POINT('',#4992);
#1859=VERTEX_POINT('',#4994);
#1860=VERTEX_POINT('',#4997);
#1861=VERTEX_POINT('',#5033);
#1862=VERTEX_POINT('',#5034);
#1863=VERTEX_POINT('',#5036);
#1864=VERTEX_POINT('',#5038);
#1865=VERTEX_POINT('',#5040);
#1866=VERTEX_POINT('',#5042);
#1867=VERTEX_POINT('',#5044);
#1868=VERTEX_POINT('',#5046);
#1869=VERTEX_POINT('',#5050);
#1870=VERTEX_POINT('',#5052);
#1871=VERTEX_POINT('',#5056);
#1872=VERTEX_POINT('',#5058);
#1873=VERTEX_POINT('',#5063);
#1874=VERTEX_POINT('',#5065);
#1875=VERTEX_POINT('',#5069);
#1876=VERTEX_POINT('',#5071);
#1877=VERTEX_POINT('',#5076);
#1878=VERTEX_POINT('',#5086);
#1879=VERTEX_POINT('',#5087);
#1880=VERTEX_POINT('',#5094);
#1881=VERTEX_POINT('',#5096);
#1882=VERTEX_POINT('',#5103);
#1883=VERTEX_POINT('',#5104);
#1884=VERTEX_POINT('',#5110);
#1885=VERTEX_POINT('',#5116);
#1886=VERTEX_POINT('',#5124);
#1887=VERTEX_POINT('',#5126);
#1888=VERTEX_POINT('',#5143);
#1889=VERTEX_POINT('',#5152);
#1890=VERTEX_POINT('',#5153);
#1891=VERTEX_POINT('',#5158);
#1892=VERTEX_POINT('',#5160);
#1893=VERTEX_POINT('',#5165);
#1894=VERTEX_POINT('',#5170);
#1895=VERTEX_POINT('',#5174);
#1896=VERTEX_POINT('',#5269);
#1897=VERTEX_POINT('',#5271);
#1898=VERTEX_POINT('',#5280);
#1899=VERTEX_POINT('',#5287);
#1900=VERTEX_POINT('',#5289);
#1901=VERTEX_POINT('',#5331);
#1902=VERTEX_POINT('',#5333);
#1903=VERTEX_POINT('',#5335);
#1904=VERTEX_POINT('',#5342);
#1905=VERTEX_POINT('',#5346);
#1906=VERTEX_POINT('',#5347);
#1907=VERTEX_POINT('',#5390);
#1908=VERTEX_POINT('',#5394);
#1909=VERTEX_POINT('',#5401);
#1910=VERTEX_POINT('',#5405);
#1911=VERTEX_POINT('',#5406);
#1912=VERTEX_POINT('',#5415);
#1913=VERTEX_POINT('',#5420);
#1914=VERTEX_POINT('',#5422);
#1915=VERTEX_POINT('',#5444);
#1916=VERTEX_POINT('',#5446);
#1917=VERTEX_POINT('',#5467);
#1918=VERTEX_POINT('',#5470);
#1919=VERTEX_POINT('',#5578);
#1920=VERTEX_POINT('',#5676);
#1921=VERTEX_POINT('',#5678);
#1922=VERTEX_POINT('',#5691);
#1923=VERTEX_POINT('',#5701);
#1924=VERTEX_POINT('',#5735);
#1925=VERTEX_POINT('',#5744);
#1926=VERTEX_POINT('',#5827);
#1927=VERTEX_POINT('',#5833);
#1928=VERTEX_POINT('',#5846);
#1929=VERTEX_POINT('',#5863);
#1930=VERTEX_POINT('',#5906);
#1931=VERTEX_POINT('',#5914);
#1932=VERTEX_POINT('',#5918);
#1933=VERTEX_POINT('',#5922);
#1934=VERTEX_POINT('',#5952);
#1935=VERTEX_POINT('',#5953);
#1936=VERTEX_POINT('',#5962);
#1937=VERTEX_POINT('',#5963);
#1938=VERTEX_POINT('',#5965);
#1939=VERTEX_POINT('',#5967);
#1940=VERTEX_POINT('',#6082);
#1941=VERTEX_POINT('',#6085);
#1942=VERTEX_POINT('',#6093);
#1943=VERTEX_POINT('',#6095);
#1944=VERTEX_POINT('',#6166);
#1945=VERTEX_POINT('',#6168);
#1946=VERTEX_POINT('',#6173);
#1947=VERTEX_POINT('',#6175);
#1948=VERTEX_POINT('',#6233);
#1949=VERTEX_POINT('',#6235);
#1950=VERTEX_POINT('',#6239);
#1951=VERTEX_POINT('',#6241);
#1952=VERTEX_POINT('',#6318);
#1953=VERTEX_POINT('',#6320);
#1954=VERTEX_POINT('',#6331);
#1955=VERTEX_POINT('',#6358);
#1956=VERTEX_POINT('',#6367);
#1957=VERTEX_POINT('',#6392);
#1958=VERTEX_POINT('',#6393);
#1959=VERTEX_POINT('',#6395);
#1960=VERTEX_POINT('',#6397);
#1961=VERTEX_POINT('',#6399);
#1962=VERTEX_POINT('',#6414);
#1963=VERTEX_POINT('',#6486);
#1964=VERTEX_POINT('',#6487);
#1965=VERTEX_POINT('',#6489);
#1966=VERTEX_POINT('',#6491);
#1967=VERTEX_POINT('',#6493);
#1968=VERTEX_POINT('',#6495);
#1969=VERTEX_POINT('',#6769);
#1970=VERTEX_POINT('',#6773);
#1971=VERTEX_POINT('',#6777);
#1972=VERTEX_POINT('',#6781);
#1973=VERTEX_POINT('',#6789);
#1974=VERTEX_POINT('',#6790);
#1975=VERTEX_POINT('',#6792);
#1976=VERTEX_POINT('',#6794);
#1977=VERTEX_POINT('',#6797);
#1978=VERTEX_POINT('',#6798);
#1979=VERTEX_POINT('',#6800);
#1980=VERTEX_POINT('',#6802);
#1981=VERTEX_POINT('',#6806);
#1982=VERTEX_POINT('',#6808);
#1983=VERTEX_POINT('',#6810);
#1984=VERTEX_POINT('',#6811);
#1985=VERTEX_POINT('',#6813);
#1986=VERTEX_POINT('',#6815);
#1987=VERTEX_POINT('',#6817);
#1988=VERTEX_POINT('',#6819);
#1989=VERTEX_POINT('',#7010);
#1990=VERTEX_POINT('',#7011);
#1991=VERTEX_POINT('',#7013);
#1992=VERTEX_POINT('',#7077);
#1993=VERTEX_POINT('',#7079);
#1994=VERTEX_POINT('',#7143);
#1995=VERTEX_POINT('',#7145);
#1996=VERTEX_POINT('',#7209);
#1997=VERTEX_POINT('',#7400);
#1998=VERTEX_POINT('',#7464);
#1999=VERTEX_POINT('',#7466);
#2000=VERTEX_POINT('',#7593);
#2001=VERTEX_POINT('',#7602);
#2002=VERTEX_POINT('',#7604);
#2003=VERTEX_POINT('',#7605);
#2004=VERTEX_POINT('',#7607);
#2005=VERTEX_POINT('',#7609);
#2006=VERTEX_POINT('',#7612);
#2007=VERTEX_POINT('',#7617);
#2008=VERTEX_POINT('',#7618);
#2009=VERTEX_POINT('',#7620);
#2010=VERTEX_POINT('',#7622);
#2011=VERTEX_POINT('',#7624);
#2012=VERTEX_POINT('',#7627);
#2013=VERTEX_POINT('',#7629);
#2014=VERTEX_POINT('',#7630);
#2015=VERTEX_POINT('',#7632);
#2016=VERTEX_POINT('',#7634);
#2017=VERTEX_POINT('',#7637);
#2018=VERTEX_POINT('',#7651);
#2019=VERTEX_POINT('',#7652);
#2020=VERTEX_POINT('',#7654);
#2021=VERTEX_POINT('',#7658);
#2022=VERTEX_POINT('',#7659);
#2023=VERTEX_POINT('',#7661);
#2024=VERTEX_POINT('',#7673);
#2025=VERTEX_POINT('',#7677);
#2026=VERTEX_POINT('',#7681);
#2027=VERTEX_POINT('',#7685);
#2028=VERTEX_POINT('',#7722);
#2029=VERTEX_POINT('',#7723);
#2030=VERTEX_POINT('',#7764);
#2031=VERTEX_POINT('',#7772);
#2032=VERTEX_POINT('',#7832);
#2033=VERTEX_POINT('',#7847);
#2034=VERTEX_POINT('',#8075);
#2035=VERTEX_POINT('',#8077);
#2036=VERTEX_POINT('',#8081);
#2037=VERTEX_POINT('',#8085);
#2038=VERTEX_POINT('',#8092);
#2039=VERTEX_POINT('',#8093);
#2040=VERTEX_POINT('',#8095);
#2041=VERTEX_POINT('',#8113);
#2042=VERTEX_POINT('',#8114);
#2043=VERTEX_POINT('',#8116);
#2044=VERTEX_POINT('',#8137);
#2045=VERTEX_POINT('',#8139);
#2046=VERTEX_POINT('',#8141);
#2047=VERTEX_POINT('',#8145);
#2048=VERTEX_POINT('',#8147);
#2049=VERTEX_POINT('',#8171);
#2050=VERTEX_POINT('',#8173);
#2051=VERTEX_POINT('',#8194);
#2052=VERTEX_POINT('',#8196);
#2053=VERTEX_POINT('',#8199);
#2054=VERTEX_POINT('',#8203);
#2055=VERTEX_POINT('',#8642);
#2056=VERTEX_POINT('',#9069);
#2057=VERTEX_POINT('',#9070);
#2058=VERTEX_POINT('',#9080);
#2059=VERTEX_POINT('',#9102);
#2060=VERTEX_POINT('',#9103);
#2061=VERTEX_POINT('',#9105);
#2062=VERTEX_POINT('',#9114);
#2063=VERTEX_POINT('',#9116);
#2064=VERTEX_POINT('',#9118);
#2065=VERTEX_POINT('',#9122);
#2066=VERTEX_POINT('',#9124);
#2067=VERTEX_POINT('',#9148);
#2068=VERTEX_POINT('',#9150);
#2069=VERTEX_POINT('',#9171);
#2070=VERTEX_POINT('',#9173);
#2071=VERTEX_POINT('',#9176);
#2072=VERTEX_POINT('',#9180);
#2073=VERTEX_POINT('',#9619);
#2074=VERTEX_POINT('',#10046);
#2075=VERTEX_POINT('',#10048);
#2076=VERTEX_POINT('',#10052);
#2077=VERTEX_POINT('',#10056);
#2078=VERTEX_POINT('',#10060);
#2079=B_SPLINE_CURVE_WITH_KNOTS('',3,(#4812,#4813,#4814,#4815),
 .UNSPECIFIED.,.F.,.F.,(4,4),(0.0292131033705262,0.188529631836641),
 .UNSPECIFIED.);
#2080=B_SPLINE_CURVE_WITH_KNOTS('',3,(#4818,#4819,#4820,#4821,#4822,#4823),
 .UNSPECIFIED.,.F.,.F.,(4,1,1,4),(0.,0.265910162198755,0.953154009870185,
1.),.UNSPECIFIED.);
#2081=B_SPLINE_CURVE_WITH_KNOTS('',3,(#4825,#4826,#4827,#4828),
 .UNSPECIFIED.,.F.,.F.,(4,4),(0.,0.00737707301917083),.UNSPECIFIED.);
#2082=B_SPLINE_CURVE_WITH_KNOTS('',3,(#4831,#4832,#4833,#4834,#4835,#4836,
#4837),.UNSPECIFIED.,.F.,.F.,(4,1,1,1,4),(0.,0.244711253694672,0.883304001602182,
0.931662557995805,1.),.UNSPECIFIED.);
#2083=B_SPLINE_CURVE_WITH_KNOTS('',3,(#4841,#4842,#4843,#4844,#4845,#4846,
#4847),.UNSPECIFIED.,.F.,.F.,(4,1,1,1,4),(0.00151431145168862,0.00237401880753589,
0.00323372616338316,0.00409343351923043,0.0049531408750777),
 .UNSPECIFIED.);
#2084=B_SPLINE_CURVE_WITH_KNOTS('',3,(#4850,#4851,#4852,#4853,#4854,#4855,
#4856),.UNSPECIFIED.,.F.,.F.,(4,1,1,1,4),(0.00489438621025331,0.00564982381620236,
0.0064052614221514,0.00716069902810045,0.00791613663404949),
 .UNSPECIFIED.);
#2085=B_SPLINE_CURVE_WITH_KNOTS('',3,(#4857,#4858,#4859,#4860,#4861,#4862,
#4863,#4864,#4865,#4866,#4867),.UNSPECIFIED.,.F.,.F.,(4,1,1,1,1,1,1,1,4),
(0.,0.000442521198848236,0.000885042397696472,0.00132756359654471,0.00177008479539294,
0.00221260599424118,0.00265512719308942,0.00309764839193765,0.00354016959078589),
 .UNSPECIFIED.);
#2086=B_SPLINE_CURVE_WITH_KNOTS('',3,(#4896,#4897,#4898,#4899),
 .UNSPECIFIED.,.F.,.F.,(4,4),(0.,0.0325235852654073),.UNSPECIFIED.);
#2087=B_SPLINE_CURVE_WITH_KNOTS('',3,(#4913,#4914,#4915,#4916),
 .UNSPECIFIED.,.F.,.F.,(4,4),(0.,0.0325041596089331),.UNSPECIFIED.);
#2088=B_SPLINE_CURVE_WITH_KNOTS('',3,(#4932,#4933,#4934,#4935,#4936,#4937,
#4938,#4939,#4940,#4941,#4942,#4943,#4944,#4945,#4946,#4947,#4948,#4949,
#4950,#4951,#4952,#4953,#4954,#4955,#4956,#4957,#4958,#4959,#4960,#4961,
#4962,#4963,#4964),.UNSPECIFIED.,.F.,.F.,(4,1,1,1,1,1,1,1,1,1,1,1,1,1,1,
1,1,1,1,1,1,1,1,1,1,1,1,1,1,1,4),(0.,0.03125,0.046875,0.0625,0.0703125,
0.078125,0.09375,0.125,0.140625,0.15625,0.1875,0.25,0.28125,0.3125,0.375,
0.5,0.5625,0.625,0.6875,0.75,0.78125,0.8125,0.875,0.890625,0.90625,0.921875,
0.9375,0.9453125,0.953125,0.96875,1.),.UNSPECIFIED.);
#2089=B_SPLINE_CURVE_WITH_KNOTS('',3,(#4998,#4999,#5000,#5001,#5002,#5003,
#5004,#5005,#5006,#5007,#5008,#5009,#5010,#5011,#5012,#5013,#5014,#5015,
#5016,#5017,#5018,#5019,#5020,#5021,#5022,#5023,#5024,#5025,#5026,#5027,
#5028,#5029,#5030),.UNSPECIFIED.,.F.,.F.,(4,1,1,1,1,1,1,1,1,1,1,1,1,1,1,
1,1,1,1,1,1,1,1,1,1,1,1,1,1,1,4),(0.,0.03125,0.046875,0.0625,0.0703125,
0.078125,0.09375,0.125,0.140625,0.15625,0.1875,0.25,0.28125,0.3125,0.375,
0.5,0.5625,0.625,0.6875,0.75,0.78125,0.8125,0.875,0.890625,0.90625,0.921875,
0.9375,0.9453125,0.953125,0.96875,1.),.UNSPECIFIED.);
#2090=B_SPLINE_CURVE_WITH_KNOTS('',3,(#5059,#5060,#5061,#5062),
 .UNSPECIFIED.,.F.,.F.,(4,4),(0.000414583703520442,0.0139834085345309),
 .UNSPECIFIED.);
#2091=B_SPLINE_CURVE_WITH_KNOTS('',3,(#5072,#5073,#5074,#5075),
 .UNSPECIFIED.,.F.,.F.,(4,4),(7.59448881677151E-16,0.0020013709758845),
 .UNSPECIFIED.);
#2092=B_SPLINE_CURVE_WITH_KNOTS('',3,(#5079,#5080,#5081,#5082,#5083,#5084,
#5085),.UNSPECIFIED.,.F.,.F.,(4,1,1,1,4),(0.00549712554595126,0.114689755708617,
0.390045178660024,0.75572007120431,1.),.UNSPECIFIED.);
#2093=B_SPLINE_CURVE_WITH_KNOTS('',3,(#5088,#5089,#5090,#5091,#5092,#5093),
 .UNSPECIFIED.,.F.,.F.,(4,1,1,4),(0.0381803950203159,0.206464987438649,
0.546487784856171,1.),.UNSPECIFIED.);
#2094=B_SPLINE_CURVE_WITH_KNOTS('',3,(#5098,#5099,#5100,#5101,#5102),
 .UNSPECIFIED.,.F.,.F.,(4,1,4),(0.,0.492477531697476,1.),.UNSPECIFIED.);
#2095=B_SPLINE_CURVE_WITH_KNOTS('',3,(#5105,#5106,#5107,#5108,#5109),
 .UNSPECIFIED.,.F.,.F.,(4,1,4),(0.,0.504581892651326,1.),.UNSPECIFIED.);
#2096=B_SPLINE_CURVE_WITH_KNOTS('',3,(#5111,#5112,#5113,#5114,#5115),
 .UNSPECIFIED.,.F.,.F.,(4,1,4),(0.,0.499571954848586,1.),.UNSPECIFIED.);
#2097=B_SPLINE_CURVE_WITH_KNOTS('',3,(#5117,#5118,#5119,#5120,#5121),
 .UNSPECIFIED.,.F.,.F.,(4,1,4),(0.,0.482576420417629,1.),.UNSPECIFIED.);
#2098=B_SPLINE_CURVE_WITH_KNOTS('',3,(#5127,#5128,#5129,#5130),
 .UNSPECIFIED.,.F.,.F.,(4,4),(0.000417157971503407,0.0140575100667851),
 .UNSPECIFIED.);
#2099=B_SPLINE_CURVE_WITH_KNOTS('',3,(#5139,#5140,#5141,#5142),
 .UNSPECIFIED.,.F.,.F.,(4,4),(1.11130535221277E-18,0.00200000168683076),
 .UNSPECIFIED.);
#2100=B_SPLINE_CURVE_WITH_KNOTS('',3,(#5144,#5145,#5146,#5147),
 .UNSPECIFIED.,.F.,.F.,(4,4),(0.000414583703520442,0.0139834085345309),
 .UNSPECIFIED.);
#2101=B_SPLINE_CURVE_WITH_KNOTS('',3,(#5148,#5149,#5150,#5151),
 .UNSPECIFIED.,.F.,.F.,(4,4),(0.,0.18852863066333),.UNSPECIFIED.);
#2102=B_SPLINE_CURVE_WITH_KNOTS('',3,(#5154,#5155,#5156,#5157),
 .UNSPECIFIED.,.F.,.F.,(4,4),(0.,0.0324874175904761),.UNSPECIFIED.);
#2103=B_SPLINE_CURVE_WITH_KNOTS('',3,(#5161,#5162,#5163,#5164),
 .UNSPECIFIED.,.F.,.F.,(4,4),(0.,0.0325299880058341),.UNSPECIFIED.);
#2104=B_SPLINE_CURVE_WITH_KNOTS('',3,(#5166,#5167,#5168,#5169),
 .UNSPECIFIED.,.F.,.F.,(4,4),(0.,0.188455833460703),.UNSPECIFIED.);
#2105=B_SPLINE_CURVE_WITH_KNOTS('',3,(#5175,#5176,#5177,#5178),
 .UNSPECIFIED.,.F.,.F.,(4,4),(0.,0.188456337904954),.UNSPECIFIED.);
#2106=B_SPLINE_CURVE_WITH_KNOTS('',3,(#5182,#5183,#5184,#5185,#5186,#5187,
#5188),.UNSPECIFIED.,.F.,.F.,(4,1,1,1,4),(0.,0.244711253694672,0.883304001602182,
0.931662557995805,1.),.UNSPECIFIED.);
#2107=B_SPLINE_CURVE_WITH_KNOTS('',3,(#5190,#5191,#5192,#5193),
 .UNSPECIFIED.,.F.,.F.,(4,4),(0.,0.000382078347358394),.UNSPECIFIED.);
#2108=B_SPLINE_CURVE_WITH_KNOTS('',3,(#5194,#5195,#5196,#5197),
 .UNSPECIFIED.,.F.,.F.,(4,4),(0.,0.000382131966045733),.UNSPECIFIED.);
#2109=B_SPLINE_CURVE_WITH_KNOTS('',3,(#5200,#5201,#5202,#5203),
 .UNSPECIFIED.,.F.,.F.,(4,4),(0.,0.000311862047834823),.UNSPECIFIED.);
#2110=B_SPLINE_CURVE_WITH_KNOTS('',3,(#5204,#5205,#5206,#5207),
 .UNSPECIFIED.,.F.,.F.,(4,4),(0.,0.000311696065461412),.UNSPECIFIED.);
#2111=B_SPLINE_CURVE_WITH_KNOTS('',3,(#5220,#5221,#5222,#5223),
 .UNSPECIFIED.,.F.,.F.,(4,4),(0.00737707301917083,0.0292131033705262),
 .UNSPECIFIED.);
#2112=B_SPLINE_CURVE_WITH_KNOTS('',3,(#5281,#5282,#5283,#5284),
 .UNSPECIFIED.,.F.,.F.,(4,4),(0.,1.),.UNSPECIFIED.);
#2113=B_SPLINE_CURVE_WITH_KNOTS('',3,(#5290,#5291,#5292,#5293,#5294,#5295,
#5296,#5297,#5298,#5299,#5300,#5301,#5302,#5303,#5304,#5305,#5306,#5307,
#5308,#5309,#5310,#5311,#5312,#5313,#5314,#5315,#5316,#5317,#5318,#5319,
#5320,#5321,#5322),.UNSPECIFIED.,.F.,.F.,(4,1,1,1,1,1,1,1,1,1,1,1,1,1,1,
1,1,1,1,1,1,1,1,1,1,1,1,1,1,1,4),(0.,0.03125,0.046875,0.0625,0.0703125,
0.078125,0.09375,0.125,0.140625,0.15625,0.1875,0.25,0.28125,0.3125,0.375,
0.5,0.5625,0.625,0.6875,0.75,0.78125,0.8125,0.875,0.890625,0.90625,0.921875,
0.9375,0.9453125,0.953125,0.96875,1.),.UNSPECIFIED.);
#2114=B_SPLINE_CURVE_WITH_KNOTS('',3,(#5325,#5326,#5327,#5328),
 .UNSPECIFIED.,.F.,.F.,(4,4),(0.,1.),.UNSPECIFIED.);
#2115=B_SPLINE_CURVE_WITH_KNOTS('',3,(#5338,#5339,#5340,#5341),
 .UNSPECIFIED.,.F.,.F.,(4,4),(0.,1.),.UNSPECIFIED.);
#2116=B_SPLINE_CURVE_WITH_KNOTS('',3,(#5349,#5350,#5351,#5352,#5353,#5354,
#5355,#5356,#5357,#5358,#5359,#5360,#5361,#5362,#5363,#5364,#5365,#5366,
#5367,#5368,#5369,#5370,#5371,#5372,#5373,#5374,#5375,#5376,#5377,#5378,
#5379,#5380,#5381),.UNSPECIFIED.,.F.,.F.,(4,1,1,1,1,1,1,1,1,1,1,1,1,1,1,
1,1,1,1,1,1,1,1,1,1,1,1,1,1,1,4),(0.,0.03125,0.046875,0.0625,0.0703125,
0.078125,0.09375,0.125,0.140625,0.15625,0.1875,0.25,0.28125,0.3125,0.375,
0.5,0.5625,0.625,0.6875,0.75,0.78125,0.8125,0.875,0.890625,0.90625,0.921875,
0.9375,0.9453125,0.953125,0.96875,1.),.UNSPECIFIED.);
#2117=B_SPLINE_CURVE_WITH_KNOTS('',3,(#5384,#5385,#5386,#5387),
 .UNSPECIFIED.,.F.,.F.,(4,4),(0.,1.),.UNSPECIFIED.);
#2118=B_SPLINE_CURVE_WITH_KNOTS('',3,(#5425,#5426,#5427,#5428,#5429,#5430,
#5431,#5432,#5433,#5434,#5435,#5436,#5437,#5438,#5439,#5440,#5441,#5442,
#5443),.UNSPECIFIED.,.T.,.F.,(1,1,1,1,1,1,1,1,1,1,1,1,1,1,1,1,1,1,1,1,1,
1,1),(-0.190789473684211,-0.128289473684211,-0.0657894736842105,0.,0.059375,
0.12171875,0.1842109375,0.246710546875,0.30921052734375,0.371710526367187,
0.434210526318359,0.496710526315918,0.559210526315796,0.62171052631579,
0.684210526315789,0.746710526315789,0.809210526315789,0.871710526315789,
0.934210526315789,1.,1.059375,1.12171875,1.1842109375),.UNSPECIFIED.);
#2119=B_SPLINE_CURVE_WITH_KNOTS('',3,(#5448,#5449,#5450,#5451,#5452,#5453,
#5454,#5455,#5456,#5457,#5458,#5459,#5460,#5461,#5462,#5463,#5464,#5465,
#5466),.UNSPECIFIED.,.T.,.F.,(1,1,1,1,1,1,1,1,1,1,1,1,1,1,1,1,1,1,1,1,1,
1,1),(-0.190789473684211,-0.128289473684211,-0.0657894736842105,0.,0.059375,
0.12171875,0.1842109375,0.246710546875,0.30921052734375,0.371710526367187,
0.434210526318359,0.496710526315918,0.559210526315796,0.62171052631579,
0.684210526315789,0.746710526315789,0.809210526315789,0.871710526315789,
0.934210526315789,1.,1.059375,1.12171875,1.1842109375),.UNSPECIFIED.);
#2120=B_SPLINE_CURVE_WITH_KNOTS('',3,(#5567,#5568,#5569,#5570,#5571,#5572,
#5573,#5574,#5575,#5576,#5577),.UNSPECIFIED.,.T.,.F.,(1,1,1,1,1,1,1,1,1,
1,1,1,1,1,1),(-0.375,-0.25,-0.125,0.,0.125,0.25,0.375,0.5,0.625,0.75,0.875,
1.,1.125,1.25,1.375),.UNSPECIFIED.);
#2121=B_SPLINE_CURVE_WITH_KNOTS('',3,(#5692,#5693,#5694,#5695,#5696,#5697,
#5698),.UNSPECIFIED.,.F.,.F.,(4,1,1,1,4),(0.,0.244711253694672,0.883304001602182,
0.931662557995805,1.),.UNSPECIFIED.);
#2122=B_SPLINE_CURVE_WITH_KNOTS('',3,(#5702,#5703,#5704,#5705),
 .UNSPECIFIED.,.F.,.F.,(4,4),(0.00737707301917083,0.0292131033705262),
 .UNSPECIFIED.);
#2123=B_SPLINE_CURVE_WITH_KNOTS('',3,(#5736,#5737,#5738,#5739,#5740,#5741),
 .UNSPECIFIED.,.F.,.F.,(4,1,1,4),(0.,0.265910162198755,0.953154009870185,
1.),.UNSPECIFIED.);
#2124=B_SPLINE_CURVE_WITH_KNOTS('',3,(#5774,#5775,#5776,#5777,#5778,#5779,
#5780),.UNSPECIFIED.,.F.,.F.,(4,1,1,1,4),(0.,0.244711253694672,0.883304001602182,
0.931662557995805,1.),.UNSPECIFIED.);
#2125=B_SPLINE_CURVE_WITH_KNOTS('',3,(#5828,#5829,#5830,#5831,#5832),
 .UNSPECIFIED.,.F.,.F.,(4,1,4),(0.,0.492477531697476,1.),.UNSPECIFIED.);
#2126=B_SPLINE_CURVE_WITH_KNOTS('',3,(#5847,#5848,#5849,#5850,#5851),
 .UNSPECIFIED.,.F.,.F.,(4,1,4),(0.,0.482576420417629,1.),.UNSPECIFIED.);
#2127=B_SPLINE_CURVE_WITH_KNOTS('',3,(#5864,#5865,#5866,#5867,#5868),
 .UNSPECIFIED.,.F.,.F.,(4,1,4),(0.,0.499571954848586,1.),.UNSPECIFIED.);
#2128=B_SPLINE_CURVE_WITH_KNOTS('',3,(#5879,#5880,#5881,#5882,#5883),
 .UNSPECIFIED.,.F.,.F.,(4,1,4),(0.,0.504581892651326,1.),.UNSPECIFIED.);
#2129=B_SPLINE_CURVE_WITH_KNOTS('',3,(#5907,#5908,#5909,#5910,#5911,#5912,
#5913),.UNSPECIFIED.,.F.,.F.,(4,1,1,1,4),(0.00549712554595126,0.114689755708617,
0.390045178660024,0.75572007120431,1.),.UNSPECIFIED.);
#2130=B_SPLINE_CURVE_WITH_KNOTS('',3,(#5942,#5943,#5944,#5945,#5946,#5947),
 .UNSPECIFIED.,.F.,.F.,(4,1,1,4),(0.0381803950203159,0.206464987438649,
0.546487784856171,1.),.UNSPECIFIED.);
#2131=B_SPLINE_CURVE_WITH_KNOTS('',3,(#5954,#5955,#5956,#5957,#5958,#5959),
 .UNSPECIFIED.,.F.,.F.,(4,1,1,4),(0.,0.131161113056926,0.51361472283828,
1.),.UNSPECIFIED.);
#2132=B_SPLINE_CURVE_WITH_KNOTS('',3,(#6088,#6089,#6090,#6091,#6092),
 .UNSPECIFIED.,.F.,.F.,(4,1,4),(0.,0.453772054768358,1.),.UNSPECIFIED.);
#2133=B_SPLINE_CURVE_WITH_KNOTS('',3,(#6169,#6170,#6171,#6172),
 .UNSPECIFIED.,.F.,.F.,(4,4),(0.,0.00031186204783483),.UNSPECIFIED.);
#2134=B_SPLINE_CURVE_WITH_KNOTS('',3,(#6229,#6230,#6231,#6232),
 .UNSPECIFIED.,.F.,.F.,(4,4),(0.,0.000311696065461405),.UNSPECIFIED.);
#2135=B_SPLINE_CURVE_WITH_KNOTS('',3,(#6332,#6333,#6334,#6335,#6336),
 .UNSPECIFIED.,.F.,.F.,(4,1,4),(0.,0.453772054768358,1.),.UNSPECIFIED.);
#2136=B_SPLINE_CURVE_WITH_KNOTS('',3,(#6359,#6360,#6361,#6362,#6363,#6364),
 .UNSPECIFIED.,.F.,.F.,(4,1,1,4),(0.,0.131161113056926,0.51361472283828,
1.),.UNSPECIFIED.);
#2137=B_SPLINE_CURVE_WITH_KNOTS('',3,(#6400,#6401,#6402,#6403,#6404,#6405,
#6406,#6407,#6408,#6409,#6410,#6411,#6412,#6413),.UNSPECIFIED.,.F.,.F.,
(4,1,1,1,1,1,1,1,1,1,1,4),(0.498053778020884,0.623540333515663,0.686283611263052,
0.749026889010442,0.811770166757831,0.843141805631526,0.858827625068374,
0.874513444505221,0.890199263942068,0.905885083378916,0.93725672225261,
1.),.UNSPECIFIED.);
#2138=B_SPLINE_CURVE_WITH_KNOTS('',3,(#6415,#6416,#6417,#6418,#6419,#6420,
#6421,#6422,#6423,#6424,#6425,#6426,#6427,#6428,#6429,#6430,#6431,#6432,
#6433,#6434,#6435,#6436,#6437,#6438,#6439,#6440,#6441,#6442,#6443,#6444,
#6445,#6446,#6447,#6448,#6449,#6450,#6451,#6452,#6453,#6454),
 .UNSPECIFIED.,.F.,.F.,(4,1,1,1,1,1,1,1,1,1,1,1,1,1,1,1,1,1,1,1,1,1,1,1,
1,1,1,1,1,1,1,1,1,1,1,1,1,4),(0.,0.0625,0.09375,0.109375,0.125,0.140625,
0.15625,0.1875,0.21875,0.25,0.28125,0.3125,0.34375,0.359375,0.375,0.390625,
0.40625,0.4375,0.46875,0.5,0.53125,0.546875,0.5625,0.59375,0.609375,0.625,
0.640625,0.65625,0.6875,0.71875,0.75,0.78125,0.8125,0.84375,0.875,0.90625,
0.9375,1.),.UNSPECIFIED.);
#2139=B_SPLINE_CURVE_WITH_KNOTS('',3,(#6473,#6474,#6475,#6476,#6477,#6478,
#6479,#6480,#6481,#6482,#6483,#6484,#6485),.UNSPECIFIED.,.F.,.F.,(4,1,1,
1,1,1,1,1,1,1,4),(0.,0.0615358502234063,0.0923037753351094,0.107687737890961,
0.123071700446813,0.153839625558516,0.184607550670219,0.246143400893625,
0.307679251117031,0.369215101340438,0.49228680178725),.UNSPECIFIED.);
#2140=B_SPLINE_CURVE_WITH_KNOTS('',3,(#6496,#6497,#6498,#6499,#6500,#6501,
#6502,#6503,#6504,#6505,#6506,#6507,#6508,#6509,#6510,#6511,#6512,#6513,
#6514,#6515,#6516,#6517,#6518,#6519,#6520,#6521,#6522,#6523,#6524,#6525,
#6526,#6527,#6528,#6529,#6530,#6531,#6532,#6533,#6534,#6535),
 .UNSPECIFIED.,.F.,.F.,(4,1,1,1,1,1,1,1,1,1,1,1,1,1,1,1,1,1,1,1,1,1,1,1,
1,1,1,1,1,1,1,1,1,1,1,1,1,4),(0.,0.0625,0.09375,0.125,0.15625,0.1875,0.21875,
0.25,0.28125,0.3125,0.34375,0.359375,0.375,0.390625,0.40625,0.421875,0.4375,
0.46875,0.5,0.53125,0.5625,0.59375,0.609375,0.625,0.640625,0.65625,0.6875,
0.71875,0.75,0.78125,0.8125,0.84375,0.859375,0.875,0.890625,0.90625,0.9375,
1.),.UNSPECIFIED.);
#2141=B_SPLINE_CURVE_WITH_KNOTS('',3,(#6538,#6539,#6540,#6541),
 .UNSPECIFIED.,.F.,.F.,(4,4),(0.,1.),.UNSPECIFIED.);
#2142=B_SPLINE_CURVE_WITH_KNOTS('',3,(#6551,#6552,#6553,#6554),
 .UNSPECIFIED.,.F.,.F.,(4,4),(0.,1.),.UNSPECIFIED.);
#2143=B_SPLINE_CURVE_WITH_KNOTS('',3,(#6627,#6628,#6629,#6630),
 .UNSPECIFIED.,.F.,.F.,(4,4),(0.,1.),.UNSPECIFIED.);
#2144=B_SPLINE_CURVE_WITH_KNOTS('',3,(#6947,#6948,#6949,#6950,#6951,#6952,
#6953,#6954,#6955,#6956,#6957,#6958,#6959,#6960,#6961,#6962,#6963,#6964,
#6965,#6966,#6967,#6968,#6969,#6970,#6971,#6972,#6973,#6974,#6975,#6976,
#6977,#6978,#6979,#6980,#6981,#6982,#6983,#6984,#6985,#6986,#6987,#6988,
#6989,#6990,#6991,#6992,#6993,#6994,#6995,#6996,#6997,#6998,#6999,#7000,
#7001,#7002,#7003,#7004,#7005,#7006,#7007,#7008,#7009),.UNSPECIFIED.,.F.,
 .F.,(4,1,1,1,1,1,1,1,1,1,1,1,1,1,1,1,1,1,1,1,1,1,1,1,1,1,1,1,1,1,1,1,1,
1,1,1,1,1,1,1,1,1,1,1,1,1,1,1,1,1,1,1,1,1,1,1,1,1,1,1,4),(0.,0.0131691982082546,
0.026337628949558,0.0395044119581357,0.0526687223041851,0.07127848698279,
0.0898772940534653,0.108465795809603,0.127044647058245,0.145613926143106,
0.164173521349225,0.182723363537446,0.201263433896391,0.21979376194741,
0.238314504647719,0.256825847192379,0.275327993558546,0.293821187736719,
0.31230558176353,0.330780848049044,0.349246605345721,0.367702583130665,
0.386148654634049,0.4045848567289,0.423011733021555,0.441429961861701,0.45984025955684,
0.478243328675344,0.496639835543744,0.515030188449311,0.533414846101153,
0.551794509169166,0.570170125312269,0.588542939604782,0.606914475053373,
0.625286044723989,0.643658644493616,0.662032983395519,0.680409679619341,
0.698790747726171,0.717180161931898,0.735584180053929,0.754012073581908,
0.772476139912208,0.790986459702299,0.809551093273032,0.828183171201486,
0.846907246597031,0.865755021668882,0.88476814941976,0.89836696289607,0.912143588977192,
0.926205344582356,0.940781037588358,0.954391011618939,0.964236919637954,
0.974512440693034,0.982421848832454,0.98865697933281,0.99364677948532,1.),
 .UNSPECIFIED.);
#2145=B_SPLINE_CURVE_WITH_KNOTS('',3,(#7014,#7015,#7016,#7017,#7018,#7019,
#7020,#7021,#7022,#7023,#7024,#7025,#7026,#7027,#7028,#7029,#7030,#7031,
#7032,#7033,#7034,#7035,#7036,#7037,#7038,#7039,#7040,#7041,#7042,#7043,
#7044,#7045,#7046,#7047,#7048,#7049,#7050,#7051,#7052,#7053,#7054,#7055,
#7056,#7057,#7058,#7059,#7060,#7061,#7062,#7063,#7064,#7065,#7066,#7067,
#7068,#7069,#7070,#7071,#7072,#7073,#7074,#7075,#7076),.UNSPECIFIED.,.F.,
 .F.,(4,1,1,1,1,1,1,1,1,1,1,1,1,1,1,1,1,1,1,1,1,1,1,1,1,1,1,1,1,1,1,1,1,
1,1,1,1,1,1,1,1,1,1,1,1,1,1,1,1,1,1,1,1,1,1,1,1,1,1,1,4),(0.,0.0131691982082546,
0.026337628949558,0.0395044119581357,0.0526687223041851,0.07127848698279,
0.0898772940534653,0.108465795809603,0.127044647058245,0.145613926143106,
0.164173521349225,0.182723363537446,0.201263433896391,0.21979376194741,
0.238314504647719,0.256825847192379,0.275327993558546,0.293821187736719,
0.31230558176353,0.330780848049044,0.349246605345721,0.367702583130665,
0.386148654634049,0.4045848567289,0.423011733021555,0.441429961861701,0.45984025955684,
0.478243328675344,0.496639835543744,0.515030188449311,0.533414846101153,
0.551794509169166,0.570170125312269,0.588542939604782,0.606914475053373,
0.625286044723989,0.643658644493616,0.662032983395519,0.680409679619341,
0.698790747726171,0.717180161931898,0.735584180053929,0.754012073581908,
0.772476139912208,0.790986459702299,0.809551093273032,0.828183171201486,
0.846907246597031,0.865755021668882,0.88476814941976,0.89836696289607,0.912143588977192,
0.926205344582356,0.940781037588358,0.954391011618939,0.964236919637954,
0.974512440693034,0.982421848832454,0.98865697933281,0.99364677948532,1.),
 .UNSPECIFIED.);
#2146=B_SPLINE_CURVE_WITH_KNOTS('',3,(#7080,#7081,#7082,#7083,#7084,#7085,
#7086,#7087,#7088,#7089,#7090,#7091,#7092,#7093,#7094,#7095,#7096,#7097,
#7098,#7099,#7100,#7101,#7102,#7103,#7104,#7105,#7106,#7107,#7108,#7109,
#7110,#7111,#7112,#7113,#7114,#7115,#7116,#7117,#7118,#7119,#7120,#7121,
#7122,#7123,#7124,#7125,#7126,#7127,#7128,#7129,#7130,#7131,#7132,#7133,
#7134,#7135,#7136,#7137,#7138,#7139,#7140,#7141,#7142),.UNSPECIFIED.,.F.,
 .F.,(4,1,1,1,1,1,1,1,1,1,1,1,1,1,1,1,1,1,1,1,1,1,1,1,1,1,1,1,1,1,1,1,1,
1,1,1,1,1,1,1,1,1,1,1,1,1,1,1,1,1,1,1,1,1,1,1,1,1,1,1,4),(0.,0.0131691982082546,
0.026337628949558,0.0395044119581357,0.0526687223041851,0.07127848698279,
0.0898772940534653,0.108465795809603,0.127044647058245,0.145613926143106,
0.164173521349225,0.182723363537446,0.201263433896391,0.21979376194741,
0.238314504647719,0.256825847192379,0.275327993558546,0.293821187736719,
0.31230558176353,0.330780848049044,0.349246605345721,0.367702583130665,
0.386148654634049,0.4045848567289,0.423011733021555,0.441429961861701,0.45984025955684,
0.478243328675344,0.496639835543744,0.515030188449311,0.533414846101153,
0.551794509169166,0.570170125312269,0.588542939604782,0.606914475053373,
0.625286044723989,0.643658644493616,0.662032983395519,0.680409679619341,
0.698790747726171,0.717180161931898,0.735584180053929,0.754012073581908,
0.772476139912208,0.790986459702299,0.809551093273032,0.828183171201486,
0.846907246597031,0.865755021668882,0.88476814941976,0.89836696289607,0.912143588977192,
0.926205344582356,0.940781037588358,0.954391011618939,0.964236919637954,
0.974512440693034,0.982421848832454,0.98865697933281,0.99364677948532,1.),
 .UNSPECIFIED.);
#2147=B_SPLINE_CURVE_WITH_KNOTS('',3,(#7146,#7147,#7148,#7149,#7150,#7151,
#7152,#7153,#7154,#7155,#7156,#7157,#7158,#7159,#7160,#7161,#7162,#7163,
#7164,#7165,#7166,#7167,#7168,#7169,#7170,#7171,#7172,#7173,#7174,#7175,
#7176,#7177,#7178,#7179,#7180,#7181,#7182,#7183,#7184,#7185,#7186,#7187,
#7188,#7189,#7190,#7191,#7192,#7193,#7194,#7195,#7196,#7197,#7198,#7199,
#7200,#7201,#7202,#7203,#7204,#7205,#7206,#7207,#7208),.UNSPECIFIED.,.F.,
 .F.,(4,1,1,1,1,1,1,1,1,1,1,1,1,1,1,1,1,1,1,1,1,1,1,1,1,1,1,1,1,1,1,1,1,
1,1,1,1,1,1,1,1,1,1,1,1,1,1,1,1,1,1,1,1,1,1,1,1,1,1,1,4),(0.,0.0131691982082546,
0.026337628949558,0.0395044119581357,0.0526687223041851,0.07127848698279,
0.0898772940534653,0.108465795809603,0.127044647058245,0.145613926143106,
0.164173521349225,0.182723363537446,0.201263433896391,0.21979376194741,
0.238314504647719,0.256825847192379,0.275327993558546,0.293821187736719,
0.31230558176353,0.330780848049044,0.349246605345721,0.367702583130665,
0.386148654634049,0.4045848567289,0.423011733021555,0.441429961861701,0.45984025955684,
0.478243328675344,0.496639835543744,0.515030188449311,0.533414846101153,
0.551794509169166,0.570170125312269,0.588542939604782,0.606914475053373,
0.625286044723989,0.643658644493616,0.662032983395519,0.680409679619341,
0.698790747726171,0.717180161931898,0.735584180053929,0.754012073581908,
0.772476139912208,0.790986459702299,0.809551093273032,0.828183171201486,
0.846907246597031,0.865755021668882,0.88476814941976,0.89836696289607,0.912143588977192,
0.926205344582356,0.940781037588358,0.954391011618939,0.964236919637954,
0.974512440693034,0.982421848832454,0.98865697933281,0.99364677948532,1.),
 .UNSPECIFIED.);
#2148=B_SPLINE_CURVE_WITH_KNOTS('',3,(#7337,#7338,#7339,#7340,#7341,#7342,
#7343,#7344,#7345,#7346,#7347,#7348,#7349,#7350,#7351,#7352,#7353,#7354,
#7355,#7356,#7357,#7358,#7359,#7360,#7361,#7362,#7363,#7364,#7365,#7366,
#7367,#7368,#7369,#7370,#7371,#7372,#7373,#7374,#7375,#7376,#7377,#7378,
#7379,#7380,#7381,#7382,#7383,#7384,#7385,#7386,#7387,#7388,#7389,#7390,
#7391,#7392,#7393,#7394,#7395,#7396,#7397,#7398,#7399),.UNSPECIFIED.,.F.,
 .F.,(4,1,1,1,1,1,1,1,1,1,1,1,1,1,1,1,1,1,1,1,1,1,1,1,1,1,1,1,1,1,1,1,1,
1,1,1,1,1,1,1,1,1,1,1,1,1,1,1,1,1,1,1,1,1,1,1,1,1,1,1,4),(0.,0.00899921016915025,
0.0138534602291403,0.0198997866034538,0.0275126742818102,0.0372503225352872,
0.0463657355957892,0.0585810548422514,0.0718875658363931,0.0851377161712909,
0.0983446384251015,0.111514260353026,0.130105305491216,0.148685595147206,
0.167260054689043,0.185831438659115,0.204401933830969,0.222972917268028,
0.241545115976966,0.260118759711685,0.278693805014846,0.297270010080792,
0.315846972626829,0.334424195771457,0.353001238222584,0.371578064682885,
0.39015474972287,0.408731363808279,0.427307979578337,0.445884652764208,
0.464461385334052,0.483038153670361,0.501614942490472,0.520191731310584,
0.538768503058545,0.557345259461359,0.575922005644488,0.594498748422908,
0.613075489499319,0.631652235682449,0.650228985271214,0.668805736563144,
0.687382491262099,0.705959244257425,0.724535997252752,0.743112748544682,
0.761689499836612,0.780266251128542,0.798843002420473,0.817419753712403,
0.835996505004333,0.854573256296263,0.873150007588193,0.891726758880123,
0.910303510172053,0.928880261463983,0.947457012755914,0.960592758362534,
0.973728503969154,0.986864251984577,1.),.UNSPECIFIED.);
#2149=B_SPLINE_CURVE_WITH_KNOTS('',3,(#7401,#7402,#7403,#7404,#7405,#7406,
#7407,#7408,#7409,#7410,#7411,#7412,#7413,#7414,#7415,#7416,#7417,#7418,
#7419,#7420,#7421,#7422,#7423,#7424,#7425,#7426,#7427,#7428,#7429,#7430,
#7431,#7432,#7433,#7434,#7435,#7436,#7437,#7438,#7439,#7440,#7441,#7442,
#7443,#7444,#7445,#7446,#7447,#7448,#7449,#7450,#7451,#7452,#7453,#7454,
#7455,#7456,#7457,#7458,#7459,#7460,#7461,#7462,#7463),.UNSPECIFIED.,.F.,
 .F.,(4,1,1,1,1,1,1,1,1,1,1,1,1,1,1,1,1,1,1,1,1,1,1,1,1,1,1,1,1,1,1,1,1,
1,1,1,1,1,1,1,1,1,1,1,1,1,1,1,1,1,1,1,1,1,1,1,1,1,1,1,4),(0.,0.00899921016915025,
0.0138534602291403,0.0198997866034538,0.0275126742818102,0.0372503225352872,
0.0463657355957892,0.0585810548422514,0.0718875658363931,0.0851377161712909,
0.0983446384251015,0.111514260353026,0.130105305491216,0.148685595147206,
0.167260054689043,0.185831438659115,0.204401933830969,0.222972917268028,
0.241545115976966,0.260118759711685,0.278693805014846,0.297270010080792,
0.315846972626829,0.334424195771457,0.353001238222584,0.371578064682885,
0.39015474972287,0.408731363808279,0.427307979578337,0.445884652764208,
0.464461385334052,0.483038153670361,0.501614942490472,0.520191731310584,
0.538768503058545,0.557345259461359,0.575922005644488,0.594498748422908,
0.613075489499319,0.631652235682449,0.650228985271214,0.668805736563144,
0.687382491262099,0.705959244257425,0.724535997252752,0.743112748544682,
0.761689499836612,0.780266251128542,0.798843002420473,0.817419753712403,
0.835996505004333,0.854573256296263,0.873150007588193,0.891726758880123,
0.910303510172053,0.928880261463983,0.947457012755914,0.960592758362534,
0.973728503969154,0.986864251984577,1.),.UNSPECIFIED.);
#2150=B_SPLINE_CURVE_WITH_KNOTS('',3,(#7467,#7468,#7469,#7470,#7471,#7472,
#7473,#7474,#7475,#7476,#7477,#7478,#7479,#7480,#7481,#7482,#7483,#7484,
#7485,#7486,#7487,#7488,#7489,#7490,#7491,#7492,#7493,#7494,#7495,#7496,
#7497,#7498,#7499,#7500,#7501,#7502,#7503,#7504,#7505,#7506,#7507,#7508,
#7509,#7510,#7511,#7512,#7513,#7514,#7515,#7516,#7517,#7518,#7519,#7520,
#7521,#7522,#7523,#7524,#7525,#7526,#7527,#7528,#7529),.UNSPECIFIED.,.F.,
 .F.,(4,1,1,1,1,1,1,1,1,1,1,1,1,1,1,1,1,1,1,1,1,1,1,1,1,1,1,1,1,1,1,1,1,
1,1,1,1,1,1,1,1,1,1,1,1,1,1,1,1,1,1,1,1,1,1,1,1,1,1,1,4),(0.,0.00899921016915025,
0.0138534602291403,0.0198997866034538,0.0275126742818102,0.0372503225352872,
0.0463657355957892,0.0585810548422514,0.0718875658363931,0.0851377161712909,
0.0983446384251015,0.111514260353026,0.130105305491216,0.148685595147206,
0.167260054689043,0.185831438659115,0.204401933830969,0.222972917268028,
0.241545115976966,0.260118759711685,0.278693805014846,0.297270010080792,
0.315846972626829,0.334424195771457,0.353001238222584,0.371578064682885,
0.39015474972287,0.408731363808279,0.427307979578337,0.445884652764208,
0.464461385334052,0.483038153670361,0.501614942490472,0.520191731310584,
0.538768503058545,0.557345259461359,0.575922005644488,0.594498748422908,
0.613075489499319,0.631652235682449,0.650228985271214,0.668805736563144,
0.687382491262099,0.705959244257425,0.724535997252752,0.743112748544682,
0.761689499836612,0.780266251128542,0.798843002420473,0.817419753712403,
0.835996505004333,0.854573256296263,0.873150007588193,0.891726758880123,
0.910303510172053,0.928880261463983,0.947457012755914,0.960592758362534,
0.973728503969154,0.986864251984577,1.),.UNSPECIFIED.);
#2151=B_SPLINE_CURVE_WITH_KNOTS('',3,(#7530,#7531,#7532,#7533,#7534,#7535,
#7536,#7537,#7538,#7539,#7540,#7541,#7542,#7543,#7544,#7545,#7546,#7547,
#7548,#7549,#7550,#7551,#7552,#7553,#7554,#7555,#7556,#7557,#7558,#7559,
#7560,#7561,#7562,#7563,#7564,#7565,#7566,#7567,#7568,#7569,#7570,#7571,
#7572,#7573,#7574,#7575,#7576,#7577,#7578,#7579,#7580,#7581,#7582,#7583,
#7584,#7585,#7586,#7587,#7588,#7589,#7590,#7591,#7592),.UNSPECIFIED.,.F.,
 .F.,(4,1,1,1,1,1,1,1,1,1,1,1,1,1,1,1,1,1,1,1,1,1,1,1,1,1,1,1,1,1,1,1,1,
1,1,1,1,1,1,1,1,1,1,1,1,1,1,1,1,1,1,1,1,1,1,1,1,1,1,1,4),(0.,0.00899921016915025,
0.0138534602291403,0.0198997866034538,0.0275126742818102,0.0372503225352872,
0.0463657355957892,0.0585810548422514,0.0718875658363931,0.0851377161712909,
0.0983446384251015,0.111514260353026,0.130105305491216,0.148685595147206,
0.167260054689043,0.185831438659115,0.204401933830969,0.222972917268028,
0.241545115976966,0.260118759711685,0.278693805014846,0.297270010080792,
0.315846972626829,0.334424195771457,0.353001238222584,0.371578064682885,
0.39015474972287,0.408731363808279,0.427307979578337,0.445884652764208,
0.464461385334052,0.483038153670361,0.501614942490472,0.520191731310584,
0.538768503058545,0.557345259461359,0.575922005644488,0.594498748422908,
0.613075489499319,0.631652235682449,0.650228985271214,0.668805736563144,
0.687382491262099,0.705959244257425,0.724535997252752,0.743112748544682,
0.761689499836612,0.780266251128542,0.798843002420473,0.817419753712403,
0.835996505004333,0.854573256296263,0.873150007588193,0.891726758880123,
0.910303510172053,0.928880261463983,0.947457012755914,0.960592758362534,
0.973728503969154,0.986864251984577,1.),.UNSPECIFIED.);
#2152=B_SPLINE_CURVE_WITH_KNOTS('',3,(#7709,#7710,#7711,#7712,#7713,#7714,
#7715,#7716,#7717,#7718,#7719,#7720,#7721),.UNSPECIFIED.,.F.,.F.,(4,1,1,
1,1,1,1,1,1,1,4),(0.,0.0615358502234063,0.0923037753351094,0.107687737890961,
0.123071700446813,0.153839625558516,0.184607550670219,0.246143400893625,
0.307679251117031,0.369215101340438,0.49228680178725),.UNSPECIFIED.);
#2153=B_SPLINE_CURVE_WITH_KNOTS('',3,(#7724,#7725,#7726,#7727,#7728,#7729,
#7730,#7731,#7732,#7733,#7734,#7735,#7736,#7737,#7738,#7739,#7740,#7741,
#7742,#7743,#7744,#7745,#7746,#7747,#7748,#7749,#7750,#7751,#7752,#7753,
#7754,#7755,#7756,#7757,#7758,#7759,#7760,#7761,#7762,#7763),
 .UNSPECIFIED.,.F.,.F.,(4,1,1,1,1,1,1,1,1,1,1,1,1,1,1,1,1,1,1,1,1,1,1,1,
1,1,1,1,1,1,1,1,1,1,1,1,1,4),(0.,0.0625,0.09375,0.125,0.15625,0.1875,0.21875,
0.25,0.28125,0.3125,0.34375,0.359375,0.375,0.390625,0.40625,0.421875,0.4375,
0.46875,0.5,0.53125,0.5625,0.59375,0.609375,0.625,0.640625,0.65625,0.6875,
0.71875,0.75,0.78125,0.8125,0.84375,0.859375,0.875,0.890625,0.90625,0.9375,
1.),.UNSPECIFIED.);
#2154=B_SPLINE_CURVE_WITH_KNOTS('',3,(#7768,#7769,#7770,#7771),
 .UNSPECIFIED.,.F.,.F.,(4,4),(0.,1.),.UNSPECIFIED.);
#2155=B_SPLINE_CURVE_WITH_KNOTS('',3,(#7792,#7793,#7794,#7795,#7796,#7797,
#7798,#7799,#7800,#7801,#7802,#7803,#7804,#7805,#7806,#7807,#7808,#7809,
#7810,#7811,#7812,#7813,#7814,#7815,#7816,#7817,#7818,#7819,#7820,#7821,
#7822,#7823,#7824,#7825,#7826,#7827,#7828,#7829,#7830,#7831),
 .UNSPECIFIED.,.F.,.F.,(4,1,1,1,1,1,1,1,1,1,1,1,1,1,1,1,1,1,1,1,1,1,1,1,
1,1,1,1,1,1,1,1,1,1,1,1,1,4),(0.,0.0625,0.09375,0.109375,0.125,0.140625,
0.15625,0.1875,0.21875,0.25,0.28125,0.3125,0.34375,0.359375,0.375,0.390625,
0.40625,0.4375,0.46875,0.5,0.53125,0.546875,0.5625,0.59375,0.609375,0.625,
0.640625,0.65625,0.6875,0.71875,0.75,0.78125,0.8125,0.84375,0.875,0.90625,
0.9375,1.),.UNSPECIFIED.);
#2156=B_SPLINE_CURVE_WITH_KNOTS('',3,(#7833,#7834,#7835,#7836,#7837,#7838,
#7839,#7840,#7841,#7842,#7843,#7844,#7845,#7846),.UNSPECIFIED.,.F.,.F.,
(4,1,1,1,1,1,1,1,1,1,1,4),(0.498053778020884,0.623540333515663,0.686283611263052,
0.749026889010442,0.811770166757831,0.843141805631526,0.858827625068374,
0.874513444505221,0.890199263942068,0.905885083378916,0.93725672225261,
1.),.UNSPECIFIED.);
#2157=B_SPLINE_CURVE_WITH_KNOTS('',3,(#7857,#7858,#7859,#7860),
 .UNSPECIFIED.,.F.,.F.,(4,4),(0.,1.),.UNSPECIFIED.);
#2158=B_SPLINE_CURVE_WITH_KNOTS('',3,(#7933,#7934,#7935,#7936),
 .UNSPECIFIED.,.F.,.F.,(4,4),(0.,1.),.UNSPECIFIED.);
#2159=B_SPLINE_CURVE_WITH_KNOTS('',3,(#8096,#8097,#8098,#8099,#8100,#8101,
#8102,#8103,#8104),.UNSPECIFIED.,.F.,.F.,(4,1,1,1,1,1,4),(0.,0.000757914252299183,
0.00113687137844877,0.00151582850459837,0.00189478563074796,0.00227374275689755,
0.00303165700919673),.UNSPECIFIED.);
#2160=B_SPLINE_CURVE_WITH_KNOTS('',3,(#8105,#8106,#8107,#8108,#8109,#8110,
#8111,#8112),.UNSPECIFIED.,.F.,.F.,(4,1,1,1,1,4),(0.,0.000157732505908984,
0.000315465011817968,0.000630930023635936,0.000946395035453904,0.00126186004727187),
 .UNSPECIFIED.);
#2161=B_SPLINE_CURVE_WITH_KNOTS('',3,(#8117,#8118,#8119,#8120,#8121,#8122,
#8123,#8124,#8125,#8126,#8127,#8128,#8129,#8130,#8131,#8132,#8133,#8134,
#8135,#8136),.UNSPECIFIED.,.F.,.F.,(4,1,1,1,1,1,1,1,1,1,1,1,1,1,1,1,1,4),
(0.,0.000311234801691724,0.000622469603383449,0.000933704405075173,0.00108932180592104,
0.0012449392067669,0.00140055660761276,0.00155617400845862,0.00186740881015035,
0.00217864361184207,0.00248987841353379,0.00311234801691724,0.00373481762030069,
0.00404605242199242,0.00435728722368414,0.00466852202537587,0.00482413942622173,
0.00497975682706759),.UNSPECIFIED.);
#2162=B_SPLINE_CURVE_WITH_KNOTS('',3,(#8152,#8153,#8154,#8155,#8156,#8157,
#8158,#8159,#8160,#8161,#8162,#8163,#8164,#8165,#8166,#8167,#8168,#8169,
#8170),.UNSPECIFIED.,.T.,.F.,(1,1,1,1,1,1,1,1,1,1,1,1,1,1,1,1,1,1,1,1,1,
1,1),(-0.190789473684211,-0.128289473684211,-0.0657894736842105,0.,0.059375,
0.12171875,0.1842109375,0.246710546875,0.30921052734375,0.371710526367187,
0.434210526318359,0.496710526315918,0.559210526315796,0.62171052631579,
0.684210526315789,0.746710526315789,0.809210526315789,0.871710526315789,
0.934210526315789,1.,1.059375,1.12171875,1.1842109375),.UNSPECIFIED.);
#2163=B_SPLINE_CURVE_WITH_KNOTS('',3,(#8175,#8176,#8177,#8178,#8179,#8180,
#8181,#8182,#8183,#8184,#8185,#8186,#8187,#8188,#8189,#8190,#8191,#8192,
#8193),.UNSPECIFIED.,.T.,.F.,(1,1,1,1,1,1,1,1,1,1,1,1,1,1,1,1,1,1,1,1,1,
1,1),(-0.190789473684211,-0.128289473684211,-0.0657894736842105,0.,0.059375,
0.12171875,0.1842109375,0.246710546875,0.30921052734375,0.371710526367187,
0.434210526318359,0.496710526315918,0.559210526315796,0.62171052631579,
0.684210526315789,0.746710526315789,0.809210526315789,0.871710526315789,
0.934210526315789,1.,1.059375,1.12171875,1.1842109375),.UNSPECIFIED.);
#2164=B_SPLINE_CURVE_WITH_KNOTS('',3,(#8623,#8624,#8625,#8626,#8627,#8628,
#8629,#8630,#8631,#8632,#8633,#8634,#8635,#8636,#8637,#8638,#8639,#8640,
#8641),.UNSPECIFIED.,.T.,.F.,(1,1,1,1,1,1,1,1,1,1,1,1,1,1,1,1,1,1,1,1,1,
1,1),(-0.1875,-0.125,-0.0625,0.,0.0625,0.125,0.1875,0.25,0.3125,0.375,0.4375,
0.5,0.5625,0.625,0.6875,0.75,0.8125,0.875,0.9375,1.,1.0625,1.125,1.1875),
 .UNSPECIFIED.);
#2165=B_SPLINE_CURVE_WITH_KNOTS('',3,(#9071,#9072,#9073,#9074,#9075,#9076,
#9077,#9078,#9079),.UNSPECIFIED.,.F.,.F.,(4,1,1,1,1,1,4),(0.,0.000757914252299183,
0.00113687137844877,0.00151582850459837,0.00189478563074796,0.00227374275689755,
0.00303165700919673),.UNSPECIFIED.);
#2166=B_SPLINE_CURVE_WITH_KNOTS('',3,(#9082,#9083,#9084,#9085,#9086,#9087,
#9088,#9089,#9090,#9091,#9092,#9093,#9094,#9095,#9096,#9097,#9098,#9099,
#9100,#9101),.UNSPECIFIED.,.F.,.F.,(4,1,1,1,1,1,1,1,1,1,1,1,1,1,1,1,1,4),
(0.,0.00015711905366591,0.00031423810733182,0.00062847621466364,0.00094271432199546,
0.00125695242932728,0.00188542864399092,0.00251390485865456,0.00282814296598638,
0.0031423810733182,0.00345661918065002,0.00361373823431593,0.00377085728798184,
0.00392797634164775,0.00408509539531366,0.00439933350264548,0.0047135716099773,
0.00502780971730912),.UNSPECIFIED.);
#2167=B_SPLINE_CURVE_WITH_KNOTS('',3,(#9106,#9107,#9108,#9109,#9110,#9111,
#9112,#9113),.UNSPECIFIED.,.F.,.F.,(4,1,1,1,1,4),(0.,0.000311216454529596,
0.000622432909059191,0.000933649363588787,0.00108925759085358,0.00124486581811838),
 .UNSPECIFIED.);
#2168=B_SPLINE_CURVE_WITH_KNOTS('',3,(#9129,#9130,#9131,#9132,#9133,#9134,
#9135,#9136,#9137,#9138,#9139,#9140,#9141,#9142,#9143,#9144,#9145,#9146,
#9147),.UNSPECIFIED.,.T.,.F.,(1,1,1,1,1,1,1,1,1,1,1,1,1,1,1,1,1,1,1,1,1,
1,1),(-0.190789473684211,-0.128289473684211,-0.0657894736842105,0.,0.059375,
0.12171875,0.1842109375,0.246710546875,0.30921052734375,0.371710526367187,
0.434210526318359,0.496710526315918,0.559210526315796,0.62171052631579,
0.684210526315789,0.746710526315789,0.809210526315789,0.871710526315789,
0.934210526315789,1.,1.059375,1.12171875,1.1842109375),.UNSPECIFIED.);
#2169=B_SPLINE_CURVE_WITH_KNOTS('',3,(#9152,#9153,#9154,#9155,#9156,#9157,
#9158,#9159,#9160,#9161,#9162,#9163,#9164,#9165,#9166,#9167,#9168,#9169,
#9170),.UNSPECIFIED.,.T.,.F.,(1,1,1,1,1,1,1,1,1,1,1,1,1,1,1,1,1,1,1,1,1,
1,1),(-0.190789473684211,-0.128289473684211,-0.0657894736842105,0.,0.059375,
0.12171875,0.1842109375,0.246710546875,0.30921052734375,0.371710526367187,
0.434210526318359,0.496710526315918,0.559210526315796,0.62171052631579,
0.684210526315789,0.746710526315789,0.809210526315789,0.871710526315789,
0.934210526315789,1.,1.059375,1.12171875,1.1842109375),.UNSPECIFIED.);
#2170=B_SPLINE_CURVE_WITH_KNOTS('',3,(#9600,#9601,#9602,#9603,#9604,#9605,
#9606,#9607,#9608,#9609,#9610,#9611,#9612,#9613,#9614,#9615,#9616,#9617,
#9618),.UNSPECIFIED.,.T.,.F.,(1,1,1,1,1,1,1,1,1,1,1,1,1,1,1,1,1,1,1,1,1,
1,1),(-0.1875,-0.125,-0.0625,0.,0.0625,0.125,0.1875,0.25,0.3125,0.375,0.4375,
0.5,0.5625,0.625,0.6875,0.75,0.8125,0.875,0.9375,1.,1.0625,1.125,1.1875),
 .UNSPECIFIED.);
#2171=EDGE_LOOP('',(#629,#630));
#2172=EDGE_LOOP('',(#631,#632,#633));
#2173=EDGE_LOOP('',(#634,#635));
#2174=EDGE_LOOP('',(#636,#637,#638));
#2175=EDGE_LOOP('',(#639,#640,#641));
#2176=EDGE_LOOP('',(#642,#643,#644,#645));
#2177=EDGE_LOOP('',(#646,#647,#648,#649,#650,#651,#652,#653));
#2178=EDGE_LOOP('',(#654,#655,#656,#657));
#2179=EDGE_LOOP('',(#658,#659,#660,#661,#662,#663,#664,#665,#666,#667));
#2180=EDGE_LOOP('',(#668,#669,#670,#671,#672,#673,#674,#675,#676));
#2181=EDGE_LOOP('',(#677,#678,#679,#680,#681,#682,#683,#684));
#2182=EDGE_LOOP('',(#685,#686,#687,#688,#689,#690,#691,#692,#693,#694));
#2183=EDGE_LOOP('',(#695,#696,#697,#698,#699,#700,#701,#702));
#2184=EDGE_LOOP('',(#703,#704,#705,#706));
#2185=EDGE_LOOP('',(#707,#708,#709,#710,#711,#712));
#2186=EDGE_LOOP('',(#713,#714,#715,#716,#717));
#2187=EDGE_LOOP('',(#718,#719,#720,#721));
#2188=EDGE_LOOP('',(#722,#723,#724,#725));
#2189=EDGE_LOOP('',(#726,#727,#728,#729,#730,#731));
#2190=EDGE_LOOP('',(#732,#733,#734,#735));
#2191=EDGE_LOOP('',(#736,#737,#738,#739,#740,#741));
#2192=EDGE_LOOP('',(#742,#743,#744));
#2193=EDGE_LOOP('',(#745,#746,#747));
#2194=EDGE_LOOP('',(#748,#749));
#2195=EDGE_LOOP('',(#750,#751,#752,#753,#754));
#2196=EDGE_LOOP('',(#755,#756,#757,#758,#759,#760,#761,#762));
#2197=EDGE_LOOP('',(#763,#764,#765,#766,#767,#768));
#2198=EDGE_LOOP('',(#769,#770,#771,#772));
#2199=EDGE_LOOP('',(#773,#774,#775,#776));
#2200=EDGE_LOOP('',(#777,#778,#779,#780));
#2201=EDGE_LOOP('',(#781,#782,#783,#784,#785));
#2202=EDGE_LOOP('',(#786,#787,#788,#789));
#2203=EDGE_LOOP('',(#790,#791,#792,#793));
#2204=EDGE_LOOP('',(#794,#795,#796,#797,#798,#799,#800,#801));
#2205=EDGE_LOOP('',(#802,#803,#804,#805));
#2206=EDGE_LOOP('',(#806,#807,#808,#809));
#2207=EDGE_LOOP('',(#810,#811,#812,#813));
#2208=EDGE_LOOP('',(#814,#815,#816,#817));
#2209=EDGE_LOOP('',(#818,#819,#820,#821,#822,#823));
#2210=EDGE_LOOP('',(#824,#825,#826,#827));
#2211=EDGE_LOOP('',(#828,#829,#830,#831,#832,#833));
#2212=EDGE_LOOP('',(#834,#835,#836,#837));
#2213=EDGE_LOOP('',(#838,#839,#840,#841,#842,#843));
#2214=EDGE_LOOP('',(#844,#845,#846,#847));
#2215=EDGE_LOOP('',(#848,#849,#850,#851));
#2216=EDGE_LOOP('',(#852,#853,#854,#855));
#2217=EDGE_LOOP('',(#856,#857,#858,#859));
#2218=EDGE_LOOP('',(#860,#861,#862,#863));
#2219=EDGE_LOOP('',(#864,#865,#866,#867));
#2220=EDGE_LOOP('',(#868,#869,#870,#871));
#2221=EDGE_LOOP('',(#872,#873,#874,#875));
#2222=EDGE_LOOP('',(#876,#877,#878,#879,#880));
#2223=EDGE_LOOP('',(#881));
#2224=EDGE_LOOP('',(#882,#883,#884));
#2225=EDGE_LOOP('',(#885,#886,#887));
#2226=EDGE_LOOP('',(#888));
#2227=EDGE_LOOP('',(#889));
#2228=EDGE_LOOP('',(#890));
#2229=EDGE_LOOP('',(#891));
#2230=EDGE_LOOP('',(#892));
#2231=EDGE_LOOP('',(#893));
#2232=EDGE_LOOP('',(#894));
#2233=EDGE_LOOP('',(#895));
#2234=EDGE_LOOP('',(#896));
#2235=EDGE_LOOP('',(#897));
#2236=EDGE_LOOP('',(#898));
#2237=EDGE_LOOP('',(#899));
#2238=EDGE_LOOP('',(#900));
#2239=EDGE_LOOP('',(#901));
#2240=EDGE_LOOP('',(#902));
#2241=EDGE_LOOP('',(#903,#904,#905,#906));
#2242=EDGE_LOOP('',(#907,#908,#909,#910));
#2243=EDGE_LOOP('',(#911,#912,#913,#914));
#2244=EDGE_LOOP('',(#915,#916,#917,#918));
#2245=EDGE_LOOP('',(#919,#920,#921,#922));
#2246=EDGE_LOOP('',(#923,#924,#925,#926));
#2247=EDGE_LOOP('',(#927,#928,#929,#930,#931,#932));
#2248=EDGE_LOOP('',(#933,#934,#935,#936));
#2249=EDGE_LOOP('',(#937,#938,#939,#940));
#2250=EDGE_LOOP('',(#941,#942,#943,#944,#945,#946));
#2251=EDGE_LOOP('',(#947,#948,#949,#950));
#2252=EDGE_LOOP('',(#951,#952,#953,#954));
#2253=EDGE_LOOP('',(#955,#956,#957,#958));
#2254=EDGE_LOOP('',(#959,#960,#961,#962));
#2255=EDGE_LOOP('',(#963,#964,#965,#966));
#2256=EDGE_LOOP('',(#967,#968,#969,#970));
#2257=EDGE_LOOP('',(#971,#972,#973,#974));
#2258=EDGE_LOOP('',(#975,#976,#977,#978));
#2259=EDGE_LOOP('',(#979,#980,#981,#982));
#2260=EDGE_LOOP('',(#983,#984,#985,#986));
#2261=EDGE_LOOP('',(#987,#988,#989,#990));
#2262=EDGE_LOOP('',(#991,#992));
#2263=EDGE_LOOP('',(#993,#994,#995,#996));
#2264=EDGE_LOOP('',(#997,#998,#999,#1000,#1001,#1002));
#2265=EDGE_LOOP('',(#1003,#1004,#1005,#1006));
#2266=EDGE_LOOP('',(#1007,#1008,#1009,#1010,#1011,#1012));
#2267=EDGE_LOOP('',(#1013,#1014,#1015,#1016));
#2268=EDGE_LOOP('',(#1017,#1018,#1019,#1020));
#2269=EDGE_LOOP('',(#1021,#1022,#1023,#1024));
#2270=EDGE_LOOP('',(#1025,#1026,#1027,#1028,#1029,#1030,#1031,#1032));
#2271=EDGE_LOOP('',(#1033,#1034,#1035,#1036,#1037,#1038,#1039));
#2272=EDGE_LOOP('',(#1040,#1041,#1042,#1043));
#2273=EDGE_LOOP('',(#1044,#1045,#1046,#1047));
#2274=EDGE_LOOP('',(#1048,#1049,#1050,#1051));
#2275=EDGE_LOOP('',(#1052,#1053,#1054,#1055));
#2276=EDGE_LOOP('',(#1056,#1057,#1058,#1059));
#2277=EDGE_LOOP('',(#1060,#1061,#1062,#1063,#1064));
#2278=EDGE_LOOP('',(#1065,#1066,#1067,#1068,#1069,#1070));
#2279=EDGE_LOOP('',(#1071,#1072,#1073,#1074,#1075,#1076));
#2280=EDGE_LOOP('',(#1077,#1078,#1079,#1080));
#2281=EDGE_LOOP('',(#1081,#1082,#1083,#1084));
#2282=EDGE_LOOP('',(#1085,#1086,#1087,#1088));
#2283=EDGE_LOOP('',(#1089,#1090,#1091,#1092));
#2284=EDGE_LOOP('',(#1093,#1094,#1095));
#2285=EDGE_LOOP('',(#1096,#1097,#1098));
#2286=EDGE_LOOP('',(#1099,#1100,#1101));
#2287=EDGE_LOOP('',(#1102,#1103,#1104));
#2288=EDGE_LOOP('',(#1105,#1106,#1107,#1108));
#2289=EDGE_LOOP('',(#1109,#1110,#1111,#1112));
#2290=EDGE_LOOP('',(#1113,#1114,#1115,#1116));
#2291=EDGE_LOOP('',(#1117,#1118,#1119,#1120));
#2292=EDGE_LOOP('',(#1121,#1122,#1123,#1124,#1125,#1126));
#2293=EDGE_LOOP('',(#1127));
#2294=EDGE_LOOP('',(#1128));
#2295=EDGE_LOOP('',(#1129,#1130,#1131,#1132,#1133,#1134));
#2296=EDGE_LOOP('',(#1135,#1136,#1137,#1138,#1139,#1140,#1141,#1142));
#2297=EDGE_LOOP('',(#1143,#1144,#1145,#1146,#1147,#1148,#1149,#1150));
#2298=EDGE_LOOP('',(#1151,#1152,#1153,#1154));
#2299=EDGE_LOOP('',(#1155,#1156,#1157));
#2300=EDGE_LOOP('',(#1158,#1159,#1160));
#2301=EDGE_LOOP('',(#1161));
#2302=EDGE_LOOP('',(#1162,#1163,#1164,#1165,#1166,#1167,#1168,#1169,#1170,
#1171));
#2303=EDGE_LOOP('',(#1172,#1173,#1174,#1175,#1176));
#2304=EDGE_LOOP('',(#1177));
#2305=EDGE_LOOP('',(#1178,#1179,#1180,#1181,#1182,#1183,#1184,#1185,#1186,
#1187));
#2306=EDGE_LOOP('',(#1188,#1189,#1190,#1191));
#2307=EDGE_LOOP('',(#1192,#1193,#1194,#1195));
#2308=EDGE_LOOP('',(#1196,#1197,#1198,#1199));
#2309=EDGE_LOOP('',(#1200,#1201,#1202,#1203));
#2310=EDGE_LOOP('',(#1204,#1205,#1206,#1207));
#2311=EDGE_LOOP('',(#1208,#1209,#1210));
#2312=EDGE_LOOP('',(#1211,#1212,#1213));
#2313=EDGE_LOOP('',(#1214));
#2314=EDGE_LOOP('',(#1215,#1216,#1217,#1218));
#2315=EDGE_LOOP('',(#1219,#1220,#1221,#1222,#1223,#1224,#1225,#1226));
#2316=EDGE_LOOP('',(#1227,#1228,#1229,#1230,#1231,#1232,#1233,#1234));
#2317=EDGE_LOOP('',(#1235));
#2318=EDGE_LOOP('',(#1236,#1237,#1238));
#2319=EDGE_LOOP('',(#1239,#1240,#1241,#1242));
#2320=EDGE_LOOP('',(#1243,#1244,#1245));
#2321=EDGE_LOOP('',(#1246,#1247,#1248,#1249));
#2322=EDGE_LOOP('',(#1250,#1251,#1252));
#2323=EDGE_LOOP('',(#1253,#1254,#1255));
#2324=EDGE_LOOP('',(#1256,#1257,#1258,#1259,#1260,#1261));
#2325=EDGE_LOOP('',(#1262,#1263,#1264,#1265));
#2326=EDGE_LOOP('',(#1266,#1267,#1268,#1269,#1270,#1271));
#2327=EDGE_LOOP('',(#1272,#1273,#1274,#1275));
#2328=EDGE_LOOP('',(#1276,#1277,#1278,#1279));
#2329=EDGE_LOOP('',(#1280,#1281,#1282,#1283));
#2330=EDGE_LOOP('',(#1284,#1285,#1286,#1287));
#2331=EDGE_LOOP('',(#1288,#1289,#1290,#1291));
#2332=EDGE_LOOP('',(#1292,#1293,#1294,#1295));
#2333=EDGE_LOOP('',(#1296,#1297,#1298,#1299));
#2334=EDGE_LOOP('',(#1300,#1301,#1302,#1303));
#2335=EDGE_LOOP('',(#1304,#1305,#1306));
#2336=EDGE_LOOP('',(#1307,#1308,#1309,#1310,#1311,#1312));
#2337=EDGE_LOOP('',(#1313));
#2338=EDGE_LOOP('',(#1314,#1315,#1316));
#2339=EDGE_LOOP('',(#1317,#1318,#1319));
#2340=EDGE_LOOP('',(#1320));
#2341=EDGE_LOOP('',(#1321));
#2342=EDGE_LOOP('',(#1322));
#2343=EDGE_LOOP('',(#1323));
#2344=EDGE_LOOP('',(#1324));
#2345=EDGE_LOOP('',(#1325));
#2346=EDGE_LOOP('',(#1326));
#2347=EDGE_LOOP('',(#1327));
#2348=EDGE_LOOP('',(#1328));
#2349=EDGE_LOOP('',(#1329));
#2350=EDGE_LOOP('',(#1330));
#2351=EDGE_LOOP('',(#1331));
#2352=EDGE_LOOP('',(#1332));
#2353=EDGE_LOOP('',(#1333));
#2354=EDGE_LOOP('',(#1334));
#2355=EDGE_LOOP('',(#1335,#1336,#1337));
#2356=EDGE_LOOP('',(#1338,#1339));
#2357=EDGE_LOOP('',(#1340));
#2358=EDGE_LOOP('',(#1341,#1342,#1343,#1344));
#2359=EDGE_LOOP('',(#1345,#1346,#1347,#1348));
#2360=EDGE_LOOP('',(#1349,#1350,#1351));
#2361=EDGE_LOOP('',(#1352,#1353,#1354,#1355,#1356,#1357));
#2362=EDGE_LOOP('',(#1358));
#2363=EDGE_LOOP('',(#1359,#1360,#1361));
#2364=EDGE_LOOP('',(#1362,#1363,#1364));
#2365=EDGE_LOOP('',(#1365));
#2366=EDGE_LOOP('',(#1366));
#2367=EDGE_LOOP('',(#1367));
#2368=EDGE_LOOP('',(#1368));
#2369=EDGE_LOOP('',(#1369));
#2370=EDGE_LOOP('',(#1370));
#2371=EDGE_LOOP('',(#1371));
#2372=EDGE_LOOP('',(#1372));
#2373=EDGE_LOOP('',(#1373));
#2374=EDGE_LOOP('',(#1374));
#2375=EDGE_LOOP('',(#1375));
#2376=EDGE_LOOP('',(#1376));
#2377=EDGE_LOOP('',(#1377));
#2378=EDGE_LOOP('',(#1378));
#2379=EDGE_LOOP('',(#1379));
#2380=EDGE_LOOP('',(#1380,#1381,#1382));
#2381=EDGE_LOOP('',(#1383,#1384));
#2382=EDGE_LOOP('',(#1385));
#2383=EDGE_LOOP('',(#1386,#1387,#1388,#1389));
#2384=EDGE_LOOP('',(#1390,#1391,#1392,#1393));
#2385=EDGE_LOOP('',(#1394,#1395,#1396,#1397));
#2386=EDGE_LOOP('',(#1398,#1399,#1400,#1401));
#2387=EDGE_LOOP('',(#1402,#1403,#1404,#1405));
#2388=EDGE_LOOP('',(#1406,#1407,#1408,#1409));
#2389=EDGE_LOOP('',(#1410,#1411,#1412,#1413));
#2390=EDGE_LOOP('',(#1414,#1415,#1416,#1417,#1418));
#2391=FACE_BOUND('',#2171,.T.);
#2392=FACE_BOUND('',#2172,.T.);
#2393=FACE_BOUND('',#2173,.T.);
#2394=FACE_BOUND('',#2174,.T.);
#2395=FACE_BOUND('',#2175,.T.);
#2396=FACE_BOUND('',#2176,.T.);
#2397=FACE_BOUND('',#2177,.T.);
#2398=FACE_BOUND('',#2178,.T.);
#2399=FACE_BOUND('',#2179,.T.);
#2400=FACE_BOUND('',#2180,.T.);
#2401=FACE_BOUND('',#2181,.T.);
#2402=FACE_BOUND('',#2182,.T.);
#2403=FACE_BOUND('',#2183,.T.);
#2404=FACE_BOUND('',#2184,.T.);
#2405=FACE_BOUND('',#2185,.T.);
#2406=FACE_BOUND('',#2186,.T.);
#2407=FACE_BOUND('',#2187,.T.);
#2408=FACE_BOUND('',#2188,.T.);
#2409=FACE_BOUND('',#2189,.T.);
#2410=FACE_BOUND('',#2190,.T.);
#2411=FACE_BOUND('',#2191,.T.);
#2412=FACE_BOUND('',#2192,.T.);
#2413=FACE_BOUND('',#2193,.T.);
#2414=FACE_BOUND('',#2194,.T.);
#2415=FACE_BOUND('',#2195,.T.);
#2416=FACE_BOUND('',#2196,.T.);
#2417=FACE_BOUND('',#2197,.T.);
#2418=FACE_BOUND('',#2198,.T.);
#2419=FACE_BOUND('',#2199,.T.);
#2420=FACE_BOUND('',#2200,.T.);
#2421=FACE_BOUND('',#2201,.T.);
#2422=FACE_BOUND('',#2202,.T.);
#2423=FACE_BOUND('',#2203,.T.);
#2424=FACE_BOUND('',#2204,.T.);
#2425=FACE_BOUND('',#2205,.T.);
#2426=FACE_BOUND('',#2206,.T.);
#2427=FACE_BOUND('',#2207,.T.);
#2428=FACE_BOUND('',#2208,.T.);
#2429=FACE_BOUND('',#2209,.T.);
#2430=FACE_BOUND('',#2210,.T.);
#2431=FACE_BOUND('',#2211,.T.);
#2432=FACE_BOUND('',#2212,.T.);
#2433=FACE_BOUND('',#2213,.T.);
#2434=FACE_BOUND('',#2214,.T.);
#2435=FACE_BOUND('',#2215,.T.);
#2436=FACE_BOUND('',#2216,.T.);
#2437=FACE_BOUND('',#2217,.T.);
#2438=FACE_BOUND('',#2218,.T.);
#2439=FACE_BOUND('',#2219,.T.);
#2440=FACE_BOUND('',#2220,.T.);
#2441=FACE_BOUND('',#2221,.T.);
#2442=FACE_BOUND('',#2222,.T.);
#2443=FACE_BOUND('',#2223,.T.);
#2444=FACE_BOUND('',#2224,.T.);
#2445=FACE_BOUND('',#2225,.T.);
#2446=FACE_BOUND('',#2226,.T.);
#2447=FACE_BOUND('',#2227,.T.);
#2448=FACE_BOUND('',#2228,.T.);
#2449=FACE_BOUND('',#2229,.T.);
#2450=FACE_BOUND('',#2230,.T.);
#2451=FACE_BOUND('',#2231,.T.);
#2452=FACE_BOUND('',#2232,.T.);
#2453=FACE_BOUND('',#2233,.T.);
#2454=FACE_BOUND('',#2234,.T.);
#2455=FACE_BOUND('',#2235,.T.);
#2456=FACE_BOUND('',#2236,.T.);
#2457=FACE_BOUND('',#2237,.T.);
#2458=FACE_BOUND('',#2238,.T.);
#2459=FACE_BOUND('',#2239,.T.);
#2460=FACE_BOUND('',#2240,.T.);
#2461=FACE_BOUND('',#2241,.T.);
#2462=FACE_BOUND('',#2242,.T.);
#2463=FACE_BOUND('',#2243,.T.);
#2464=FACE_BOUND('',#2244,.T.);
#2465=FACE_BOUND('',#2245,.T.);
#2466=FACE_BOUND('',#2246,.T.);
#2467=FACE_BOUND('',#2247,.T.);
#2468=FACE_BOUND('',#2248,.T.);
#2469=FACE_BOUND('',#2249,.T.);
#2470=FACE_BOUND('',#2250,.T.);
#2471=FACE_BOUND('',#2251,.T.);
#2472=FACE_BOUND('',#2252,.T.);
#2473=FACE_BOUND('',#2253,.T.);
#2474=FACE_BOUND('',#2254,.T.);
#2475=FACE_BOUND('',#2255,.T.);
#2476=FACE_BOUND('',#2256,.T.);
#2477=FACE_BOUND('',#2257,.T.);
#2478=FACE_BOUND('',#2258,.T.);
#2479=FACE_BOUND('',#2259,.T.);
#2480=FACE_BOUND('',#2260,.T.);
#2481=FACE_BOUND('',#2261,.T.);
#2482=FACE_BOUND('',#2262,.T.);
#2483=FACE_BOUND('',#2263,.T.);
#2484=FACE_BOUND('',#2264,.T.);
#2485=FACE_BOUND('',#2265,.T.);
#2486=FACE_BOUND('',#2266,.T.);
#2487=FACE_BOUND('',#2267,.T.);
#2488=FACE_BOUND('',#2268,.T.);
#2489=FACE_BOUND('',#2269,.T.);
#2490=FACE_BOUND('',#2270,.T.);
#2491=FACE_BOUND('',#2271,.T.);
#2492=FACE_BOUND('',#2272,.T.);
#2493=FACE_BOUND('',#2273,.T.);
#2494=FACE_BOUND('',#2274,.T.);
#2495=FACE_BOUND('',#2275,.T.);
#2496=FACE_BOUND('',#2276,.T.);
#2497=FACE_BOUND('',#2277,.T.);
#2498=FACE_BOUND('',#2278,.T.);
#2499=FACE_BOUND('',#2279,.T.);
#2500=FACE_BOUND('',#2280,.T.);
#2501=FACE_BOUND('',#2281,.T.);
#2502=FACE_BOUND('',#2282,.T.);
#2503=FACE_BOUND('',#2283,.T.);
#2504=FACE_BOUND('',#2284,.T.);
#2505=FACE_BOUND('',#2285,.T.);
#2506=FACE_BOUND('',#2286,.T.);
#2507=FACE_BOUND('',#2287,.T.);
#2508=FACE_BOUND('',#2288,.T.);
#2509=FACE_BOUND('',#2289,.T.);
#2510=FACE_BOUND('',#2290,.T.);
#2511=FACE_BOUND('',#2291,.T.);
#2512=FACE_BOUND('',#2292,.T.);
#2513=FACE_BOUND('',#2293,.T.);
#2514=FACE_BOUND('',#2294,.T.);
#2515=FACE_BOUND('',#2295,.T.);
#2516=FACE_BOUND('',#2296,.T.);
#2517=FACE_BOUND('',#2297,.T.);
#2518=FACE_BOUND('',#2298,.T.);
#2519=FACE_BOUND('',#2299,.T.);
#2520=FACE_BOUND('',#2300,.T.);
#2521=FACE_BOUND('',#2301,.T.);
#2522=FACE_BOUND('',#2302,.T.);
#2523=FACE_BOUND('',#2303,.T.);
#2524=FACE_BOUND('',#2304,.T.);
#2525=FACE_BOUND('',#2305,.T.);
#2526=FACE_BOUND('',#2306,.T.);
#2527=FACE_BOUND('',#2307,.T.);
#2528=FACE_BOUND('',#2308,.T.);
#2529=FACE_BOUND('',#2309,.T.);
#2530=FACE_BOUND('',#2310,.T.);
#2531=FACE_BOUND('',#2311,.T.);
#2532=FACE_BOUND('',#2312,.T.);
#2533=FACE_BOUND('',#2313,.T.);
#2534=FACE_BOUND('',#2314,.T.);
#2535=FACE_BOUND('',#2315,.T.);
#2536=FACE_BOUND('',#2316,.T.);
#2537=FACE_BOUND('',#2317,.T.);
#2538=FACE_BOUND('',#2318,.T.);
#2539=FACE_BOUND('',#2319,.T.);
#2540=FACE_BOUND('',#2320,.T.);
#2541=FACE_BOUND('',#2321,.T.);
#2542=FACE_BOUND('',#2322,.T.);
#2543=FACE_BOUND('',#2323,.T.);
#2544=FACE_BOUND('',#2324,.T.);
#2545=FACE_BOUND('',#2325,.T.);
#2546=FACE_BOUND('',#2326,.T.);
#2547=FACE_BOUND('',#2327,.T.);
#2548=FACE_BOUND('',#2328,.T.);
#2549=FACE_BOUND('',#2329,.T.);
#2550=FACE_BOUND('',#2330,.T.);
#2551=FACE_BOUND('',#2331,.T.);
#2552=FACE_BOUND('',#2332,.T.);
#2553=FACE_BOUND('',#2333,.T.);
#2554=FACE_BOUND('',#2334,.T.);
#2555=FACE_BOUND('',#2335,.T.);
#2556=FACE_BOUND('',#2336,.T.);
#2557=FACE_BOUND('',#2337,.T.);
#2558=FACE_BOUND('',#2338,.T.);
#2559=FACE_BOUND('',#2339,.T.);
#2560=FACE_BOUND('',#2340,.T.);
#2561=FACE_BOUND('',#2341,.T.);
#2562=FACE_BOUND('',#2342,.T.);
#2563=FACE_BOUND('',#2343,.T.);
#2564=FACE_BOUND('',#2344,.T.);
#2565=FACE_BOUND('',#2345,.T.);
#2566=FACE_BOUND('',#2346,.T.);
#2567=FACE_BOUND('',#2347,.T.);
#2568=FACE_BOUND('',#2348,.T.);
#2569=FACE_BOUND('',#2349,.T.);
#2570=FACE_BOUND('',#2350,.T.);
#2571=FACE_BOUND('',#2351,.T.);
#2572=FACE_BOUND('',#2352,.T.);
#2573=FACE_BOUND('',#2353,.T.);
#2574=FACE_BOUND('',#2354,.T.);
#2575=FACE_BOUND('',#2355,.T.);
#2576=FACE_BOUND('',#2356,.T.);
#2577=FACE_BOUND('',#2357,.T.);
#2578=FACE_BOUND('',#2358,.T.);
#2579=FACE_BOUND('',#2359,.T.);
#2580=FACE_BOUND('',#2360,.T.);
#2581=FACE_BOUND('',#2361,.T.);
#2582=FACE_BOUND('',#2362,.T.);
#2583=FACE_BOUND('',#2363,.T.);
#2584=FACE_BOUND('',#2364,.T.);
#2585=FACE_BOUND('',#2365,.T.);
#2586=FACE_BOUND('',#2366,.T.);
#2587=FACE_BOUND('',#2367,.T.);
#2588=FACE_BOUND('',#2368,.T.);
#2589=FACE_BOUND('',#2369,.T.);
#2590=FACE_BOUND('',#2370,.T.);
#2591=FACE_BOUND('',#2371,.T.);
#2592=FACE_BOUND('',#2372,.T.);
#2593=FACE_BOUND('',#2373,.T.);
#2594=FACE_BOUND('',#2374,.T.);
#2595=FACE_BOUND('',#2375,.T.);
#2596=FACE_BOUND('',#2376,.T.);
#2597=FACE_BOUND('',#2377,.T.);
#2598=FACE_BOUND('',#2378,.T.);
#2599=FACE_BOUND('',#2379,.T.);
#2600=FACE_BOUND('',#2380,.T.);
#2601=FACE_BOUND('',#2381,.T.);
#2602=FACE_BOUND('',#2382,.T.);
#2603=FACE_BOUND('',#2383,.T.);
#2604=FACE_BOUND('',#2384,.T.);
#2605=FACE_BOUND('',#2385,.T.);
#2606=FACE_BOUND('',#2386,.T.);
#2607=FACE_BOUND('',#2387,.T.);
#2608=FACE_BOUND('',#2388,.T.);
#2609=FACE_BOUND('',#2389,.T.);
#2610=FACE_BOUND('',#2390,.T.);
#2611=PLANE('',#3952);
#2612=PLANE('',#3953);
#2613=PLANE('',#3956);
#2614=PLANE('',#3973);
#2615=PLANE('',#3974);
#2616=PLANE('',#3975);
#2617=PLANE('',#3976);
#2618=PLANE('',#3977);
#2619=PLANE('',#3978);
#2620=PLANE('',#3979);
#2621=PLANE('',#3980);
#2622=PLANE('',#3981);
#2623=PLANE('',#3982);
#2624=PLANE('',#3983);
#2625=PLANE('',#3984);
#2626=PLANE('',#3985);
#2627=PLANE('',#3988);
#2628=PLANE('',#3989);
#2629=PLANE('',#3990);
#2630=PLANE('',#3991);
#2631=PLANE('',#3992);
#2632=PLANE('',#3993);
#2633=PLANE('',#3994);
#2634=PLANE('',#3995);
#2635=PLANE('',#3996);
#2636=PLANE('',#3997);
#2637=PLANE('',#3998);
#2638=PLANE('',#3999);
#2639=PLANE('',#4000);
#2640=PLANE('',#4001);
#2641=PLANE('',#4002);
#2642=PLANE('',#4003);
#2643=PLANE('',#4004);
#2644=PLANE('',#4005);
#2645=PLANE('',#4006);
#2646=PLANE('',#4007);
#2647=PLANE('',#4008);
#2648=PLANE('',#4009);
#2649=PLANE('',#4013);
#2650=PLANE('',#4017);
#2651=PLANE('',#4018);
#2652=PLANE('',#4020);
#2653=PLANE('',#4023);
#2654=PLANE('',#4024);
#2655=PLANE('',#4025);
#2656=PLANE('',#4026);
#2657=PLANE('',#4027);
#2658=PLANE('',#4028);
#2659=PLANE('',#4029);
#2660=PLANE('',#4030);
#2661=PLANE('',#4031);
#2662=PLANE('',#4032);
#2663=PLANE('',#4033);
#2664=PLANE('',#4035);
#2665=PLANE('',#4036);
#2666=PLANE('',#4038);
#2667=PLANE('',#4039);
#2668=PLANE('',#4041);
#2669=PLANE('',#4042);
#2670=PLANE('',#4043);
#2671=PLANE('',#4044);
#2672=PLANE('',#4045);
#2673=PLANE('',#4046);
#2674=PLANE('',#4048);
#2675=PLANE('',#4049);
#2676=PLANE('',#4051);
#2677=PLANE('',#4053);
#2678=PLANE('',#4055);
#2679=PLANE('',#4057);
#2680=PLANE('',#4059);
#2681=PLANE('',#4060);
#2682=PLANE('',#4069);
#2683=PLANE('',#4070);
#2684=PLANE('',#4071);
#2685=PLANE('',#4072);
#2686=PLANE('',#4076);
#2687=PLANE('',#4080);
#2688=PLANE('',#4081);
#2689=PLANE('',#4082);
#2690=PLANE('',#4083);
#2691=PLANE('',#4084);
#2692=PLANE('',#4085);
#2693=PLANE('',#4088);
#2694=PLANE('',#4091);
#2695=PLANE('',#4094);
#2696=PLANE('',#4095);
#2697=PLANE('',#4096);
#2698=PLANE('',#4097);
#2699=PLANE('',#4098);
#2700=PLANE('',#4099);
#2701=PLANE('',#4100);
#2702=PLANE('',#4101);
#2703=PLANE('',#4102);
#2704=PLANE('',#4103);
#2705=PLANE('',#4104);
#2706=PLANE('',#4105);
#2707=PLANE('',#4106);
#2708=PLANE('',#4113);
#2709=PLANE('',#4114);
#2710=PLANE('',#4116);
#2711=PLANE('',#4120);
#2712=PLANE('',#4123);
#2713=PLANE('',#4124);
#2714=PLANE('',#4125);
#2715=PLANE('',#4128);
#2716=PLANE('',#4135);
#2717=PLANE('',#4136);
#2718=PLANE('',#4138);
#2719=PLANE('',#4142);
#2720=PLANE('',#4145);
#2721=PLANE('',#4146);
#2722=PLANE('',#4147);
#2723=PLANE('',#4150);
#2724=PLANE('',#4151);
#2725=PLANE('',#4152);
#2726=PLANE('',#4153);
#2727=PLANE('',#4154);
#2728=PLANE('',#4155);
#2729=PLANE('',#4156);
#2730=OVER_RIDING_STYLED_ITEM('',(#3058),#2873,#3054);
#2731=OVER_RIDING_STYLED_ITEM('',(#3059),#2874,#3054);
#2732=OVER_RIDING_STYLED_ITEM('',(#3060),#2875,#3054);
#2733=OVER_RIDING_STYLED_ITEM('',(#3061),#2876,#3054);
#2734=OVER_RIDING_STYLED_ITEM('',(#3062),#2877,#3054);
#2735=OVER_RIDING_STYLED_ITEM('',(#3063),#2878,#3054);
#2736=OVER_RIDING_STYLED_ITEM('',(#3064),#2879,#3054);
#2737=OVER_RIDING_STYLED_ITEM('',(#3065),#2880,#3054);
#2738=OVER_RIDING_STYLED_ITEM('',(#3066),#2881,#3054);
#2739=OVER_RIDING_STYLED_ITEM('',(#3067),#2882,#3054);
#2740=OVER_RIDING_STYLED_ITEM('',(#3068),#2883,#3054);
#2741=OVER_RIDING_STYLED_ITEM('',(#3069),#2884,#3054);
#2742=OVER_RIDING_STYLED_ITEM('',(#3070),#2885,#3054);
#2743=OVER_RIDING_STYLED_ITEM('',(#3071),#2886,#3054);
#2744=OVER_RIDING_STYLED_ITEM('',(#3072),#2887,#3054);
#2745=OVER_RIDING_STYLED_ITEM('',(#3073),#2888,#3054);
#2746=OVER_RIDING_STYLED_ITEM('',(#3074),#2889,#3054);
#2747=OVER_RIDING_STYLED_ITEM('',(#3075),#2890,#3054);
#2748=OVER_RIDING_STYLED_ITEM('',(#3076),#2891,#3054);
#2749=OVER_RIDING_STYLED_ITEM('',(#3077),#2892,#3054);
#2750=OVER_RIDING_STYLED_ITEM('',(#3078),#2893,#3054);
#2751=OVER_RIDING_STYLED_ITEM('',(#3079),#2894,#3054);
#2752=OVER_RIDING_STYLED_ITEM('',(#3080),#2895,#3054);
#2753=OVER_RIDING_STYLED_ITEM('',(#3081),#2896,#3054);
#2754=OVER_RIDING_STYLED_ITEM('',(#3082),#2897,#3054);
#2755=OVER_RIDING_STYLED_ITEM('',(#3083),#2898,#3054);
#2756=OVER_RIDING_STYLED_ITEM('',(#3084),#2899,#3054);
#2757=OVER_RIDING_STYLED_ITEM('',(#3085),#2900,#3054);
#2758=OVER_RIDING_STYLED_ITEM('',(#3086),#2901,#3054);
#2759=OVER_RIDING_STYLED_ITEM('',(#3087),#2902,#3054);
#2760=OVER_RIDING_STYLED_ITEM('',(#3088),#2903,#3054);
#2761=OVER_RIDING_STYLED_ITEM('',(#3089),#2904,#3054);
#2762=OVER_RIDING_STYLED_ITEM('',(#3090),#2905,#3054);
#2763=OVER_RIDING_STYLED_ITEM('',(#3091),#2906,#3054);
#2764=OVER_RIDING_STYLED_ITEM('',(#3092),#2907,#3054);
#2765=OVER_RIDING_STYLED_ITEM('',(#3093),#2908,#3054);
#2766=OVER_RIDING_STYLED_ITEM('',(#3094),#2909,#3054);
#2767=OVER_RIDING_STYLED_ITEM('',(#3095),#2910,#3054);
#2768=OVER_RIDING_STYLED_ITEM('',(#3096),#2911,#3054);
#2769=OVER_RIDING_STYLED_ITEM('',(#3097),#2912,#3054);
#2770=OVER_RIDING_STYLED_ITEM('',(#3098),#2913,#3054);
#2771=OVER_RIDING_STYLED_ITEM('',(#3099),#2914,#3054);
#2772=OVER_RIDING_STYLED_ITEM('',(#3100),#2915,#3054);
#2773=OVER_RIDING_STYLED_ITEM('',(#3101),#2916,#3054);
#2774=OVER_RIDING_STYLED_ITEM('',(#3102),#2917,#3054);
#2775=OVER_RIDING_STYLED_ITEM('',(#3103),#2918,#3054);
#2776=OVER_RIDING_STYLED_ITEM('',(#3104),#2919,#3054);
#2777=OVER_RIDING_STYLED_ITEM('',(#3105),#2920,#3054);
#2778=OVER_RIDING_STYLED_ITEM('',(#3106),#2927,#3054);
#2779=OVER_RIDING_STYLED_ITEM('',(#3107),#2928,#3054);
#2780=OVER_RIDING_STYLED_ITEM('',(#3108),#2935,#3054);
#2781=OVER_RIDING_STYLED_ITEM('',(#3109),#2944,#3054);
#2782=OVER_RIDING_STYLED_ITEM('',(#3110),#2949,#3054);
#2783=OVER_RIDING_STYLED_ITEM('',(#3112),#2950,#3055);
#2784=OVER_RIDING_STYLED_ITEM('',(#3113),#2951,#3055);
#2785=OVER_RIDING_STYLED_ITEM('',(#3114),#2952,#3055);
#2786=OVER_RIDING_STYLED_ITEM('',(#3115),#2953,#3055);
#2787=OVER_RIDING_STYLED_ITEM('',(#3116),#2954,#3055);
#2788=OVER_RIDING_STYLED_ITEM('',(#3117),#2955,#3055);
#2789=OVER_RIDING_STYLED_ITEM('',(#3118),#2956,#3055);
#2790=OVER_RIDING_STYLED_ITEM('',(#3119),#2957,#3055);
#2791=OVER_RIDING_STYLED_ITEM('',(#3120),#2958,#3055);
#2792=OVER_RIDING_STYLED_ITEM('',(#3121),#2959,#3055);
#2793=OVER_RIDING_STYLED_ITEM('',(#3123),#2966,#3056);
#2794=OVER_RIDING_STYLED_ITEM('',(#3124),#2967,#3056);
#2795=OVER_RIDING_STYLED_ITEM('',(#3125),#2968,#3056);
#2796=OVER_RIDING_STYLED_ITEM('',(#3126),#2969,#3056);
#2797=OVER_RIDING_STYLED_ITEM('',(#3127),#2970,#3056);
#2798=OVER_RIDING_STYLED_ITEM('',(#3128),#2971,#3056);
#2799=OVER_RIDING_STYLED_ITEM('',(#3129),#2972,#3056);
#2800=OVER_RIDING_STYLED_ITEM('',(#3130),#2973,#3056);
#2801=OVER_RIDING_STYLED_ITEM('',(#3131),#2974,#3056);
#2802=OVER_RIDING_STYLED_ITEM('',(#3132),#2975,#3056);
#2803=OVER_RIDING_STYLED_ITEM('',(#3133),#2976,#3056);
#2804=OVER_RIDING_STYLED_ITEM('',(#3134),#2977,#3056);
#2805=OVER_RIDING_STYLED_ITEM('',(#3135),#2978,#3056);
#2806=OVER_RIDING_STYLED_ITEM('',(#3136),#2979,#3056);
#2807=OVER_RIDING_STYLED_ITEM('',(#3137),#2980,#3056);
#2808=OVER_RIDING_STYLED_ITEM('',(#3138),#2981,#3056);
#2809=OVER_RIDING_STYLED_ITEM('',(#3139),#2982,#3056);
#2810=OVER_RIDING_STYLED_ITEM('',(#3140),#2983,#3056);
#2811=OVER_RIDING_STYLED_ITEM('',(#3141),#2984,#3056);
#2812=OVER_RIDING_STYLED_ITEM('',(#3142),#2985,#3056);
#2813=OVER_RIDING_STYLED_ITEM('',(#3143),#2986,#3056);
#2814=OVER_RIDING_STYLED_ITEM('',(#3144),#2987,#3056);
#2815=OVER_RIDING_STYLED_ITEM('',(#3145),#2988,#3056);
#2816=OVER_RIDING_STYLED_ITEM('',(#3146),#2989,#3056);
#2817=OVER_RIDING_STYLED_ITEM('',(#3147),#2990,#3056);
#2818=OVER_RIDING_STYLED_ITEM('',(#3148),#2991,#3056);
#2819=OVER_RIDING_STYLED_ITEM('',(#3149),#2992,#3056);
#2820=OVER_RIDING_STYLED_ITEM('',(#3150),#2993,#3056);
#2821=OVER_RIDING_STYLED_ITEM('',(#3151),#2994,#3056);
#2822=OVER_RIDING_STYLED_ITEM('',(#3152),#2995,#3056);
#2823=OVER_RIDING_STYLED_ITEM('',(#3153),#2996,#3056);
#2824=OVER_RIDING_STYLED_ITEM('',(#3154),#2997,#3056);
#2825=OVER_RIDING_STYLED_ITEM('',(#3155),#2998,#3056);
#2826=OVER_RIDING_STYLED_ITEM('',(#3156),#2999,#3056);
#2827=OVER_RIDING_STYLED_ITEM('',(#3157),#3000,#3056);
#2828=OVER_RIDING_STYLED_ITEM('',(#3158),#3001,#3056);
#2829=OVER_RIDING_STYLED_ITEM('',(#3159),#3002,#3056);
#2830=OVER_RIDING_STYLED_ITEM('',(#3160),#3003,#3056);
#2831=OVER_RIDING_STYLED_ITEM('',(#3161),#3004,#3056);
#2832=OVER_RIDING_STYLED_ITEM('',(#3162),#3005,#3056);
#2833=OVER_RIDING_STYLED_ITEM('',(#3163),#3006,#3056);
#2834=OVER_RIDING_STYLED_ITEM('',(#3164),#3007,#3056);
#2835=OVER_RIDING_STYLED_ITEM('',(#3165),#3008,#3056);
#2836=OVER_RIDING_STYLED_ITEM('',(#3166),#3009,#3056);
#2837=OVER_RIDING_STYLED_ITEM('',(#3167),#3010,#3056);
#2838=OVER_RIDING_STYLED_ITEM('',(#3168),#3011,#3056);
#2839=OVER_RIDING_STYLED_ITEM('',(#3169),#3012,#3056);
#2840=OVER_RIDING_STYLED_ITEM('',(#3170),#3013,#3056);
#2841=OVER_RIDING_STYLED_ITEM('',(#3171),#3014,#3056);
#2842=OVER_RIDING_STYLED_ITEM('',(#3172),#3015,#3056);
#2843=OVER_RIDING_STYLED_ITEM('',(#3173),#3016,#3056);
#2844=OVER_RIDING_STYLED_ITEM('',(#3174),#3017,#3056);
#2845=OVER_RIDING_STYLED_ITEM('',(#3175),#3018,#3056);
#2846=OVER_RIDING_STYLED_ITEM('',(#3176),#3019,#3056);
#2847=OVER_RIDING_STYLED_ITEM('',(#3177),#3020,#3056);
#2848=OVER_RIDING_STYLED_ITEM('',(#3178),#3021,#3056);
#2849=OVER_RIDING_STYLED_ITEM('',(#3179),#3022,#3056);
#2850=OVER_RIDING_STYLED_ITEM('',(#3180),#3023,#3056);
#2851=OVER_RIDING_STYLED_ITEM('',(#3181),#3024,#3056);
#2852=OVER_RIDING_STYLED_ITEM('',(#3182),#3025,#3056);
#2853=OVER_RIDING_STYLED_ITEM('',(#3183),#3026,#3056);
#2854=OVER_RIDING_STYLED_ITEM('',(#3184),#3027,#3056);
#2855=OVER_RIDING_STYLED_ITEM('',(#3185),#3028,#3056);
#2856=OVER_RIDING_STYLED_ITEM('',(#3186),#3029,#3056);
#2857=OVER_RIDING_STYLED_ITEM('',(#3187),#3030,#3056);
#2858=OVER_RIDING_STYLED_ITEM('',(#3188),#3031,#3056);
#2859=OVER_RIDING_STYLED_ITEM('',(#3189),#3032,#3056);
#2860=OVER_RIDING_STYLED_ITEM('',(#3190),#3033,#3056);
#2861=OVER_RIDING_STYLED_ITEM('',(#3191),#3034,#3056);
#2862=OVER_RIDING_STYLED_ITEM('',(#3192),#3035,#3056);
#2863=OVER_RIDING_STYLED_ITEM('',(#3193),#3036,#3056);
#2864=OVER_RIDING_STYLED_ITEM('',(#3194),#3037,#3056);
#2865=OVER_RIDING_STYLED_ITEM('',(#3195),#3038,#3056);
#2866=OVER_RIDING_STYLED_ITEM('',(#3196),#3039,#3056);
#2867=OVER_RIDING_STYLED_ITEM('',(#3197),#3040,#3056);
#2868=OVER_RIDING_STYLED_ITEM('',(#3198),#3041,#3056);
#2869=OVER_RIDING_STYLED_ITEM('',(#3199),#3042,#3056);
#2870=OVER_RIDING_STYLED_ITEM('',(#3200),#3043,#3056);
#2871=OVER_RIDING_STYLED_ITEM('',(#3201),#3044,#3056);
#2872=OVER_RIDING_STYLED_ITEM('',(#3202),#3050,#3056);
#2873=ADVANCED_FACE('',(#2391),#2611,.T.);
#2874=ADVANCED_FACE('',(#2392),#2612,.T.);
#2875=ADVANCED_FACE('',(#2393,#2394),#134,.T.);
#2876=ADVANCED_FACE('',(#2395),#2613,.T.);
#2877=ADVANCED_FACE('',(#2396,#2397),#135,.T.);
#2878=ADVANCED_FACE('',(#2398,#2399),#136,.T.);
#2879=ADVANCED_FACE('',(#2400),#2614,.T.);
#2880=ADVANCED_FACE('',(#2401),#2615,.T.);
#2881=ADVANCED_FACE('',(#2402),#2616,.F.);
#2882=ADVANCED_FACE('',(#2403),#2617,.T.);
#2883=ADVANCED_FACE('',(#2404),#2618,.T.);
#2884=ADVANCED_FACE('',(#2405),#2619,.F.);
#2885=ADVANCED_FACE('',(#2406),#2620,.T.);
#2886=ADVANCED_FACE('',(#2407,#2408,#2409),#2621,.T.);
#2887=ADVANCED_FACE('',(#2410,#2411),#33,.T.);
#2888=ADVANCED_FACE('',(#2412),#2622,.T.);
#2889=ADVANCED_FACE('',(#2413),#2623,.T.);
#2890=ADVANCED_FACE('',(#2414),#2624,.T.);
#2891=ADVANCED_FACE('',(#2415),#2625,.F.);
#2892=ADVANCED_FACE('',(#2416),#2626,.T.);
#2893=ADVANCED_FACE('',(#2417),#29,.T.);
#2894=ADVANCED_FACE('',(#2418),#30,.T.);
#2895=ADVANCED_FACE('',(#2419),#31,.T.);
#2896=ADVANCED_FACE('',(#2420),#32,.T.);
#2897=ADVANCED_FACE('',(#2421),#2627,.T.);
#2898=ADVANCED_FACE('',(#2422),#2628,.T.);
#2899=ADVANCED_FACE('',(#2423),#2629,.T.);
#2900=ADVANCED_FACE('',(#2424),#2630,.T.);
#2901=ADVANCED_FACE('',(#2425),#2631,.T.);
#2902=ADVANCED_FACE('',(#2426),#2632,.T.);
#2903=ADVANCED_FACE('',(#2427),#2633,.T.);
#2904=ADVANCED_FACE('',(#2428),#2634,.F.);
#2905=ADVANCED_FACE('',(#2429),#2635,.T.);
#2906=ADVANCED_FACE('',(#2430),#2636,.T.);
#2907=ADVANCED_FACE('',(#2431),#2637,.F.);
#2908=ADVANCED_FACE('',(#2432),#2638,.T.);
#2909=ADVANCED_FACE('',(#2433),#2639,.F.);
#2910=ADVANCED_FACE('',(#2434),#2640,.F.);
#2911=ADVANCED_FACE('',(#2435),#2641,.F.);
#2912=ADVANCED_FACE('',(#2436),#2642,.F.);
#2913=ADVANCED_FACE('',(#2437),#2643,.F.);
#2914=ADVANCED_FACE('',(#2438),#2644,.T.);
#2915=ADVANCED_FACE('',(#2439),#2645,.T.);
#2916=ADVANCED_FACE('',(#2440),#2646,.T.);
#2917=ADVANCED_FACE('',(#2441),#2647,.T.);
#2918=ADVANCED_FACE('',(#2442),#2648,.T.);
#2919=ADVANCED_FACE('',(#2443,#2444),#137,.T.);
#2920=ADVANCED_FACE('',(#2445),#2649,.F.);
#2921=ADVANCED_FACE('',(#2446,#2447),#138,.T.);
#2922=ADVANCED_FACE('',(#2448,#2449),#2650,.T.);
#2923=ADVANCED_FACE('',(#2450,#2451),#2651,.T.);
#2924=ADVANCED_FACE('',(#2452,#2453),#2652,.F.);
#2925=ADVANCED_FACE('',(#2454,#2455),#139,.T.);
#2926=ADVANCED_FACE('',(#2456),#2653,.T.);
#2927=ADVANCED_FACE('',(#2457,#2458),#34,.T.);
#2928=ADVANCED_FACE('',(#2459,#2460),#35,.T.);
#2929=ADVANCED_FACE('',(#2461),#2654,.F.);
#2930=ADVANCED_FACE('',(#2462),#36,.F.);
#2931=ADVANCED_FACE('',(#2463),#2655,.F.);
#2932=ADVANCED_FACE('',(#2464),#37,.T.);
#2933=ADVANCED_FACE('',(#2465),#2656,.F.);
#2934=ADVANCED_FACE('',(#2466),#38,.F.);
#2935=ADVANCED_FACE('',(#2467),#2657,.T.);
#2936=ADVANCED_FACE('',(#2468),#39,.T.);
#2937=ADVANCED_FACE('',(#2469),#40,.T.);
#2938=ADVANCED_FACE('',(#2470),#2658,.F.);
#2939=ADVANCED_FACE('',(#2471),#2659,.F.);
#2940=ADVANCED_FACE('',(#2472),#41,.T.);
#2941=ADVANCED_FACE('',(#2473),#42,.F.);
#2942=ADVANCED_FACE('',(#2474),#43,.F.);
#2943=ADVANCED_FACE('',(#2475),#44,.F.);
#2944=ADVANCED_FACE('',(#2476),#2660,.T.);
#2945=ADVANCED_FACE('',(#2477),#45,.T.);
#2946=ADVANCED_FACE('',(#2478),#2661,.F.);
#2947=ADVANCED_FACE('',(#2479),#2662,.T.);
#2948=ADVANCED_FACE('',(#2480),#46,.F.);
#2949=ADVANCED_FACE('',(#2481),#2663,.T.);
#2950=ADVANCED_FACE('',(#2482),#2664,.T.);
#2951=ADVANCED_FACE('',(#2483),#2665,.F.);
#2952=ADVANCED_FACE('',(#2484),#47,.T.);
#2953=ADVANCED_FACE('',(#2485),#2666,.T.);
#2954=ADVANCED_FACE('',(#2486),#48,.T.);
#2955=ADVANCED_FACE('',(#2487),#49,.T.);
#2956=ADVANCED_FACE('',(#2488),#2667,.F.);
#2957=ADVANCED_FACE('',(#2489),#50,.T.);
#2958=ADVANCED_FACE('',(#2490),#2668,.F.);
#2959=ADVANCED_FACE('',(#2491),#2669,.T.);
#2960=ADVANCED_FACE('',(#2492),#2670,.T.);
#2961=ADVANCED_FACE('',(#2493),#51,.F.);
#2962=ADVANCED_FACE('',(#2494),#52,.T.);
#2963=ADVANCED_FACE('',(#2495),#2671,.F.);
#2964=ADVANCED_FACE('',(#2496),#2672,.T.);
#2965=ADVANCED_FACE('',(#2497),#2673,.T.);
#2966=ADVANCED_FACE('',(#2498),#53,.F.);
#2967=ADVANCED_FACE('',(#2499),#54,.F.);
#2968=ADVANCED_FACE('',(#2500),#2674,.F.);
#2969=ADVANCED_FACE('',(#2501),#55,.F.);
#2970=ADVANCED_FACE('',(#2502),#56,.F.);
#2971=ADVANCED_FACE('',(#2503),#57,.F.);
#2972=ADVANCED_FACE('',(#2504),#2675,.F.);
#2973=ADVANCED_FACE('',(#2505),#2676,.F.);
#2974=ADVANCED_FACE('',(#2506),#2677,.F.);
#2975=ADVANCED_FACE('',(#2507),#2678,.F.);
#2976=ADVANCED_FACE('',(#2508),#2679,.F.);
#2977=ADVANCED_FACE('',(#2509),#2680,.F.);
#2978=ADVANCED_FACE('',(#2510,#2511),#2681,.F.);
#2979=ADVANCED_FACE('',(#2512,#2513,#2514,#2515),#140,.T.);
#2980=ADVANCED_FACE('',(#2516),#58,.F.);
#2981=ADVANCED_FACE('',(#2517),#59,.F.);
#2982=ADVANCED_FACE('',(#2518),#2682,.T.);
#2983=ADVANCED_FACE('',(#2519),#2683,.T.);
#2984=ADVANCED_FACE('',(#2520),#2684,.F.);
#2985=ADVANCED_FACE('',(#2521,#2522),#2685,.F.);
#2986=ADVANCED_FACE('',(#2523,#2524,#2525),#2686,.T.);
#2987=ADVANCED_FACE('',(#2526),#2687,.F.);
#2988=ADVANCED_FACE('',(#2527),#2688,.F.);
#2989=ADVANCED_FACE('',(#2528),#2689,.T.);
#2990=ADVANCED_FACE('',(#2529),#2690,.F.);
#2991=ADVANCED_FACE('',(#2530),#2691,.F.);
#2992=ADVANCED_FACE('',(#2531),#2692,.F.);
#2993=ADVANCED_FACE('',(#2532),#2693,.T.);
#2994=ADVANCED_FACE('',(#2533,#2534),#2694,.T.);
#2995=ADVANCED_FACE('',(#2535),#141,.T.);
#2996=ADVANCED_FACE('',(#2536),#142,.T.);
#2997=ADVANCED_FACE('',(#2537),#2695,.T.);
#2998=ADVANCED_FACE('',(#2538),#2696,.F.);
#2999=ADVANCED_FACE('',(#2539),#2697,.F.);
#3000=ADVANCED_FACE('',(#2540),#2698,.F.);
#3001=ADVANCED_FACE('',(#2541),#2699,.F.);
#3002=ADVANCED_FACE('',(#2542),#2700,.F.);
#3003=ADVANCED_FACE('',(#2543),#2701,.F.);
#3004=ADVANCED_FACE('',(#2544),#60,.T.);
#3005=ADVANCED_FACE('',(#2545),#2702,.F.);
#3006=ADVANCED_FACE('',(#2546),#61,.T.);
#3007=ADVANCED_FACE('',(#2547),#62,.T.);
#3008=ADVANCED_FACE('',(#2548),#63,.T.);
#3009=ADVANCED_FACE('',(#2549),#64,.T.);
#3010=ADVANCED_FACE('',(#2550),#2703,.T.);
#3011=ADVANCED_FACE('',(#2551),#2704,.F.);
#3012=ADVANCED_FACE('',(#2552),#2705,.F.);
#3013=ADVANCED_FACE('',(#2553),#2706,.T.);
#3014=ADVANCED_FACE('',(#2554),#2707,.T.);
#3015=ADVANCED_FACE('',(#2555,#2556),#143,.T.);
#3016=ADVANCED_FACE('',(#2557,#2558),#144,.T.);
#3017=ADVANCED_FACE('',(#2559),#2708,.T.);
#3018=ADVANCED_FACE('',(#2560,#2561),#2709,.T.);
#3019=ADVANCED_FACE('',(#2562,#2563),#2710,.F.);
#3020=ADVANCED_FACE('',(#2564,#2565),#145,.F.);
#3021=ADVANCED_FACE('',(#2566),#2711,.T.);
#3022=ADVANCED_FACE('',(#2567,#2568),#146,.F.);
#3023=ADVANCED_FACE('',(#2569,#2570),#2712,.T.);
#3024=ADVANCED_FACE('',(#2571,#2572),#65,.F.);
#3025=ADVANCED_FACE('',(#2573,#2574),#66,.F.);
#3026=ADVANCED_FACE('',(#2575),#2713,.F.);
#3027=ADVANCED_FACE('',(#2576),#2714,.T.);
#3028=ADVANCED_FACE('',(#2577,#2578),#147,.T.);
#3029=ADVANCED_FACE('',(#2579),#2715,.T.);
#3030=ADVANCED_FACE('',(#2580,#2581),#148,.T.);
#3031=ADVANCED_FACE('',(#2582,#2583),#149,.T.);
#3032=ADVANCED_FACE('',(#2584),#2716,.T.);
#3033=ADVANCED_FACE('',(#2585,#2586),#2717,.T.);
#3034=ADVANCED_FACE('',(#2587,#2588),#2718,.F.);
#3035=ADVANCED_FACE('',(#2589,#2590),#150,.F.);
#3036=ADVANCED_FACE('',(#2591),#2719,.T.);
#3037=ADVANCED_FACE('',(#2592,#2593),#151,.F.);
#3038=ADVANCED_FACE('',(#2594,#2595),#2720,.T.);
#3039=ADVANCED_FACE('',(#2596,#2597),#67,.T.);
#3040=ADVANCED_FACE('',(#2598,#2599),#68,.T.);
#3041=ADVANCED_FACE('',(#2600),#2721,.F.);
#3042=ADVANCED_FACE('',(#2601),#2722,.T.);
#3043=ADVANCED_FACE('',(#2602,#2603),#152,.T.);
#3044=ADVANCED_FACE('',(#2604),#2723,.T.);
#3045=ADVANCED_FACE('',(#2605),#2724,.F.);
#3046=ADVANCED_FACE('',(#2606),#2725,.F.);
#3047=ADVANCED_FACE('',(#2607),#2726,.F.);
#3048=ADVANCED_FACE('',(#2608),#2727,.F.);
#3049=ADVANCED_FACE('',(#2609),#2728,.F.);
#3050=ADVANCED_FACE('',(#2610),#2729,.T.);
#3051=CLOSED_SHELL('',(#2873,#2874,#2875,#2876,#2877,#2878,#2879,#2880,
#2881,#2882,#2883,#2884,#2885,#2886,#2887,#2888,#2889,#2890,#2891,#2892,
#2893,#2894,#2895,#2896,#2897,#2898,#2899,#2900,#2901,#2902,#2903,#2904,
#2905,#2906,#2907,#2908,#2909,#2910,#2911,#2912,#2913,#2914,#2915,#2916,
#2917,#2918,#2919,#2920,#2921,#2922,#2923,#2924,#2925,#2926,#2927,#2928,
#2929,#2930,#2931,#2932,#2933,#2934,#2935,#2936,#2937,#2938,#2939,#2940,
#2941,#2942,#2943,#2944,#2945,#2946,#2947,#2948,#2949));
#3052=CLOSED_SHELL('',(#2950,#2951,#2952,#2953,#2954,#2955,#2956,#2957,
#2958,#2959,#2960,#2961,#2962,#2963,#2964,#2965));
#3053=CLOSED_SHELL('',(#2966,#2967,#2968,#2969,#2970,#2971,#2972,#2973,
#2974,#2975,#2976,#2977,#2978,#2979,#2980,#2981,#2982,#2983,#2984,#2985,
#2986,#2987,#2988,#2989,#2990,#2991,#2992,#2993,#2994,#2995,#2996,#2997,
#2998,#2999,#3000,#3001,#3002,#3003,#3004,#3005,#3006,#3007,#3008,#3009,
#3010,#3011,#3012,#3013,#3014,#3015,#3016,#3017,#3018,#3019,#3020,#3021,
#3022,#3023,#3024,#3025,#3026,#3027,#3028,#3029,#3030,#3031,#3032,#3033,
#3034,#3035,#3036,#3037,#3038,#3039,#3040,#3041,#3042,#3043,#3044,#3045,
#3046,#3047,#3048,#3049,#3050));
#3054=STYLED_ITEM('',(#3057),#3940);
#3055=STYLED_ITEM('',(#3111),#3941);
#3056=STYLED_ITEM('',(#3122),#3942);
#3057=PRESENTATION_STYLE_ASSIGNMENT((#3203));
#3058=PRESENTATION_STYLE_ASSIGNMENT((#3204));
#3059=PRESENTATION_STYLE_ASSIGNMENT((#3205));
#3060=PRESENTATION_STYLE_ASSIGNMENT((#3206));
#3061=PRESENTATION_STYLE_ASSIGNMENT((#3207));
#3062=PRESENTATION_STYLE_ASSIGNMENT((#3208));
#3063=PRESENTATION_STYLE_ASSIGNMENT((#3209));
#3064=PRESENTATION_STYLE_ASSIGNMENT((#3210));
#3065=PRESENTATION_STYLE_ASSIGNMENT((#3211));
#3066=PRESENTATION_STYLE_ASSIGNMENT((#3212));
#3067=PRESENTATION_STYLE_ASSIGNMENT((#3213));
#3068=PRESENTATION_STYLE_ASSIGNMENT((#3214));
#3069=PRESENTATION_STYLE_ASSIGNMENT((#3215));
#3070=PRESENTATION_STYLE_ASSIGNMENT((#3216));
#3071=PRESENTATION_STYLE_ASSIGNMENT((#3217));
#3072=PRESENTATION_STYLE_ASSIGNMENT((#3218));
#3073=PRESENTATION_STYLE_ASSIGNMENT((#3219));
#3074=PRESENTATION_STYLE_ASSIGNMENT((#3220));
#3075=PRESENTATION_STYLE_ASSIGNMENT((#3221));
#3076=PRESENTATION_STYLE_ASSIGNMENT((#3222));
#3077=PRESENTATION_STYLE_ASSIGNMENT((#3223));
#3078=PRESENTATION_STYLE_ASSIGNMENT((#3224));
#3079=PRESENTATION_STYLE_ASSIGNMENT((#3225));
#3080=PRESENTATION_STYLE_ASSIGNMENT((#3226));
#3081=PRESENTATION_STYLE_ASSIGNMENT((#3227));
#3082=PRESENTATION_STYLE_ASSIGNMENT((#3228));
#3083=PRESENTATION_STYLE_ASSIGNMENT((#3229));
#3084=PRESENTATION_STYLE_ASSIGNMENT((#3230));
#3085=PRESENTATION_STYLE_ASSIGNMENT((#3231));
#3086=PRESENTATION_STYLE_ASSIGNMENT((#3232));
#3087=PRESENTATION_STYLE_ASSIGNMENT((#3233));
#3088=PRESENTATION_STYLE_ASSIGNMENT((#3234));
#3089=PRESENTATION_STYLE_ASSIGNMENT((#3235));
#3090=PRESENTATION_STYLE_ASSIGNMENT((#3236));
#3091=PRESENTATION_STYLE_ASSIGNMENT((#3237));
#3092=PRESENTATION_STYLE_ASSIGNMENT((#3238));
#3093=PRESENTATION_STYLE_ASSIGNMENT((#3239));
#3094=PRESENTATION_STYLE_ASSIGNMENT((#3240));
#3095=PRESENTATION_STYLE_ASSIGNMENT((#3241));
#3096=PRESENTATION_STYLE_ASSIGNMENT((#3242));
#3097=PRESENTATION_STYLE_ASSIGNMENT((#3243));
#3098=PRESENTATION_STYLE_ASSIGNMENT((#3244));
#3099=PRESENTATION_STYLE_ASSIGNMENT((#3245));
#3100=PRESENTATION_STYLE_ASSIGNMENT((#3246));
#3101=PRESENTATION_STYLE_ASSIGNMENT((#3247));
#3102=PRESENTATION_STYLE_ASSIGNMENT((#3248));
#3103=PRESENTATION_STYLE_ASSIGNMENT((#3249));
#3104=PRESENTATION_STYLE_ASSIGNMENT((#3250));
#3105=PRESENTATION_STYLE_ASSIGNMENT((#3251));
#3106=PRESENTATION_STYLE_ASSIGNMENT((#3252));
#3107=PRESENTATION_STYLE_ASSIGNMENT((#3253));
#3108=PRESENTATION_STYLE_ASSIGNMENT((#3254));
#3109=PRESENTATION_STYLE_ASSIGNMENT((#3255));
#3110=PRESENTATION_STYLE_ASSIGNMENT((#3256));
#3111=PRESENTATION_STYLE_ASSIGNMENT((#3257));
#3112=PRESENTATION_STYLE_ASSIGNMENT((#3258));
#3113=PRESENTATION_STYLE_ASSIGNMENT((#3259));
#3114=PRESENTATION_STYLE_ASSIGNMENT((#3260));
#3115=PRESENTATION_STYLE_ASSIGNMENT((#3261));
#3116=PRESENTATION_STYLE_ASSIGNMENT((#3262));
#3117=PRESENTATION_STYLE_ASSIGNMENT((#3263));
#3118=PRESENTATION_STYLE_ASSIGNMENT((#3264));
#3119=PRESENTATION_STYLE_ASSIGNMENT((#3265));
#3120=PRESENTATION_STYLE_ASSIGNMENT((#3266));
#3121=PRESENTATION_STYLE_ASSIGNMENT((#3267));
#3122=PRESENTATION_STYLE_ASSIGNMENT((#3268));
#3123=PRESENTATION_STYLE_ASSIGNMENT((#3269));
#3124=PRESENTATION_STYLE_ASSIGNMENT((#3270));
#3125=PRESENTATION_STYLE_ASSIGNMENT((#3271));
#3126=PRESENTATION_STYLE_ASSIGNMENT((#3272));
#3127=PRESENTATION_STYLE_ASSIGNMENT((#3273));
#3128=PRESENTATION_STYLE_ASSIGNMENT((#3274));
#3129=PRESENTATION_STYLE_ASSIGNMENT((#3275));
#3130=PRESENTATION_STYLE_ASSIGNMENT((#3276));
#3131=PRESENTATION_STYLE_ASSIGNMENT((#3277));
#3132=PRESENTATION_STYLE_ASSIGNMENT((#3278));
#3133=PRESENTATION_STYLE_ASSIGNMENT((#3279));
#3134=PRESENTATION_STYLE_ASSIGNMENT((#3280));
#3135=PRESENTATION_STYLE_ASSIGNMENT((#3281));
#3136=PRESENTATION_STYLE_ASSIGNMENT((#3282));
#3137=PRESENTATION_STYLE_ASSIGNMENT((#3283));
#3138=PRESENTATION_STYLE_ASSIGNMENT((#3284));
#3139=PRESENTATION_STYLE_ASSIGNMENT((#3285));
#3140=PRESENTATION_STYLE_ASSIGNMENT((#3286));
#3141=PRESENTATION_STYLE_ASSIGNMENT((#3287));
#3142=PRESENTATION_STYLE_ASSIGNMENT((#3288));
#3143=PRESENTATION_STYLE_ASSIGNMENT((#3289));
#3144=PRESENTATION_STYLE_ASSIGNMENT((#3290));
#3145=PRESENTATION_STYLE_ASSIGNMENT((#3291));
#3146=PRESENTATION_STYLE_ASSIGNMENT((#3292));
#3147=PRESENTATION_STYLE_ASSIGNMENT((#3293));
#3148=PRESENTATION_STYLE_ASSIGNMENT((#3294));
#3149=PRESENTATION_STYLE_ASSIGNMENT((#3295));
#3150=PRESENTATION_STYLE_ASSIGNMENT((#3296));
#3151=PRESENTATION_STYLE_ASSIGNMENT((#3297));
#3152=PRESENTATION_STYLE_ASSIGNMENT((#3298));
#3153=PRESENTATION_STYLE_ASSIGNMENT((#3299));
#3154=PRESENTATION_STYLE_ASSIGNMENT((#3300));
#3155=PRESENTATION_STYLE_ASSIGNMENT((#3301));
#3156=PRESENTATION_STYLE_ASSIGNMENT((#3302));
#3157=PRESENTATION_STYLE_ASSIGNMENT((#3303));
#3158=PRESENTATION_STYLE_ASSIGNMENT((#3304));
#3159=PRESENTATION_STYLE_ASSIGNMENT((#3305));
#3160=PRESENTATION_STYLE_ASSIGNMENT((#3306));
#3161=PRESENTATION_STYLE_ASSIGNMENT((#3307));
#3162=PRESENTATION_STYLE_ASSIGNMENT((#3308));
#3163=PRESENTATION_STYLE_ASSIGNMENT((#3309));
#3164=PRESENTATION_STYLE_ASSIGNMENT((#3310));
#3165=PRESENTATION_STYLE_ASSIGNMENT((#3311));
#3166=PRESENTATION_STYLE_ASSIGNMENT((#3312));
#3167=PRESENTATION_STYLE_ASSIGNMENT((#3313));
#3168=PRESENTATION_STYLE_ASSIGNMENT((#3314));
#3169=PRESENTATION_STYLE_ASSIGNMENT((#3315));
#3170=PRESENTATION_STYLE_ASSIGNMENT((#3316));
#3171=PRESENTATION_STYLE_ASSIGNMENT((#3317));
#3172=PRESENTATION_STYLE_ASSIGNMENT((#3318));
#3173=PRESENTATION_STYLE_ASSIGNMENT((#3319));
#3174=PRESENTATION_STYLE_ASSIGNMENT((#3320));
#3175=PRESENTATION_STYLE_ASSIGNMENT((#3321));
#3176=PRESENTATION_STYLE_ASSIGNMENT((#3322));
#3177=PRESENTATION_STYLE_ASSIGNMENT((#3323));
#3178=PRESENTATION_STYLE_ASSIGNMENT((#3324));
#3179=PRESENTATION_STYLE_ASSIGNMENT((#3325));
#3180=PRESENTATION_STYLE_ASSIGNMENT((#3326));
#3181=PRESENTATION_STYLE_ASSIGNMENT((#3327));
#3182=PRESENTATION_STYLE_ASSIGNMENT((#3328));
#3183=PRESENTATION_STYLE_ASSIGNMENT((#3329));
#3184=PRESENTATION_STYLE_ASSIGNMENT((#3330));
#3185=PRESENTATION_STYLE_ASSIGNMENT((#3331));
#3186=PRESENTATION_STYLE_ASSIGNMENT((#3332));
#3187=PRESENTATION_STYLE_ASSIGNMENT((#3333));
#3188=PRESENTATION_STYLE_ASSIGNMENT((#3334));
#3189=PRESENTATION_STYLE_ASSIGNMENT((#3335));
#3190=PRESENTATION_STYLE_ASSIGNMENT((#3336));
#3191=PRESENTATION_STYLE_ASSIGNMENT((#3337));
#3192=PRESENTATION_STYLE_ASSIGNMENT((#3338));
#3193=PRESENTATION_STYLE_ASSIGNMENT((#3339));
#3194=PRESENTATION_STYLE_ASSIGNMENT((#3340));
#3195=PRESENTATION_STYLE_ASSIGNMENT((#3341));
#3196=PRESENTATION_STYLE_ASSIGNMENT((#3342));
#3197=PRESENTATION_STYLE_ASSIGNMENT((#3343));
#3198=PRESENTATION_STYLE_ASSIGNMENT((#3344));
#3199=PRESENTATION_STYLE_ASSIGNMENT((#3345));
#3200=PRESENTATION_STYLE_ASSIGNMENT((#3346));
#3201=PRESENTATION_STYLE_ASSIGNMENT((#3347));
#3202=PRESENTATION_STYLE_ASSIGNMENT((#3348));
#3203=SURFACE_STYLE_USAGE(.BOTH.,#3349);
#3204=SURFACE_STYLE_USAGE(.BOTH.,#3350);
#3205=SURFACE_STYLE_USAGE(.BOTH.,#3351);
#3206=SURFACE_STYLE_USAGE(.BOTH.,#3352);
#3207=SURFACE_STYLE_USAGE(.BOTH.,#3353);
#3208=SURFACE_STYLE_USAGE(.BOTH.,#3354);
#3209=SURFACE_STYLE_USAGE(.BOTH.,#3355);
#3210=SURFACE_STYLE_USAGE(.BOTH.,#3356);
#3211=SURFACE_STYLE_USAGE(.BOTH.,#3357);
#3212=SURFACE_STYLE_USAGE(.BOTH.,#3358);
#3213=SURFACE_STYLE_USAGE(.BOTH.,#3359);
#3214=SURFACE_STYLE_USAGE(.BOTH.,#3360);
#3215=SURFACE_STYLE_USAGE(.BOTH.,#3361);
#3216=SURFACE_STYLE_USAGE(.BOTH.,#3362);
#3217=SURFACE_STYLE_USAGE(.BOTH.,#3363);
#3218=SURFACE_STYLE_USAGE(.BOTH.,#3364);
#3219=SURFACE_STYLE_USAGE(.BOTH.,#3365);
#3220=SURFACE_STYLE_USAGE(.BOTH.,#3366);
#3221=SURFACE_STYLE_USAGE(.BOTH.,#3367);
#3222=SURFACE_STYLE_USAGE(.BOTH.,#3368);
#3223=SURFACE_STYLE_USAGE(.BOTH.,#3369);
#3224=SURFACE_STYLE_USAGE(.BOTH.,#3370);
#3225=SURFACE_STYLE_USAGE(.BOTH.,#3371);
#3226=SURFACE_STYLE_USAGE(.BOTH.,#3372);
#3227=SURFACE_STYLE_USAGE(.BOTH.,#3373);
#3228=SURFACE_STYLE_USAGE(.BOTH.,#3374);
#3229=SURFACE_STYLE_USAGE(.BOTH.,#3375);
#3230=SURFACE_STYLE_USAGE(.BOTH.,#3376);
#3231=SURFACE_STYLE_USAGE(.BOTH.,#3377);
#3232=SURFACE_STYLE_USAGE(.BOTH.,#3378);
#3233=SURFACE_STYLE_USAGE(.BOTH.,#3379);
#3234=SURFACE_STYLE_USAGE(.BOTH.,#3380);
#3235=SURFACE_STYLE_USAGE(.BOTH.,#3381);
#3236=SURFACE_STYLE_USAGE(.BOTH.,#3382);
#3237=SURFACE_STYLE_USAGE(.BOTH.,#3383);
#3238=SURFACE_STYLE_USAGE(.BOTH.,#3384);
#3239=SURFACE_STYLE_USAGE(.BOTH.,#3385);
#3240=SURFACE_STYLE_USAGE(.BOTH.,#3386);
#3241=SURFACE_STYLE_USAGE(.BOTH.,#3387);
#3242=SURFACE_STYLE_USAGE(.BOTH.,#3388);
#3243=SURFACE_STYLE_USAGE(.BOTH.,#3389);
#3244=SURFACE_STYLE_USAGE(.BOTH.,#3390);
#3245=SURFACE_STYLE_USAGE(.BOTH.,#3391);
#3246=SURFACE_STYLE_USAGE(.BOTH.,#3392);
#3247=SURFACE_STYLE_USAGE(.BOTH.,#3393);
#3248=SURFACE_STYLE_USAGE(.BOTH.,#3394);
#3249=SURFACE_STYLE_USAGE(.BOTH.,#3395);
#3250=SURFACE_STYLE_USAGE(.BOTH.,#3396);
#3251=SURFACE_STYLE_USAGE(.BOTH.,#3397);
#3252=SURFACE_STYLE_USAGE(.BOTH.,#3398);
#3253=SURFACE_STYLE_USAGE(.BOTH.,#3399);
#3254=SURFACE_STYLE_USAGE(.BOTH.,#3400);
#3255=SURFACE_STYLE_USAGE(.BOTH.,#3401);
#3256=SURFACE_STYLE_USAGE(.BOTH.,#3402);
#3257=SURFACE_STYLE_USAGE(.BOTH.,#3403);
#3258=SURFACE_STYLE_USAGE(.BOTH.,#3404);
#3259=SURFACE_STYLE_USAGE(.BOTH.,#3405);
#3260=SURFACE_STYLE_USAGE(.BOTH.,#3406);
#3261=SURFACE_STYLE_USAGE(.BOTH.,#3407);
#3262=SURFACE_STYLE_USAGE(.BOTH.,#3408);
#3263=SURFACE_STYLE_USAGE(.BOTH.,#3409);
#3264=SURFACE_STYLE_USAGE(.BOTH.,#3410);
#3265=SURFACE_STYLE_USAGE(.BOTH.,#3411);
#3266=SURFACE_STYLE_USAGE(.BOTH.,#3412);
#3267=SURFACE_STYLE_USAGE(.BOTH.,#3413);
#3268=SURFACE_STYLE_USAGE(.BOTH.,#3414);
#3269=SURFACE_STYLE_USAGE(.BOTH.,#3415);
#3270=SURFACE_STYLE_USAGE(.BOTH.,#3416);
#3271=SURFACE_STYLE_USAGE(.BOTH.,#3417);
#3272=SURFACE_STYLE_USAGE(.BOTH.,#3418);
#3273=SURFACE_STYLE_USAGE(.BOTH.,#3419);
#3274=SURFACE_STYLE_USAGE(.BOTH.,#3420);
#3275=SURFACE_STYLE_USAGE(.BOTH.,#3421);
#3276=SURFACE_STYLE_USAGE(.BOTH.,#3422);
#3277=SURFACE_STYLE_USAGE(.BOTH.,#3423);
#3278=SURFACE_STYLE_USAGE(.BOTH.,#3424);
#3279=SURFACE_STYLE_USAGE(.BOTH.,#3425);
#3280=SURFACE_STYLE_USAGE(.BOTH.,#3426);
#3281=SURFACE_STYLE_USAGE(.BOTH.,#3427);
#3282=SURFACE_STYLE_USAGE(.BOTH.,#3428);
#3283=SURFACE_STYLE_USAGE(.BOTH.,#3429);
#3284=SURFACE_STYLE_USAGE(.BOTH.,#3430);
#3285=SURFACE_STYLE_USAGE(.BOTH.,#3431);
#3286=SURFACE_STYLE_USAGE(.BOTH.,#3432);
#3287=SURFACE_STYLE_USAGE(.BOTH.,#3433);
#3288=SURFACE_STYLE_USAGE(.BOTH.,#3434);
#3289=SURFACE_STYLE_USAGE(.BOTH.,#3435);
#3290=SURFACE_STYLE_USAGE(.BOTH.,#3436);
#3291=SURFACE_STYLE_USAGE(.BOTH.,#3437);
#3292=SURFACE_STYLE_USAGE(.BOTH.,#3438);
#3293=SURFACE_STYLE_USAGE(.BOTH.,#3439);
#3294=SURFACE_STYLE_USAGE(.BOTH.,#3440);
#3295=SURFACE_STYLE_USAGE(.BOTH.,#3441);
#3296=SURFACE_STYLE_USAGE(.BOTH.,#3442);
#3297=SURFACE_STYLE_USAGE(.BOTH.,#3443);
#3298=SURFACE_STYLE_USAGE(.BOTH.,#3444);
#3299=SURFACE_STYLE_USAGE(.BOTH.,#3445);
#3300=SURFACE_STYLE_USAGE(.BOTH.,#3446);
#3301=SURFACE_STYLE_USAGE(.BOTH.,#3447);
#3302=SURFACE_STYLE_USAGE(.BOTH.,#3448);
#3303=SURFACE_STYLE_USAGE(.BOTH.,#3449);
#3304=SURFACE_STYLE_USAGE(.BOTH.,#3450);
#3305=SURFACE_STYLE_USAGE(.BOTH.,#3451);
#3306=SURFACE_STYLE_USAGE(.BOTH.,#3452);
#3307=SURFACE_STYLE_USAGE(.BOTH.,#3453);
#3308=SURFACE_STYLE_USAGE(.BOTH.,#3454);
#3309=SURFACE_STYLE_USAGE(.BOTH.,#3455);
#3310=SURFACE_STYLE_USAGE(.BOTH.,#3456);
#3311=SURFACE_STYLE_USAGE(.BOTH.,#3457);
#3312=SURFACE_STYLE_USAGE(.BOTH.,#3458);
#3313=SURFACE_STYLE_USAGE(.BOTH.,#3459);
#3314=SURFACE_STYLE_USAGE(.BOTH.,#3460);
#3315=SURFACE_STYLE_USAGE(.BOTH.,#3461);
#3316=SURFACE_STYLE_USAGE(.BOTH.,#3462);
#3317=SURFACE_STYLE_USAGE(.BOTH.,#3463);
#3318=SURFACE_STYLE_USAGE(.BOTH.,#3464);
#3319=SURFACE_STYLE_USAGE(.BOTH.,#3465);
#3320=SURFACE_STYLE_USAGE(.BOTH.,#3466);
#3321=SURFACE_STYLE_USAGE(.BOTH.,#3467);
#3322=SURFACE_STYLE_USAGE(.BOTH.,#3468);
#3323=SURFACE_STYLE_USAGE(.BOTH.,#3469);
#3324=SURFACE_STYLE_USAGE(.BOTH.,#3470);
#3325=SURFACE_STYLE_USAGE(.BOTH.,#3471);
#3326=SURFACE_STYLE_USAGE(.BOTH.,#3472);
#3327=SURFACE_STYLE_USAGE(.BOTH.,#3473);
#3328=SURFACE_STYLE_USAGE(.BOTH.,#3474);
#3329=SURFACE_STYLE_USAGE(.BOTH.,#3475);
#3330=SURFACE_STYLE_USAGE(.BOTH.,#3476);
#3331=SURFACE_STYLE_USAGE(.BOTH.,#3477);
#3332=SURFACE_STYLE_USAGE(.BOTH.,#3478);
#3333=SURFACE_STYLE_USAGE(.BOTH.,#3479);
#3334=SURFACE_STYLE_USAGE(.BOTH.,#3480);
#3335=SURFACE_STYLE_USAGE(.BOTH.,#3481);
#3336=SURFACE_STYLE_USAGE(.BOTH.,#3482);
#3337=SURFACE_STYLE_USAGE(.BOTH.,#3483);
#3338=SURFACE_STYLE_USAGE(.BOTH.,#3484);
#3339=SURFACE_STYLE_USAGE(.BOTH.,#3485);
#3340=SURFACE_STYLE_USAGE(.BOTH.,#3486);
#3341=SURFACE_STYLE_USAGE(.BOTH.,#3487);
#3342=SURFACE_STYLE_USAGE(.BOTH.,#3488);
#3343=SURFACE_STYLE_USAGE(.BOTH.,#3489);
#3344=SURFACE_STYLE_USAGE(.BOTH.,#3490);
#3345=SURFACE_STYLE_USAGE(.BOTH.,#3491);
#3346=SURFACE_STYLE_USAGE(.BOTH.,#3492);
#3347=SURFACE_STYLE_USAGE(.BOTH.,#3493);
#3348=SURFACE_STYLE_USAGE(.BOTH.,#3494);
#3349=SURFACE_SIDE_STYLE('',(#3495));
#3350=SURFACE_SIDE_STYLE('',(#3496));
#3351=SURFACE_SIDE_STYLE('',(#3497));
#3352=SURFACE_SIDE_STYLE('',(#3498));
#3353=SURFACE_SIDE_STYLE('',(#3499));
#3354=SURFACE_SIDE_STYLE('',(#3500));
#3355=SURFACE_SIDE_STYLE('',(#3501));
#3356=SURFACE_SIDE_STYLE('',(#3502));
#3357=SURFACE_SIDE_STYLE('',(#3503));
#3358=SURFACE_SIDE_STYLE('',(#3504));
#3359=SURFACE_SIDE_STYLE('',(#3505));
#3360=SURFACE_SIDE_STYLE('',(#3506));
#3361=SURFACE_SIDE_STYLE('',(#3507));
#3362=SURFACE_SIDE_STYLE('',(#3508));
#3363=SURFACE_SIDE_STYLE('',(#3509));
#3364=SURFACE_SIDE_STYLE('',(#3510));
#3365=SURFACE_SIDE_STYLE('',(#3511));
#3366=SURFACE_SIDE_STYLE('',(#3512));
#3367=SURFACE_SIDE_STYLE('',(#3513));
#3368=SURFACE_SIDE_STYLE('',(#3514));
#3369=SURFACE_SIDE_STYLE('',(#3515));
#3370=SURFACE_SIDE_STYLE('',(#3516));
#3371=SURFACE_SIDE_STYLE('',(#3517));
#3372=SURFACE_SIDE_STYLE('',(#3518));
#3373=SURFACE_SIDE_STYLE('',(#3519));
#3374=SURFACE_SIDE_STYLE('',(#3520));
#3375=SURFACE_SIDE_STYLE('',(#3521));
#3376=SURFACE_SIDE_STYLE('',(#3522));
#3377=SURFACE_SIDE_STYLE('',(#3523));
#3378=SURFACE_SIDE_STYLE('',(#3524));
#3379=SURFACE_SIDE_STYLE('',(#3525));
#3380=SURFACE_SIDE_STYLE('',(#3526));
#3381=SURFACE_SIDE_STYLE('',(#3527));
#3382=SURFACE_SIDE_STYLE('',(#3528));
#3383=SURFACE_SIDE_STYLE('',(#3529));
#3384=SURFACE_SIDE_STYLE('',(#3530));
#3385=SURFACE_SIDE_STYLE('',(#3531));
#3386=SURFACE_SIDE_STYLE('',(#3532));
#3387=SURFACE_SIDE_STYLE('',(#3533));
#3388=SURFACE_SIDE_STYLE('',(#3534));
#3389=SURFACE_SIDE_STYLE('',(#3535));
#3390=SURFACE_SIDE_STYLE('',(#3536));
#3391=SURFACE_SIDE_STYLE('',(#3537));
#3392=SURFACE_SIDE_STYLE('',(#3538));
#3393=SURFACE_SIDE_STYLE('',(#3539));
#3394=SURFACE_SIDE_STYLE('',(#3540));
#3395=SURFACE_SIDE_STYLE('',(#3541));
#3396=SURFACE_SIDE_STYLE('',(#3542));
#3397=SURFACE_SIDE_STYLE('',(#3543));
#3398=SURFACE_SIDE_STYLE('',(#3544));
#3399=SURFACE_SIDE_STYLE('',(#3545));
#3400=SURFACE_SIDE_STYLE('',(#3546));
#3401=SURFACE_SIDE_STYLE('',(#3547));
#3402=SURFACE_SIDE_STYLE('',(#3548));
#3403=SURFACE_SIDE_STYLE('',(#3549));
#3404=SURFACE_SIDE_STYLE('',(#3550));
#3405=SURFACE_SIDE_STYLE('',(#3551));
#3406=SURFACE_SIDE_STYLE('',(#3552));
#3407=SURFACE_SIDE_STYLE('',(#3553));
#3408=SURFACE_SIDE_STYLE('',(#3554));
#3409=SURFACE_SIDE_STYLE('',(#3555));
#3410=SURFACE_SIDE_STYLE('',(#3556));
#3411=SURFACE_SIDE_STYLE('',(#3557));
#3412=SURFACE_SIDE_STYLE('',(#3558));
#3413=SURFACE_SIDE_STYLE('',(#3559));
#3414=SURFACE_SIDE_STYLE('',(#3560));
#3415=SURFACE_SIDE_STYLE('',(#3561));
#3416=SURFACE_SIDE_STYLE('',(#3562));
#3417=SURFACE_SIDE_STYLE('',(#3563));
#3418=SURFACE_SIDE_STYLE('',(#3564));
#3419=SURFACE_SIDE_STYLE('',(#3565));
#3420=SURFACE_SIDE_STYLE('',(#3566));
#3421=SURFACE_SIDE_STYLE('',(#3567));
#3422=SURFACE_SIDE_STYLE('',(#3568));
#3423=SURFACE_SIDE_STYLE('',(#3569));
#3424=SURFACE_SIDE_STYLE('',(#3570));
#3425=SURFACE_SIDE_STYLE('',(#3571));
#3426=SURFACE_SIDE_STYLE('',(#3572));
#3427=SURFACE_SIDE_STYLE('',(#3573));
#3428=SURFACE_SIDE_STYLE('',(#3574));
#3429=SURFACE_SIDE_STYLE('',(#3575));
#3430=SURFACE_SIDE_STYLE('',(#3576));
#3431=SURFACE_SIDE_STYLE('',(#3577));
#3432=SURFACE_SIDE_STYLE('',(#3578));
#3433=SURFACE_SIDE_STYLE('',(#3579));
#3434=SURFACE_SIDE_STYLE('',(#3580));
#3435=SURFACE_SIDE_STYLE('',(#3581));
#3436=SURFACE_SIDE_STYLE('',(#3582));
#3437=SURFACE_SIDE_STYLE('',(#3583));
#3438=SURFACE_SIDE_STYLE('',(#3584));
#3439=SURFACE_SIDE_STYLE('',(#3585));
#3440=SURFACE_SIDE_STYLE('',(#3586));
#3441=SURFACE_SIDE_STYLE('',(#3587));
#3442=SURFACE_SIDE_STYLE('',(#3588));
#3443=SURFACE_SIDE_STYLE('',(#3589));
#3444=SURFACE_SIDE_STYLE('',(#3590));
#3445=SURFACE_SIDE_STYLE('',(#3591));
#3446=SURFACE_SIDE_STYLE('',(#3592));
#3447=SURFACE_SIDE_STYLE('',(#3593));
#3448=SURFACE_SIDE_STYLE('',(#3594));
#3449=SURFACE_SIDE_STYLE('',(#3595));
#3450=SURFACE_SIDE_STYLE('',(#3596));
#3451=SURFACE_SIDE_STYLE('',(#3597));
#3452=SURFACE_SIDE_STYLE('',(#3598));
#3453=SURFACE_SIDE_STYLE('',(#3599));
#3454=SURFACE_SIDE_STYLE('',(#3600));
#3455=SURFACE_SIDE_STYLE('',(#3601));
#3456=SURFACE_SIDE_STYLE('',(#3602));
#3457=SURFACE_SIDE_STYLE('',(#3603));
#3458=SURFACE_SIDE_STYLE('',(#3604));
#3459=SURFACE_SIDE_STYLE('',(#3605));
#3460=SURFACE_SIDE_STYLE('',(#3606));
#3461=SURFACE_SIDE_STYLE('',(#3607));
#3462=SURFACE_SIDE_STYLE('',(#3608));
#3463=SURFACE_SIDE_STYLE('',(#3609));
#3464=SURFACE_SIDE_STYLE('',(#3610));
#3465=SURFACE_SIDE_STYLE('',(#3611));
#3466=SURFACE_SIDE_STYLE('',(#3612));
#3467=SURFACE_SIDE_STYLE('',(#3613));
#3468=SURFACE_SIDE_STYLE('',(#3614));
#3469=SURFACE_SIDE_STYLE('',(#3615));
#3470=SURFACE_SIDE_STYLE('',(#3616));
#3471=SURFACE_SIDE_STYLE('',(#3617));
#3472=SURFACE_SIDE_STYLE('',(#3618));
#3473=SURFACE_SIDE_STYLE('',(#3619));
#3474=SURFACE_SIDE_STYLE('',(#3620));
#3475=SURFACE_SIDE_STYLE('',(#3621));
#3476=SURFACE_SIDE_STYLE('',(#3622));
#3477=SURFACE_SIDE_STYLE('',(#3623));
#3478=SURFACE_SIDE_STYLE('',(#3624));
#3479=SURFACE_SIDE_STYLE('',(#3625));
#3480=SURFACE_SIDE_STYLE('',(#3626));
#3481=SURFACE_SIDE_STYLE('',(#3627));
#3482=SURFACE_SIDE_STYLE('',(#3628));
#3483=SURFACE_SIDE_STYLE('',(#3629));
#3484=SURFACE_SIDE_STYLE('',(#3630));
#3485=SURFACE_SIDE_STYLE('',(#3631));
#3486=SURFACE_SIDE_STYLE('',(#3632));
#3487=SURFACE_SIDE_STYLE('',(#3633));
#3488=SURFACE_SIDE_STYLE('',(#3634));
#3489=SURFACE_SIDE_STYLE('',(#3635));
#3490=SURFACE_SIDE_STYLE('',(#3636));
#3491=SURFACE_SIDE_STYLE('',(#3637));
#3492=SURFACE_SIDE_STYLE('',(#3638));
#3493=SURFACE_SIDE_STYLE('',(#3639));
#3494=SURFACE_SIDE_STYLE('',(#3640));
#3495=SURFACE_STYLE_FILL_AREA(#3641);
#3496=SURFACE_STYLE_FILL_AREA(#3642);
#3497=SURFACE_STYLE_FILL_AREA(#3643);
#3498=SURFACE_STYLE_FILL_AREA(#3644);
#3499=SURFACE_STYLE_FILL_AREA(#3645);
#3500=SURFACE_STYLE_FILL_AREA(#3646);
#3501=SURFACE_STYLE_FILL_AREA(#3647);
#3502=SURFACE_STYLE_FILL_AREA(#3648);
#3503=SURFACE_STYLE_FILL_AREA(#3649);
#3504=SURFACE_STYLE_FILL_AREA(#3650);
#3505=SURFACE_STYLE_FILL_AREA(#3651);
#3506=SURFACE_STYLE_FILL_AREA(#3652);
#3507=SURFACE_STYLE_FILL_AREA(#3653);
#3508=SURFACE_STYLE_FILL_AREA(#3654);
#3509=SURFACE_STYLE_FILL_AREA(#3655);
#3510=SURFACE_STYLE_FILL_AREA(#3656);
#3511=SURFACE_STYLE_FILL_AREA(#3657);
#3512=SURFACE_STYLE_FILL_AREA(#3658);
#3513=SURFACE_STYLE_FILL_AREA(#3659);
#3514=SURFACE_STYLE_FILL_AREA(#3660);
#3515=SURFACE_STYLE_FILL_AREA(#3661);
#3516=SURFACE_STYLE_FILL_AREA(#3662);
#3517=SURFACE_STYLE_FILL_AREA(#3663);
#3518=SURFACE_STYLE_FILL_AREA(#3664);
#3519=SURFACE_STYLE_FILL_AREA(#3665);
#3520=SURFACE_STYLE_FILL_AREA(#3666);
#3521=SURFACE_STYLE_FILL_AREA(#3667);
#3522=SURFACE_STYLE_FILL_AREA(#3668);
#3523=SURFACE_STYLE_FILL_AREA(#3669);
#3524=SURFACE_STYLE_FILL_AREA(#3670);
#3525=SURFACE_STYLE_FILL_AREA(#3671);
#3526=SURFACE_STYLE_FILL_AREA(#3672);
#3527=SURFACE_STYLE_FILL_AREA(#3673);
#3528=SURFACE_STYLE_FILL_AREA(#3674);
#3529=SURFACE_STYLE_FILL_AREA(#3675);
#3530=SURFACE_STYLE_FILL_AREA(#3676);
#3531=SURFACE_STYLE_FILL_AREA(#3677);
#3532=SURFACE_STYLE_FILL_AREA(#3678);
#3533=SURFACE_STYLE_FILL_AREA(#3679);
#3534=SURFACE_STYLE_FILL_AREA(#3680);
#3535=SURFACE_STYLE_FILL_AREA(#3681);
#3536=SURFACE_STYLE_FILL_AREA(#3682);
#3537=SURFACE_STYLE_FILL_AREA(#3683);
#3538=SURFACE_STYLE_FILL_AREA(#3684);
#3539=SURFACE_STYLE_FILL_AREA(#3685);
#3540=SURFACE_STYLE_FILL_AREA(#3686);
#3541=SURFACE_STYLE_FILL_AREA(#3687);
#3542=SURFACE_STYLE_FILL_AREA(#3688);
#3543=SURFACE_STYLE_FILL_AREA(#3689);
#3544=SURFACE_STYLE_FILL_AREA(#3690);
#3545=SURFACE_STYLE_FILL_AREA(#3691);
#3546=SURFACE_STYLE_FILL_AREA(#3692);
#3547=SURFACE_STYLE_FILL_AREA(#3693);
#3548=SURFACE_STYLE_FILL_AREA(#3694);
#3549=SURFACE_STYLE_FILL_AREA(#3695);
#3550=SURFACE_STYLE_FILL_AREA(#3696);
#3551=SURFACE_STYLE_FILL_AREA(#3697);
#3552=SURFACE_STYLE_FILL_AREA(#3698);
#3553=SURFACE_STYLE_FILL_AREA(#3699);
#3554=SURFACE_STYLE_FILL_AREA(#3700);
#3555=SURFACE_STYLE_FILL_AREA(#3701);
#3556=SURFACE_STYLE_FILL_AREA(#3702);
#3557=SURFACE_STYLE_FILL_AREA(#3703);
#3558=SURFACE_STYLE_FILL_AREA(#3704);
#3559=SURFACE_STYLE_FILL_AREA(#3705);
#3560=SURFACE_STYLE_FILL_AREA(#3706);
#3561=SURFACE_STYLE_FILL_AREA(#3707);
#3562=SURFACE_STYLE_FILL_AREA(#3708);
#3563=SURFACE_STYLE_FILL_AREA(#3709);
#3564=SURFACE_STYLE_FILL_AREA(#3710);
#3565=SURFACE_STYLE_FILL_AREA(#3711);
#3566=SURFACE_STYLE_FILL_AREA(#3712);
#3567=SURFACE_STYLE_FILL_AREA(#3713);
#3568=SURFACE_STYLE_FILL_AREA(#3714);
#3569=SURFACE_STYLE_FILL_AREA(#3715);
#3570=SURFACE_STYLE_FILL_AREA(#3716);
#3571=SURFACE_STYLE_FILL_AREA(#3717);
#3572=SURFACE_STYLE_FILL_AREA(#3718);
#3573=SURFACE_STYLE_FILL_AREA(#3719);
#3574=SURFACE_STYLE_FILL_AREA(#3720);
#3575=SURFACE_STYLE_FILL_AREA(#3721);
#3576=SURFACE_STYLE_FILL_AREA(#3722);
#3577=SURFACE_STYLE_FILL_AREA(#3723);
#3578=SURFACE_STYLE_FILL_AREA(#3724);
#3579=SURFACE_STYLE_FILL_AREA(#3725);
#3580=SURFACE_STYLE_FILL_AREA(#3726);
#3581=SURFACE_STYLE_FILL_AREA(#3727);
#3582=SURFACE_STYLE_FILL_AREA(#3728);
#3583=SURFACE_STYLE_FILL_AREA(#3729);
#3584=SURFACE_STYLE_FILL_AREA(#3730);
#3585=SURFACE_STYLE_FILL_AREA(#3731);
#3586=SURFACE_STYLE_FILL_AREA(#3732);
#3587=SURFACE_STYLE_FILL_AREA(#3733);
#3588=SURFACE_STYLE_FILL_AREA(#3734);
#3589=SURFACE_STYLE_FILL_AREA(#3735);
#3590=SURFACE_STYLE_FILL_AREA(#3736);
#3591=SURFACE_STYLE_FILL_AREA(#3737);
#3592=SURFACE_STYLE_FILL_AREA(#3738);
#3593=SURFACE_STYLE_FILL_AREA(#3739);
#3594=SURFACE_STYLE_FILL_AREA(#3740);
#3595=SURFACE_STYLE_FILL_AREA(#3741);
#3596=SURFACE_STYLE_FILL_AREA(#3742);
#3597=SURFACE_STYLE_FILL_AREA(#3743);
#3598=SURFACE_STYLE_FILL_AREA(#3744);
#3599=SURFACE_STYLE_FILL_AREA(#3745);
#3600=SURFACE_STYLE_FILL_AREA(#3746);
#3601=SURFACE_STYLE_FILL_AREA(#3747);
#3602=SURFACE_STYLE_FILL_AREA(#3748);
#3603=SURFACE_STYLE_FILL_AREA(#3749);
#3604=SURFACE_STYLE_FILL_AREA(#3750);
#3605=SURFACE_STYLE_FILL_AREA(#3751);
#3606=SURFACE_STYLE_FILL_AREA(#3752);
#3607=SURFACE_STYLE_FILL_AREA(#3753);
#3608=SURFACE_STYLE_FILL_AREA(#3754);
#3609=SURFACE_STYLE_FILL_AREA(#3755);
#3610=SURFACE_STYLE_FILL_AREA(#3756);
#3611=SURFACE_STYLE_FILL_AREA(#3757);
#3612=SURFACE_STYLE_FILL_AREA(#3758);
#3613=SURFACE_STYLE_FILL_AREA(#3759);
#3614=SURFACE_STYLE_FILL_AREA(#3760);
#3615=SURFACE_STYLE_FILL_AREA(#3761);
#3616=SURFACE_STYLE_FILL_AREA(#3762);
#3617=SURFACE_STYLE_FILL_AREA(#3763);
#3618=SURFACE_STYLE_FILL_AREA(#3764);
#3619=SURFACE_STYLE_FILL_AREA(#3765);
#3620=SURFACE_STYLE_FILL_AREA(#3766);
#3621=SURFACE_STYLE_FILL_AREA(#3767);
#3622=SURFACE_STYLE_FILL_AREA(#3768);
#3623=SURFACE_STYLE_FILL_AREA(#3769);
#3624=SURFACE_STYLE_FILL_AREA(#3770);
#3625=SURFACE_STYLE_FILL_AREA(#3771);
#3626=SURFACE_STYLE_FILL_AREA(#3772);
#3627=SURFACE_STYLE_FILL_AREA(#3773);
#3628=SURFACE_STYLE_FILL_AREA(#3774);
#3629=SURFACE_STYLE_FILL_AREA(#3775);
#3630=SURFACE_STYLE_FILL_AREA(#3776);
#3631=SURFACE_STYLE_FILL_AREA(#3777);
#3632=SURFACE_STYLE_FILL_AREA(#3778);
#3633=SURFACE_STYLE_FILL_AREA(#3779);
#3634=SURFACE_STYLE_FILL_AREA(#3780);
#3635=SURFACE_STYLE_FILL_AREA(#3781);
#3636=SURFACE_STYLE_FILL_AREA(#3782);
#3637=SURFACE_STYLE_FILL_AREA(#3783);
#3638=SURFACE_STYLE_FILL_AREA(#3784);
#3639=SURFACE_STYLE_FILL_AREA(#3785);
#3640=SURFACE_STYLE_FILL_AREA(#3786);
#3641=FILL_AREA_STYLE('',(#3787));
#3642=FILL_AREA_STYLE('',(#3788));
#3643=FILL_AREA_STYLE('',(#3789));
#3644=FILL_AREA_STYLE('',(#3790));
#3645=FILL_AREA_STYLE('',(#3791));
#3646=FILL_AREA_STYLE('',(#3792));
#3647=FILL_AREA_STYLE('',(#3793));
#3648=FILL_AREA_STYLE('',(#3794));
#3649=FILL_AREA_STYLE('',(#3795));
#3650=FILL_AREA_STYLE('',(#3796));
#3651=FILL_AREA_STYLE('',(#3797));
#3652=FILL_AREA_STYLE('',(#3798));
#3653=FILL_AREA_STYLE('',(#3799));
#3654=FILL_AREA_STYLE('',(#3800));
#3655=FILL_AREA_STYLE('',(#3801));
#3656=FILL_AREA_STYLE('',(#3802));
#3657=FILL_AREA_STYLE('',(#3803));
#3658=FILL_AREA_STYLE('',(#3804));
#3659=FILL_AREA_STYLE('',(#3805));
#3660=FILL_AREA_STYLE('',(#3806));
#3661=FILL_AREA_STYLE('',(#3807));
#3662=FILL_AREA_STYLE('',(#3808));
#3663=FILL_AREA_STYLE('',(#3809));
#3664=FILL_AREA_STYLE('',(#3810));
#3665=FILL_AREA_STYLE('',(#3811));
#3666=FILL_AREA_STYLE('',(#3812));
#3667=FILL_AREA_STYLE('',(#3813));
#3668=FILL_AREA_STYLE('',(#3814));
#3669=FILL_AREA_STYLE('',(#3815));
#3670=FILL_AREA_STYLE('',(#3816));
#3671=FILL_AREA_STYLE('',(#3817));
#3672=FILL_AREA_STYLE('',(#3818));
#3673=FILL_AREA_STYLE('',(#3819));
#3674=FILL_AREA_STYLE('',(#3820));
#3675=FILL_AREA_STYLE('',(#3821));
#3676=FILL_AREA_STYLE('',(#3822));
#3677=FILL_AREA_STYLE('',(#3823));
#3678=FILL_AREA_STYLE('',(#3824));
#3679=FILL_AREA_STYLE('',(#3825));
#3680=FILL_AREA_STYLE('',(#3826));
#3681=FILL_AREA_STYLE('',(#3827));
#3682=FILL_AREA_STYLE('',(#3828));
#3683=FILL_AREA_STYLE('',(#3829));
#3684=FILL_AREA_STYLE('',(#3830));
#3685=FILL_AREA_STYLE('',(#3831));
#3686=FILL_AREA_STYLE('',(#3832));
#3687=FILL_AREA_STYLE('',(#3833));
#3688=FILL_AREA_STYLE('',(#3834));
#3689=FILL_AREA_STYLE('',(#3835));
#3690=FILL_AREA_STYLE('',(#3836));
#3691=FILL_AREA_STYLE('',(#3837));
#3692=FILL_AREA_STYLE('',(#3838));
#3693=FILL_AREA_STYLE('',(#3839));
#3694=FILL_AREA_STYLE('',(#3840));
#3695=FILL_AREA_STYLE('',(#3841));
#3696=FILL_AREA_STYLE('',(#3842));
#3697=FILL_AREA_STYLE('',(#3843));
#3698=FILL_AREA_STYLE('',(#3844));
#3699=FILL_AREA_STYLE('',(#3845));
#3700=FILL_AREA_STYLE('',(#3846));
#3701=FILL_AREA_STYLE('',(#3847));
#3702=FILL_AREA_STYLE('',(#3848));
#3703=FILL_AREA_STYLE('',(#3849));
#3704=FILL_AREA_STYLE('',(#3850));
#3705=FILL_AREA_STYLE('',(#3851));
#3706=FILL_AREA_STYLE('',(#3852));
#3707=FILL_AREA_STYLE('',(#3853));
#3708=FILL_AREA_STYLE('',(#3854));
#3709=FILL_AREA_STYLE('',(#3855));
#3710=FILL_AREA_STYLE('',(#3856));
#3711=FILL_AREA_STYLE('',(#3857));
#3712=FILL_AREA_STYLE('',(#3858));
#3713=FILL_AREA_STYLE('',(#3859));
#3714=FILL_AREA_STYLE('',(#3860));
#3715=FILL_AREA_STYLE('',(#3861));
#3716=FILL_AREA_STYLE('',(#3862));
#3717=FILL_AREA_STYLE('',(#3863));
#3718=FILL_AREA_STYLE('',(#3864));
#3719=FILL_AREA_STYLE('',(#3865));
#3720=FILL_AREA_STYLE('',(#3866));
#3721=FILL_AREA_STYLE('',(#3867));
#3722=FILL_AREA_STYLE('',(#3868));
#3723=FILL_AREA_STYLE('',(#3869));
#3724=FILL_AREA_STYLE('',(#3870));
#3725=FILL_AREA_STYLE('',(#3871));
#3726=FILL_AREA_STYLE('',(#3872));
#3727=FILL_AREA_STYLE('',(#3873));
#3728=FILL_AREA_STYLE('',(#3874));
#3729=FILL_AREA_STYLE('',(#3875));
#3730=FILL_AREA_STYLE('',(#3876));
#3731=FILL_AREA_STYLE('',(#3877));
#3732=FILL_AREA_STYLE('',(#3878));
#3733=FILL_AREA_STYLE('',(#3879));
#3734=FILL_AREA_STYLE('',(#3880));
#3735=FILL_AREA_STYLE('',(#3881));
#3736=FILL_AREA_STYLE('',(#3882));
#3737=FILL_AREA_STYLE('',(#3883));
#3738=FILL_AREA_STYLE('',(#3884));
#3739=FILL_AREA_STYLE('',(#3885));
#3740=FILL_AREA_STYLE('',(#3886));
#3741=FILL_AREA_STYLE('',(#3887));
#3742=FILL_AREA_STYLE('',(#3888));
#3743=FILL_AREA_STYLE('',(#3889));
#3744=FILL_AREA_STYLE('',(#3890));
#3745=FILL_AREA_STYLE('',(#3891));
#3746=FILL_AREA_STYLE('',(#3892));
#3747=FILL_AREA_STYLE('',(#3893));
#3748=FILL_AREA_STYLE('',(#3894));
#3749=FILL_AREA_STYLE('',(#3895));
#3750=FILL_AREA_STYLE('',(#3896));
#3751=FILL_AREA_STYLE('',(#3897));
#3752=FILL_AREA_STYLE('',(#3898));
#3753=FILL_AREA_STYLE('',(#3899));
#3754=FILL_AREA_STYLE('',(#3900));
#3755=FILL_AREA_STYLE('',(#3901));
#3756=FILL_AREA_STYLE('',(#3902));
#3757=FILL_AREA_STYLE('',(#3903));
#3758=FILL_AREA_STYLE('',(#3904));
#3759=FILL_AREA_STYLE('',(#3905));
#3760=FILL_AREA_STYLE('',(#3906));
#3761=FILL_AREA_STYLE('',(#3907));
#3762=FILL_AREA_STYLE('',(#3908));
#3763=FILL_AREA_STYLE('',(#3909));
#3764=FILL_AREA_STYLE('',(#3910));
#3765=FILL_AREA_STYLE('',(#3911));
#3766=FILL_AREA_STYLE('',(#3912));
#3767=FILL_AREA_STYLE('',(#3913));
#3768=FILL_AREA_STYLE('',(#3914));
#3769=FILL_AREA_STYLE('',(#3915));
#3770=FILL_AREA_STYLE('',(#3916));
#3771=FILL_AREA_STYLE('',(#3917));
#3772=FILL_AREA_STYLE('',(#3918));
#3773=FILL_AREA_STYLE('',(#3919));
#3774=FILL_AREA_STYLE('',(#3920));
#3775=FILL_AREA_STYLE('',(#3921));
#3776=FILL_AREA_STYLE('',(#3922));
#3777=FILL_AREA_STYLE('',(#3923));
#3778=FILL_AREA_STYLE('',(#3924));
#3779=FILL_AREA_STYLE('',(#3925));
#3780=FILL_AREA_STYLE('',(#3926));
#3781=FILL_AREA_STYLE('',(#3927));
#3782=FILL_AREA_STYLE('',(#3928));
#3783=FILL_AREA_STYLE('',(#3929));
#3784=FILL_AREA_STYLE('',(#3930));
#3785=FILL_AREA_STYLE('',(#3931));
#3786=FILL_AREA_STYLE('',(#3932));
#3787=FILL_AREA_STYLE_COLOUR('',#3933);
#3788=FILL_AREA_STYLE_COLOUR('',#3934);
#3789=FILL_AREA_STYLE_COLOUR('',#3934);
#3790=FILL_AREA_STYLE_COLOUR('',#3935);
#3791=FILL_AREA_STYLE_COLOUR('',#3935);
#3792=FILL_AREA_STYLE_COLOUR('',#3934);
#3793=FILL_AREA_STYLE_COLOUR('',#3934);
#3794=FILL_AREA_STYLE_COLOUR('',#3934);
#3795=FILL_AREA_STYLE_COLOUR('',#3934);
#3796=FILL_AREA_STYLE_COLOUR('',#3934);
#3797=FILL_AREA_STYLE_COLOUR('',#3934);
#3798=FILL_AREA_STYLE_COLOUR('',#3934);
#3799=FILL_AREA_STYLE_COLOUR('',#3934);
#3800=FILL_AREA_STYLE_COLOUR('',#3934);
#3801=FILL_AREA_STYLE_COLOUR('',#3934);
#3802=FILL_AREA_STYLE_COLOUR('',#3934);
#3803=FILL_AREA_STYLE_COLOUR('',#3934);
#3804=FILL_AREA_STYLE_COLOUR('',#3934);
#3805=FILL_AREA_STYLE_COLOUR('',#3934);
#3806=FILL_AREA_STYLE_COLOUR('',#3934);
#3807=FILL_AREA_STYLE_COLOUR('',#3934);
#3808=FILL_AREA_STYLE_COLOUR('',#3934);
#3809=FILL_AREA_STYLE_COLOUR('',#3934);
#3810=FILL_AREA_STYLE_COLOUR('',#3934);
#3811=FILL_AREA_STYLE_COLOUR('',#3934);
#3812=FILL_AREA_STYLE_COLOUR('',#3934);
#3813=FILL_AREA_STYLE_COLOUR('',#3934);
#3814=FILL_AREA_STYLE_COLOUR('',#3934);
#3815=FILL_AREA_STYLE_COLOUR('',#3934);
#3816=FILL_AREA_STYLE_COLOUR('',#3934);
#3817=FILL_AREA_STYLE_COLOUR('',#3934);
#3818=FILL_AREA_STYLE_COLOUR('',#3934);
#3819=FILL_AREA_STYLE_COLOUR('',#3934);
#3820=FILL_AREA_STYLE_COLOUR('',#3934);
#3821=FILL_AREA_STYLE_COLOUR('',#3934);
#3822=FILL_AREA_STYLE_COLOUR('',#3934);
#3823=FILL_AREA_STYLE_COLOUR('',#3934);
#3824=FILL_AREA_STYLE_COLOUR('',#3934);
#3825=FILL_AREA_STYLE_COLOUR('',#3934);
#3826=FILL_AREA_STYLE_COLOUR('',#3934);
#3827=FILL_AREA_STYLE_COLOUR('',#3934);
#3828=FILL_AREA_STYLE_COLOUR('',#3934);
#3829=FILL_AREA_STYLE_COLOUR('',#3934);
#3830=FILL_AREA_STYLE_COLOUR('',#3934);
#3831=FILL_AREA_STYLE_COLOUR('',#3934);
#3832=FILL_AREA_STYLE_COLOUR('',#3934);
#3833=FILL_AREA_STYLE_COLOUR('',#3934);
#3834=FILL_AREA_STYLE_COLOUR('',#3935);
#3835=FILL_AREA_STYLE_COLOUR('',#3935);
#3836=FILL_AREA_STYLE_COLOUR('',#28);
#3837=FILL_AREA_STYLE_COLOUR('',#28);
#3838=FILL_AREA_STYLE_COLOUR('',#3936);
#3839=FILL_AREA_STYLE_COLOUR('',#3937);
#3840=FILL_AREA_STYLE_COLOUR('',#3937);
#3841=FILL_AREA_STYLE_COLOUR('',#3937);
#3842=FILL_AREA_STYLE_COLOUR('',#3934);
#3843=FILL_AREA_STYLE_COLOUR('',#3934);
#3844=FILL_AREA_STYLE_COLOUR('',#3934);
#3845=FILL_AREA_STYLE_COLOUR('',#3934);
#3846=FILL_AREA_STYLE_COLOUR('',#3934);
#3847=FILL_AREA_STYLE_COLOUR('',#3934);
#3848=FILL_AREA_STYLE_COLOUR('',#3934);
#3849=FILL_AREA_STYLE_COLOUR('',#3934);
#3850=FILL_AREA_STYLE_COLOUR('',#3934);
#3851=FILL_AREA_STYLE_COLOUR('',#3934);
#3852=FILL_AREA_STYLE_COLOUR('',#3938);
#3853=FILL_AREA_STYLE_COLOUR('',#3934);
#3854=FILL_AREA_STYLE_COLOUR('',#3939);
#3855=FILL_AREA_STYLE_COLOUR('',#3934);
#3856=FILL_AREA_STYLE_COLOUR('',#3934);
#3857=FILL_AREA_STYLE_COLOUR('',#3934);
#3858=FILL_AREA_STYLE_COLOUR('',#3934);
#3859=FILL_AREA_STYLE_COLOUR('',#3934);
#3860=FILL_AREA_STYLE_COLOUR('',#3934);
#3861=FILL_AREA_STYLE_COLOUR('',#3934);
#3862=FILL_AREA_STYLE_COLOUR('',#3934);
#3863=FILL_AREA_STYLE_COLOUR('',#3934);
#3864=FILL_AREA_STYLE_COLOUR('',#3934);
#3865=FILL_AREA_STYLE_COLOUR('',#3934);
#3866=FILL_AREA_STYLE_COLOUR('',#3934);
#3867=FILL_AREA_STYLE_COLOUR('',#3934);
#3868=FILL_AREA_STYLE_COLOUR('',#3934);
#3869=FILL_AREA_STYLE_COLOUR('',#3934);
#3870=FILL_AREA_STYLE_COLOUR('',#3934);
#3871=FILL_AREA_STYLE_COLOUR('',#3934);
#3872=FILL_AREA_STYLE_COLOUR('',#3934);
#3873=FILL_AREA_STYLE_COLOUR('',#3934);
#3874=FILL_AREA_STYLE_COLOUR('',#3934);
#3875=FILL_AREA_STYLE_COLOUR('',#3934);
#3876=FILL_AREA_STYLE_COLOUR('',#3934);
#3877=FILL_AREA_STYLE_COLOUR('',#3934);
#3878=FILL_AREA_STYLE_COLOUR('',#3934);
#3879=FILL_AREA_STYLE_COLOUR('',#3934);
#3880=FILL_AREA_STYLE_COLOUR('',#3934);
#3881=FILL_AREA_STYLE_COLOUR('',#3934);
#3882=FILL_AREA_STYLE_COLOUR('',#3934);
#3883=FILL_AREA_STYLE_COLOUR('',#3934);
#3884=FILL_AREA_STYLE_COLOUR('',#3934);
#3885=FILL_AREA_STYLE_COLOUR('',#3934);
#3886=FILL_AREA_STYLE_COLOUR('',#3934);
#3887=FILL_AREA_STYLE_COLOUR('',#3934);
#3888=FILL_AREA_STYLE_COLOUR('',#3934);
#3889=FILL_AREA_STYLE_COLOUR('',#3934);
#3890=FILL_AREA_STYLE_COLOUR('',#3934);
#3891=FILL_AREA_STYLE_COLOUR('',#3939);
#3892=FILL_AREA_STYLE_COLOUR('',#3934);
#3893=FILL_AREA_STYLE_COLOUR('',#3934);
#3894=FILL_AREA_STYLE_COLOUR('',#3934);
#3895=FILL_AREA_STYLE_COLOUR('',#3934);
#3896=FILL_AREA_STYLE_COLOUR('',#3934);
#3897=FILL_AREA_STYLE_COLOUR('',#28);
#3898=FILL_AREA_STYLE_COLOUR('',#28);
#3899=FILL_AREA_STYLE_COLOUR('',#28);
#3900=FILL_AREA_STYLE_COLOUR('',#28);
#3901=FILL_AREA_STYLE_COLOUR('',#28);
#3902=FILL_AREA_STYLE_COLOUR('',#3935);
#3903=FILL_AREA_STYLE_COLOUR('',#3935);
#3904=FILL_AREA_STYLE_COLOUR('',#3935);
#3905=FILL_AREA_STYLE_COLOUR('',#28);
#3906=FILL_AREA_STYLE_COLOUR('',#28);
#3907=FILL_AREA_STYLE_COLOUR('',#3934);
#3908=FILL_AREA_STYLE_COLOUR('',#3933);
#3909=FILL_AREA_STYLE_COLOUR('',#28);
#3910=FILL_AREA_STYLE_COLOUR('',#3933);
#3911=FILL_AREA_STYLE_COLOUR('',#28);
#3912=FILL_AREA_STYLE_COLOUR('',#28);
#3913=FILL_AREA_STYLE_COLOUR('',#3935);
#3914=FILL_AREA_STYLE_COLOUR('',#3935);
#3915=FILL_AREA_STYLE_COLOUR('',#3935);
#3916=FILL_AREA_STYLE_COLOUR('',#3935);
#3917=FILL_AREA_STYLE_COLOUR('',#3935);
#3918=FILL_AREA_STYLE_COLOUR('',#3935);
#3919=FILL_AREA_STYLE_COLOUR('',#3935);
#3920=FILL_AREA_STYLE_COLOUR('',#28);
#3921=FILL_AREA_STYLE_COLOUR('',#28);
#3922=FILL_AREA_STYLE_COLOUR('',#28);
#3923=FILL_AREA_STYLE_COLOUR('',#3933);
#3924=FILL_AREA_STYLE_COLOUR('',#28);
#3925=FILL_AREA_STYLE_COLOUR('',#3933);
#3926=FILL_AREA_STYLE_COLOUR('',#28);
#3927=FILL_AREA_STYLE_COLOUR('',#28);
#3928=FILL_AREA_STYLE_COLOUR('',#3935);
#3929=FILL_AREA_STYLE_COLOUR('',#3935);
#3930=FILL_AREA_STYLE_COLOUR('',#3935);
#3931=FILL_AREA_STYLE_COLOUR('',#3935);
#3932=FILL_AREA_STYLE_COLOUR('',#28);
#3933=COLOUR_RGB('',0.647058823529412,0.647058823529412,0.647058823529412);
#3934=COLOUR_RGB('',0.945098039215686,0.937254901960784,0.937254901960784);
#3935=COLOUR_RGB('',0.43921568627451,0.474509803921569,0.501960784313726);
#3936=COLOUR_RGB('',0.0862745098039216,0.31764705882353,0.690196078431373);
#3937=COLOUR_RGB('',0.231372549019608,0.380392156862745,0.705882352941177);
#3938=COLOUR_RGB('',0.615686274509804,0.811764705882353,0.929411764705882);
#3939=COLOUR_RGB('',0.972549019607843,0.529411764705882,0.00392156862745098);
#3940=MANIFOLD_SOLID_BREP('Part 2',#3051);
#3941=MANIFOLD_SOLID_BREP('Part 3',#3052);
#3942=MANIFOLD_SOLID_BREP('Part 1',#3053);
#3943=SHAPE_DEFINITION_REPRESENTATION(#10078,#3947);
#3944=SHAPE_DEFINITION_REPRESENTATION(#10079,#3948);
#3945=SHAPE_DEFINITION_REPRESENTATION(#10081,#3949);
#3946=SHAPE_DEFINITION_REPRESENTATION(#10083,#3950);
#3947=SHAPE_REPRESENTATION('Assembly 1',(#3951,#4034,#4047,#4157),#10067);
#3948=SHAPE_REPRESENTATION('Part 2',(#3951),#10068);
#3949=SHAPE_REPRESENTATION('Part 3',(#3951),#10069);
#3950=SHAPE_REPRESENTATION('Part 1',(#3951),#10070);
#3951=AXIS2_PLACEMENT_3D('',#4810,#4158,#4159);
#3952=AXIS2_PLACEMENT_3D('',#4811,#4160,#4161);
#3953=AXIS2_PLACEMENT_3D('',#4824,#4162,#4163);
#3954=AXIS2_PLACEMENT_3D('',#4840,#4165,#4166);
#3955=AXIS2_PLACEMENT_3D('',#4872,#4168,#4169);
#3956=AXIS2_PLACEMENT_3D('',#4873,#4170,#4171);
#3957=AXIS2_PLACEMENT_3D('',#4877,#4174,#4175);
#3958=AXIS2_PLACEMENT_3D('',#4878,#4176,#4177);
#3959=AXIS2_PLACEMENT_3D('',#4881,#4178,#4179);
#3960=AXIS2_PLACEMENT_3D('',#4883,#4180,#4181);
#3961=AXIS2_PLACEMENT_3D('',#4885,#4182,#4183);
#3962=AXIS2_PLACEMENT_3D('',#4886,#4184,#4185);
#3963=AXIS2_PLACEMENT_3D('',#4888,#4186,#4187);
#3964=AXIS2_PLACEMENT_3D('',#4892,#4189,#4190);
#3965=AXIS2_PLACEMENT_3D('',#4901,#4192,#4193);
#3966=AXIS2_PLACEMENT_3D('',#4902,#4194,#4195);
#3967=AXIS2_PLACEMENT_3D('',#4903,#4196,#4197);
#3968=AXIS2_PLACEMENT_3D('',#4906,#4198,#4199);
#3969=AXIS2_PLACEMENT_3D('',#4908,#4200,#4201);
#3970=AXIS2_PLACEMENT_3D('',#4910,#4202,#4203);
#3971=AXIS2_PLACEMENT_3D('',#4911,#4204,#4205);
#3972=AXIS2_PLACEMENT_3D('',#4921,#4208,#4209);
#3973=AXIS2_PLACEMENT_3D('',#4924,#4211,#4212);
#3974=AXIS2_PLACEMENT_3D('',#4972,#4220,#4221);
#3975=AXIS2_PLACEMENT_3D('',#4986,#4229,#4230);
#3976=AXIS2_PLACEMENT_3D('',#5031,#4237,#4238);
#3977=AXIS2_PLACEMENT_3D('',#5048,#4247,#4248);
#3978=AXIS2_PLACEMENT_3D('',#5054,#4252,#4253);
#3979=AXIS2_PLACEMENT_3D('',#5067,#4258,#4259);
#3980=AXIS2_PLACEMENT_3D('',#5078,#4263,#4264);
#3981=AXIS2_PLACEMENT_3D('',#5172,#4272,#4273);
#3982=AXIS2_PLACEMENT_3D('',#5179,#4275,#4276);
#3983=AXIS2_PLACEMENT_3D('',#5181,#4278,#4279);
#3984=AXIS2_PLACEMENT_3D('',#5189,#4280,#4281);
#3985=AXIS2_PLACEMENT_3D('',#5198,#4282,#4283);
#3986=AXIS2_PLACEMENT_3D('',#5224,#4285,#4286);
#3987=AXIS2_PLACEMENT_3D('',#5249,#4287,#4288);
#3988=AXIS2_PLACEMENT_3D('',#5262,#4289,#4290);
#3989=AXIS2_PLACEMENT_3D('',#5265,#4293,#4294);
#3990=AXIS2_PLACEMENT_3D('',#5266,#4295,#4296);
#3991=AXIS2_PLACEMENT_3D('',#5267,#4297,#4298);
#3992=AXIS2_PLACEMENT_3D('',#5273,#4302,#4303);
#3993=AXIS2_PLACEMENT_3D('',#5276,#4306,#4307);
#3994=AXIS2_PLACEMENT_3D('',#5277,#4308,#4309);
#3995=AXIS2_PLACEMENT_3D('',#5278,#4310,#4311);
#3996=AXIS2_PLACEMENT_3D('',#5285,#4313,#4314);
#3997=AXIS2_PLACEMENT_3D('',#5323,#4317,#4318);
#3998=AXIS2_PLACEMENT_3D('',#5329,#4320,#4321);
#3999=AXIS2_PLACEMENT_3D('',#5337,#4326,#4327);
#4000=AXIS2_PLACEMENT_3D('',#5344,#4329,#4330);
#4001=AXIS2_PLACEMENT_3D('',#5382,#4333,#4334);
#4002=AXIS2_PLACEMENT_3D('',#5388,#4336,#4337);
#4003=AXIS2_PLACEMENT_3D('',#5392,#4340,#4341);
#4004=AXIS2_PLACEMENT_3D('',#5396,#4344,#4345);
#4005=AXIS2_PLACEMENT_3D('',#5398,#4347,#4348);
#4006=AXIS2_PLACEMENT_3D('',#5399,#4349,#4350);
#4007=AXIS2_PLACEMENT_3D('',#5403,#4353,#4354);
#4008=AXIS2_PLACEMENT_3D('',#5409,#4358,#4359);
#4009=AXIS2_PLACEMENT_3D('',#5411,#4361,#4362);
#4010=AXIS2_PLACEMENT_3D('',#5413,#4364,#4365);
#4011=AXIS2_PLACEMENT_3D('',#5414,#4366,#4367);
#4012=AXIS2_PLACEMENT_3D('',#5416,#4368,#4369);
#4013=AXIS2_PLACEMENT_3D('',#5417,#4370,#4371);
#4014=AXIS2_PLACEMENT_3D('',#5418,#4372,#4373);
#4015=AXIS2_PLACEMENT_3D('',#5419,#4374,#4375);
#4016=AXIS2_PLACEMENT_3D('',#5421,#4376,#4377);
#4017=AXIS2_PLACEMENT_3D('',#5423,#4378,#4379);
#4018=AXIS2_PLACEMENT_3D('',#5424,#4380,#4381);
#4019=AXIS2_PLACEMENT_3D('',#5445,#4382,#4383);
#4020=AXIS2_PLACEMENT_3D('',#5447,#4384,#4385);
#4021=AXIS2_PLACEMENT_3D('',#5468,#4386,#4387);
#4022=AXIS2_PLACEMENT_3D('',#5469,#4388,#4389);
#4023=AXIS2_PLACEMENT_3D('',#5471,#4390,#4391);
#4024=AXIS2_PLACEMENT_3D('',#5674,#4392,#4393);
#4025=AXIS2_PLACEMENT_3D('',#5699,#4398,#4399);
#4026=AXIS2_PLACEMENT_3D('',#5742,#4402,#4403);
#4027=AXIS2_PLACEMENT_3D('',#5781,#4406,#4407);
#4028=AXIS2_PLACEMENT_3D('',#5814,#4408,#4409);
#4029=AXIS2_PLACEMENT_3D('',#5815,#4410,#4411);
#4030=AXIS2_PLACEMENT_3D('',#5884,#4416,#4417);
#4031=AXIS2_PLACEMENT_3D('',#5916,#4420,#4421);
#4032=AXIS2_PLACEMENT_3D('',#5920,#4424,#4425);
#4033=AXIS2_PLACEMENT_3D('',#5948,#4428,#4429);
#4034=AXIS2_PLACEMENT_3D('',#5949,#4430,#4431);
#4035=AXIS2_PLACEMENT_3D('',#5950,#4432,#4433);
#4036=AXIS2_PLACEMENT_3D('',#5960,#4435,#4436);
#4037=AXIS2_PLACEMENT_3D('',#6081,#4441,#4442);
#4038=AXIS2_PLACEMENT_3D('',#6087,#4446,#4447);
#4039=AXIS2_PLACEMENT_3D('',#6237,#4456,#4457);
#4040=AXIS2_PLACEMENT_3D('',#6311,#4461,#4462);
#4041=AXIS2_PLACEMENT_3D('',#6313,#4464,#4465);
#4042=AXIS2_PLACEMENT_3D('',#6315,#4467,#4468);
#4043=AXIS2_PLACEMENT_3D('',#6316,#4469,#4470);
#4044=AXIS2_PLACEMENT_3D('',#6365,#4476,#4477);
#4045=AXIS2_PLACEMENT_3D('',#6369,#4480,#4481);
#4046=AXIS2_PLACEMENT_3D('',#6371,#4483,#4484);
#4047=AXIS2_PLACEMENT_3D('',#6372,#4485,#4486);
#4048=AXIS2_PLACEMENT_3D('',#6536,#4495,#4496);
#4049=AXIS2_PLACEMENT_3D('',#6767,#4499,#4500);
#4050=AXIS2_PLACEMENT_3D('',#6770,#4502,#4503);
#4051=AXIS2_PLACEMENT_3D('',#6771,#4504,#4505);
#4052=AXIS2_PLACEMENT_3D('',#6774,#4507,#4508);
#4053=AXIS2_PLACEMENT_3D('',#6775,#4509,#4510);
#4054=AXIS2_PLACEMENT_3D('',#6778,#4512,#4513);
#4055=AXIS2_PLACEMENT_3D('',#6779,#4514,#4515);
#4056=AXIS2_PLACEMENT_3D('',#6782,#4517,#4518);
#4057=AXIS2_PLACEMENT_3D('',#6783,#4519,#4520);
#4058=AXIS2_PLACEMENT_3D('',#6784,#4521,#4522);
#4059=AXIS2_PLACEMENT_3D('',#6785,#4523,#4524);
#4060=AXIS2_PLACEMENT_3D('',#6787,#4526,#4527);
#4061=AXIS2_PLACEMENT_3D('',#6804,#4536,#4537);
#4062=AXIS2_PLACEMENT_3D('',#6805,#4538,#4539);
#4063=AXIS2_PLACEMENT_3D('',#6807,#4540,#4541);
#4064=AXIS2_PLACEMENT_3D('',#6809,#4542,#4543);
#4065=AXIS2_PLACEMENT_3D('',#6812,#4544,#4545);
#4066=AXIS2_PLACEMENT_3D('',#6814,#4546,#4547);
#4067=AXIS2_PLACEMENT_3D('',#6816,#4548,#4549);
#4068=AXIS2_PLACEMENT_3D('',#6820,#4551,#4552);
#4069=AXIS2_PLACEMENT_3D('',#7595,#4559,#4560);
#4070=AXIS2_PLACEMENT_3D('',#7598,#4563,#4564);
#4071=AXIS2_PLACEMENT_3D('',#7599,#4565,#4566);
#4072=AXIS2_PLACEMENT_3D('',#7600,#4567,#4568);
#4073=AXIS2_PLACEMENT_3D('',#7601,#4569,#4570);
#4074=AXIS2_PLACEMENT_3D('',#7606,#4572,#4573);
#4075=AXIS2_PLACEMENT_3D('',#7608,#4574,#4575);
#4076=AXIS2_PLACEMENT_3D('',#7615,#4580,#4581);
#4077=AXIS2_PLACEMENT_3D('',#7626,#4587,#4588);
#4078=AXIS2_PLACEMENT_3D('',#7628,#4589,#4590);
#4079=AXIS2_PLACEMENT_3D('',#7631,#4591,#4592);
#4080=AXIS2_PLACEMENT_3D('',#7640,#4598,#4599);
#4081=AXIS2_PLACEMENT_3D('',#7642,#4601,#4602);
#4082=AXIS2_PLACEMENT_3D('',#7644,#4604,#4605);
#4083=AXIS2_PLACEMENT_3D('',#7645,#4606,#4607);
#4084=AXIS2_PLACEMENT_3D('',#7647,#4609,#4610);
#4085=AXIS2_PLACEMENT_3D('',#7649,#4612,#4613);
#4086=AXIS2_PLACEMENT_3D('',#7650,#4614,#4615);
#4087=AXIS2_PLACEMENT_3D('',#7653,#4616,#4617);
#4088=AXIS2_PLACEMENT_3D('',#7656,#4619,#4620);
#4089=AXIS2_PLACEMENT_3D('',#7660,#4622,#4623);
#4090=AXIS2_PLACEMENT_3D('',#7662,#4624,#4625);
#4091=AXIS2_PLACEMENT_3D('',#7663,#4626,#4627);
#4092=AXIS2_PLACEMENT_3D('',#7666,#4630,#4631);
#4093=AXIS2_PLACEMENT_3D('',#7669,#4634,#4635);
#4094=AXIS2_PLACEMENT_3D('',#7670,#4636,#4637);
#4095=AXIS2_PLACEMENT_3D('',#7671,#4638,#4639);
#4096=AXIS2_PLACEMENT_3D('',#7675,#4642,#4643);
#4097=AXIS2_PLACEMENT_3D('',#7679,#4646,#4647);
#4098=AXIS2_PLACEMENT_3D('',#7683,#4650,#4651);
#4099=AXIS2_PLACEMENT_3D('',#7687,#4654,#4655);
#4100=AXIS2_PLACEMENT_3D('',#7689,#4657,#4658);
#4101=AXIS2_PLACEMENT_3D('',#7767,#4662,#4663);
#4102=AXIS2_PLACEMENT_3D('',#8073,#4666,#4667);
#4103=AXIS2_PLACEMENT_3D('',#8079,#4671,#4672);
#4104=AXIS2_PLACEMENT_3D('',#8083,#4675,#4676);
#4105=AXIS2_PLACEMENT_3D('',#8087,#4679,#4680);
#4106=AXIS2_PLACEMENT_3D('',#8089,#4682,#4683);
#4107=AXIS2_PLACEMENT_3D('',#8090,#4684,#4685);
#4108=AXIS2_PLACEMENT_3D('',#8091,#4686,#4687);
#4109=AXIS2_PLACEMENT_3D('',#8140,#4691,#4692);
#4110=AXIS2_PLACEMENT_3D('',#8143,#4694,#4695);
#4111=AXIS2_PLACEMENT_3D('',#8144,#4696,#4697);
#4112=AXIS2_PLACEMENT_3D('',#8146,#4698,#4699);
#4113=AXIS2_PLACEMENT_3D('',#8149,#4701,#4702);
#4114=AXIS2_PLACEMENT_3D('',#8151,#4704,#4705);
#4115=AXIS2_PLACEMENT_3D('',#8172,#4706,#4707);
#4116=AXIS2_PLACEMENT_3D('',#8174,#4708,#4709);
#4117=AXIS2_PLACEMENT_3D('',#8195,#4710,#4711);
#4118=AXIS2_PLACEMENT_3D('',#8197,#4712,#4713);
#4119=AXIS2_PLACEMENT_3D('',#8198,#4714,#4715);
#4120=AXIS2_PLACEMENT_3D('',#8200,#4716,#4717);
#4121=AXIS2_PLACEMENT_3D('',#8201,#4718,#4719);
#4122=AXIS2_PLACEMENT_3D('',#8202,#4720,#4721);
#4123=AXIS2_PLACEMENT_3D('',#8204,#4722,#4723);
#4124=AXIS2_PLACEMENT_3D('',#9061,#4724,#4725);
#4125=AXIS2_PLACEMENT_3D('',#9062,#4726,#4727);
#4126=AXIS2_PLACEMENT_3D('',#9064,#4729,#4730);
#4127=AXIS2_PLACEMENT_3D('',#9065,#4731,#4732);
#4128=AXIS2_PLACEMENT_3D('',#9066,#4733,#4734);
#4129=AXIS2_PLACEMENT_3D('',#9067,#4735,#4736);
#4130=AXIS2_PLACEMENT_3D('',#9068,#4737,#4738);
#4131=AXIS2_PLACEMENT_3D('',#9117,#4742,#4743);
#4132=AXIS2_PLACEMENT_3D('',#9120,#4745,#4746);
#4133=AXIS2_PLACEMENT_3D('',#9121,#4747,#4748);
#4134=AXIS2_PLACEMENT_3D('',#9125,#4750,#4751);
#4135=AXIS2_PLACEMENT_3D('',#9126,#4752,#4753);
#4136=AXIS2_PLACEMENT_3D('',#9128,#4755,#4756);
#4137=AXIS2_PLACEMENT_3D('',#9149,#4757,#4758);
#4138=AXIS2_PLACEMENT_3D('',#9151,#4759,#4760);
#4139=AXIS2_PLACEMENT_3D('',#9172,#4761,#4762);
#4140=AXIS2_PLACEMENT_3D('',#9174,#4763,#4764);
#4141=AXIS2_PLACEMENT_3D('',#9175,#4765,#4766);
#4142=AXIS2_PLACEMENT_3D('',#9177,#4767,#4768);
#4143=AXIS2_PLACEMENT_3D('',#9178,#4769,#4770);
#4144=AXIS2_PLACEMENT_3D('',#9179,#4771,#4772);
#4145=AXIS2_PLACEMENT_3D('',#9181,#4773,#4774);
#4146=AXIS2_PLACEMENT_3D('',#10038,#4775,#4776);
#4147=AXIS2_PLACEMENT_3D('',#10039,#4777,#4778);
#4148=AXIS2_PLACEMENT_3D('',#10041,#4780,#4781);
#4149=AXIS2_PLACEMENT_3D('',#10042,#4782,#4783);
#4150=AXIS2_PLACEMENT_3D('',#10043,#4784,#4785);
#4151=AXIS2_PLACEMENT_3D('',#10044,#4786,#4787);
#4152=AXIS2_PLACEMENT_3D('',#10050,#4791,#4792);
#4153=AXIS2_PLACEMENT_3D('',#10054,#4795,#4796);
#4154=AXIS2_PLACEMENT_3D('',#10058,#4799,#4800);
#4155=AXIS2_PLACEMENT_3D('',#10062,#4803,#4804);
#4156=AXIS2_PLACEMENT_3D('',#10064,#4806,#4807);
#4157=AXIS2_PLACEMENT_3D('',#10065,#4808,#4809);
#4158=DIRECTION('',(0.,0.,1.));
#4159=DIRECTION('',(1.,0.,0.));
#4160=DIRECTION('',(0.997472294171012,0.0710564730423489,0.));
#4161=DIRECTION('',(-0.0710564730423489,0.997472294171012,0.));
#4162=DIRECTION('',(0.997472294171012,0.0710564730423489,0.));
#4163=DIRECTION('',(-0.0710564730423489,0.997472294171012,0.));
#4164=DIRECTION('',(-0.0707534262426972,0.993218201988452,0.0922580940283554));
#4165=DIRECTION('',(0.,0.,1.));
#4166=DIRECTION('',(1.,0.,0.));
#4167=DIRECTION('',(0.,0.,1.));
#4168=DIRECTION('',(0.,0.,-1.));
#4169=DIRECTION('',(-1.,0.,0.));
#4170=DIRECTION('',(0.,0.,-1.));
#4171=DIRECTION('',(1.,0.,0.));
#4172=DIRECTION('',(0.,-1.,0.));
#4173=DIRECTION('',(-1.,0.,0.));
#4174=DIRECTION('',(0.0682727500279817,0.993390318789457,0.0922740816209902));
#4175=DIRECTION('',(0.,-0.0924898888666846,0.995713623717898));
#4176=DIRECTION('',(0.,0.,1.));
#4177=DIRECTION('',(0.0685652737550166,0.997646632448033,0.));
#4178=DIRECTION('',(0.,-1.,0.));
#4179=DIRECTION('',(0.594786314729009,0.,0.803883847213691));
#4180=DIRECTION('',(0.,-1.38777878078145E-16,1.));
#4181=DIRECTION('',(0.0685652737550166,0.997646632448033,1.38451282722945E-16));
#4182=DIRECTION('',(0.,-1.,0.));
#4183=DIRECTION('',(0.594786314729009,0.,0.803883847213691));
#4184=DIRECTION('',(-0.999999227045416,-0.0012380162684713,-0.000114996907101036));
#4185=DIRECTION('',(-0.00124334571605824,0.995712854076489,0.0924898173762011));
#4186=DIRECTION('',(-0.999999227045416,-0.0012380162684713,-0.000114996907101036));
#4187=DIRECTION('',(-0.00124334571605824,0.995712854076489,0.0924898173762011));
#4188=DIRECTION('',(0.0682727500279817,0.993390318789457,0.0922740816209902));
#4189=DIRECTION('',(0.,-1.,0.));
#4190=DIRECTION('',(0.594786314729009,0.,0.803883847213691));
#4191=DIRECTION('',(0.0682727500279817,0.993390318789457,0.0922740816209902));
#4192=DIRECTION('',(0.,-1.,0.));
#4193=DIRECTION('',(0.594786314729009,0.,0.803883847213691));
#4194=DIRECTION('',(-0.0707534262426972,0.993218201988452,0.0922580940283553));
#4195=DIRECTION('',(0.,-0.0924898888666846,0.995713623717898));
#4196=DIRECTION('',(0.,1.,0.));
#4197=DIRECTION('',(-0.608551907288412,0.,0.793514068013691));
#4198=DIRECTION('',(0.,0.,-1.));
#4199=DIRECTION('',(-0.0710564730423489,0.997472294171012,0.));
#4200=DIRECTION('',(0.,1.,0.));
#4201=DIRECTION('',(-0.608551907288412,0.,0.793514068013691));
#4202=DIRECTION('',(0.,1.38777878078145E-16,-1.));
#4203=DIRECTION('',(-0.0710564730423489,0.997472294171012,1.38427088426792E-16));
#4204=DIRECTION('',(0.,-1.,0.));
#4205=DIRECTION('',(-0.608551907288412,0.,0.793514068013691));
#4206=DIRECTION('',(-0.0707534262426972,0.993218201988452,0.0922580940283554));
#4207=DIRECTION('',(-0.0707534262426972,0.993218201988452,0.0922580940283554));
#4208=DIRECTION('',(0.,-1.,0.));
#4209=DIRECTION('',(-0.608551907288412,0.,0.793514068013691));
#4210=DIRECTION('',(-0.0707534262426972,0.993218201988453,0.0922580940283554));
#4211=DIRECTION('',(0.,-1.38777878078145E-16,1.));
#4212=DIRECTION('',(0.,-1.,-1.38777878078145E-16));
#4213=DIRECTION('',(0.,1.,1.38777878078145E-16));
#4214=DIRECTION('',(0.707106781186548,0.707106781186548,9.8130778667736E-17));
#4215=DIRECTION('',(0.,-1.,-1.38777878078145E-16));
#4216=DIRECTION('',(1.,0.,0.));
#4217=DIRECTION('',(1.,0.,0.));
#4218=DIRECTION('',(0.,-1.,-1.38777878078145E-16));
#4219=DIRECTION('',(-1.,0.,0.));
#4220=DIRECTION('',(0.,1.,0.));
#4221=DIRECTION('',(0.,0.,1.));
#4222=DIRECTION('',(-1.,0.,0.));
#4223=DIRECTION('',(0.,0.,-1.));
#4224=DIRECTION('',(-1.,0.,0.));
#4225=DIRECTION('',(-1.,0.,0.));
#4226=DIRECTION('',(0.,-1.38777878078145E-16,1.));
#4227=DIRECTION('',(-1.,0.,0.));
#4228=DIRECTION('',(0.,-1.38777878078145E-16,1.));
#4229=DIRECTION('',(0.,1.38777878078145E-16,-1.));
#4230=DIRECTION('',(0.,1.,1.38777878078145E-16));
#4231=DIRECTION('',(0.,-1.,-1.38777878078145E-16));
#4232=DIRECTION('',(0.707106781186548,-0.707106781186548,-9.8130778667736E-17));
#4233=DIRECTION('',(0.,1.,1.38777878078145E-16));
#4234=DIRECTION('',(1.,0.,0.));
#4235=DIRECTION('',(0.,-1.,-1.38777878078145E-16));
#4236=DIRECTION('',(-1.,0.,0.));
#4237=DIRECTION('',(0.,0.,1.));
#4238=DIRECTION('',(1.,0.,0.));
#4239=DIRECTION('',(1.,0.,0.));
#4240=DIRECTION('',(0.,1.,0.));
#4241=DIRECTION('',(-1.,0.,0.));
#4242=DIRECTION('',(0.,1.,0.));
#4243=DIRECTION('',(-1.,0.,0.));
#4244=DIRECTION('',(0.,1.,0.));
#4245=DIRECTION('',(-1.,0.,0.));
#4246=DIRECTION('',(0.,1.,0.));
#4247=DIRECTION('',(0.,1.,0.));
#4248=DIRECTION('',(0.,0.,1.));
#4249=DIRECTION('',(0.,0.,-1.));
#4250=DIRECTION('',(-1.,0.,0.));
#4251=DIRECTION('',(0.,0.,-1.));
#4252=DIRECTION('',(1.,0.,0.));
#4253=DIRECTION('',(0.,1.,0.));
#4254=DIRECTION('',(0.,0.,-1.));
#4255=DIRECTION('',(0.,-0.998218352956881,0.0596667396465762));
#4256=DIRECTION('',(0.,0.988810939252995,0.149174147939951));
#4257=DIRECTION('',(0.,0.384615550002909,0.923076854165437));
#4258=DIRECTION('',(0.,-0.0596667396465761,-0.998218352956881));
#4259=DIRECTION('',(0.,0.998218352956881,-0.0596667396465762));
#4260=DIRECTION('',(1.,0.,0.));
#4261=DIRECTION('',(0.,-0.998218352956881,0.0596667396465762));
#4262=DIRECTION('',(1.,0.,0.));
#4263=DIRECTION('',(1.,0.,0.));
#4264=DIRECTION('',(0.,1.,0.));
#4265=DIRECTION('',(0.,-0.997977557081173,0.0635672522789443));
#4266=DIRECTION('',(0.,0.,-1.));
#4267=DIRECTION('',(0.,0.,1.));
#4268=DIRECTION('',(0.,0.384615550002909,0.923076854165437));
#4269=DIRECTION('',(0.,0.988810939252995,0.149174147939951));
#4270=DIRECTION('',(-1.,0.,0.));
#4271=DIRECTION('',(0.999999888709267,0.,0.000471785389447765));
#4272=DIRECTION('',(-0.997646632448032,0.0685652737550165,0.));
#4273=DIRECTION('',(-0.0685652737550166,-0.997646632448033,0.));
#4274=DIRECTION('',(0.,0.,1.));
#4275=DIRECTION('',(0.,0.0924898888666846,-0.995713623717898));
#4276=DIRECTION('',(0.,0.995713623717898,0.0924898888666846));
#4277=DIRECTION('',(-1.,0.,0.));
#4278=DIRECTION('',(0.997472294171012,0.0710564730423489,0.));
#4279=DIRECTION('',(-0.0710564730423489,0.997472294171012,0.));
#4280=DIRECTION('',(0.,-1.,0.));
#4281=DIRECTION('',(1.,0.,0.));
#4282=DIRECTION('',(0.,-1.,0.));
#4283=DIRECTION('',(1.,0.,0.));
#4284=DIRECTION('',(0.,0.,-1.));
#4285=DIRECTION('',(-0.070901819625464,0.995301309712594,-0.065941146928103));
#4286=DIRECTION('',(-0.997472294171005,-0.0710564730424522,0.));
#4287=DIRECTION('',(0.0684163756851828,0.995480117974529,-0.0658675508541399));
#4288=DIRECTION('',(-0.997646632448031,0.0685652737550389,0.));
#4289=DIRECTION('',(0.,-0.149174147939951,0.988810939252995));
#4290=DIRECTION('',(0.,-0.988810939252995,-0.149174147939951));
#4291=DIRECTION('',(-1.,0.,0.));
#4292=DIRECTION('',(1.,0.,0.));
#4293=DIRECTION('',(0.,-0.923076854165437,0.384615550002909));
#4294=DIRECTION('',(0.,-0.384615550002909,-0.923076854165437));
#4295=DIRECTION('',(0.,-0.0660643738469518,-0.997815362934551));
#4296=DIRECTION('',(0.,0.997815362934551,-0.0660643738469519));
#4297=DIRECTION('',(0.,1.,0.));
#4298=DIRECTION('',(0.,0.,1.));
#4299=DIRECTION('',(0.,0.,1.));
#4300=DIRECTION('',(-1.,0.,0.));
#4301=DIRECTION('',(0.,0.,-1.));
#4302=DIRECTION('',(0.,0.,-1.));
#4303=DIRECTION('',(-1.,0.,0.));
#4304=DIRECTION('',(0.,1.,0.));
#4305=DIRECTION('',(0.,-1.,0.));
#4306=DIRECTION('',(-1.,0.,0.));
#4307=DIRECTION('',(0.,-1.,0.));
#4308=DIRECTION('',(1.,0.,0.));
#4309=DIRECTION('',(0.,1.,0.));
#4310=DIRECTION('',(0.,1.,0.));
#4311=DIRECTION('',(0.,0.,1.));
#4312=DIRECTION('',(-1.,0.,0.));
#4313=DIRECTION('',(0.,0.,-1.));
#4314=DIRECTION('',(-1.,0.,0.));
#4315=DIRECTION('',(-0.707106781186548,0.707106781186548,0.));
#4316=DIRECTION('',(0.,-1.,0.));
#4317=DIRECTION('',(1.,0.,0.));
#4318=DIRECTION('',(0.,1.,0.));
#4319=DIRECTION('',(0.,0.,1.));
#4320=DIRECTION('',(0.,-1.,0.));
#4321=DIRECTION('',(0.,0.,-1.));
#4322=DIRECTION('',(1.,0.,0.));
#4323=DIRECTION('',(0.,0.,1.));
#4324=DIRECTION('',(1.,0.,0.));
#4325=DIRECTION('',(0.,-1.38777878078145E-16,1.));
#4326=DIRECTION('',(0.,-1.,0.));
#4327=DIRECTION('',(0.,0.,-1.));
#4328=DIRECTION('',(1.,0.,0.));
#4329=DIRECTION('',(0.,0.,1.));
#4330=DIRECTION('',(1.,0.,0.));
#4331=DIRECTION('',(0.,-1.,0.));
#4332=DIRECTION('',(-0.707106781186548,-0.707106781186548,0.));
#4333=DIRECTION('',(1.,0.,0.));
#4334=DIRECTION('',(0.,1.,0.));
#4335=DIRECTION('',(0.,0.,-1.));
#4336=DIRECTION('',(-1.,0.,0.));
#4337=DIRECTION('',(0.,0.,1.));
#4338=DIRECTION('',(0.,-1.38777878078145E-16,1.));
#4339=DIRECTION('',(0.,-1.,-1.38777878078145E-16));
#4340=DIRECTION('',(0.,-1.,-1.38777878078145E-16));
#4341=DIRECTION('',(0.,1.38777878078145E-16,-1.));
#4342=DIRECTION('',(0.,-1.38777878078145E-16,1.));
#4343=DIRECTION('',(1.,0.,0.));
#4344=DIRECTION('',(1.,0.,0.));
#4345=DIRECTION('',(0.,0.,-1.));
#4346=DIRECTION('',(0.,1.,1.38777878078145E-16));
#4347=DIRECTION('',(0.,-1.38777878078145E-16,1.));
#4348=DIRECTION('',(1.,0.,0.));
#4349=DIRECTION('',(-1.,0.,0.));
#4350=DIRECTION('',(0.,0.,1.));
#4351=DIRECTION('',(0.,-1.,-1.38777878078145E-16));
#4352=DIRECTION('',(0.,-1.38777878078145E-16,1.));
#4353=DIRECTION('',(1.,0.,0.));
#4354=DIRECTION('',(0.,0.,-1.));
#4355=DIRECTION('',(0.,1.,1.38777878078145E-16));
#4356=DIRECTION('',(0.,0.,-1.));
#4357=DIRECTION('',(0.,-1.38777878078145E-16,1.));
#4358=DIRECTION('',(0.,1.,1.38777878078145E-16));
#4359=DIRECTION('',(0.,-1.38777878078145E-16,1.));
#4360=DIRECTION('',(-1.,0.,0.));
#4361=DIRECTION('',(0.,-1.38777878078145E-16,1.));
#4362=DIRECTION('',(1.,0.,0.));
#4363=DIRECTION('',(0.707106781186548,0.707106781186548,9.8130778667736E-17));
#4364=DIRECTION('',(-1.,0.,0.));
#4365=DIRECTION('',(0.,0.,1.));
#4366=DIRECTION('',(-1.,0.,0.));
#4367=DIRECTION('',(0.,0.,1.));
#4368=DIRECTION('',(1.,0.,0.));
#4369=DIRECTION('',(0.,0.,-1.));
#4370=DIRECTION('',(1.,0.,0.));
#4371=DIRECTION('',(0.,1.,0.));
#4372=DIRECTION('',(1.,0.,0.));
#4373=DIRECTION('',(0.,0.,-1.));
#4374=DIRECTION('',(-1.,0.,0.));
#4375=DIRECTION('',(0.,0.,1.));
#4376=DIRECTION('',(1.,0.,0.));
#4377=DIRECTION('',(0.,0.,-1.));
#4378=DIRECTION('',(-1.,0.,0.));
#4379=DIRECTION('',(0.,-1.,0.));
#4380=DIRECTION('',(1.,0.,0.));
#4381=DIRECTION('',(0.,1.,0.));
#4382=DIRECTION('',(1.,0.,0.));
#4383=DIRECTION('',(0.,0.,-1.));
#4384=DIRECTION('',(1.,0.,0.));
#4385=DIRECTION('',(0.,1.,0.));
#4386=DIRECTION('',(-1.,0.,0.));
#4387=DIRECTION('',(0.,0.,1.));
#4388=DIRECTION('',(1.,0.,0.));
#4389=DIRECTION('',(0.,0.,-1.));
#4390=DIRECTION('',(1.,0.,0.));
#4391=DIRECTION('',(0.,1.,0.));
#4392=DIRECTION('',(0.00655553477126432,-0.0920248927063086,0.995735127474297));
#4393=DIRECTION('',(0.,-0.995756524040482,-0.0920268701565893));
#4394=DIRECTION('',(-0.997472294171012,-0.0710564730423489,0.));
#4395=DIRECTION('',(-0.0707534262426972,0.993218201988452,0.0922580940283554));
#4396=DIRECTION('',(-0.997472294171012,-0.0710564730423489,0.));
#4397=DIRECTION('',(-0.997472294171012,-0.0710564730423489,0.));
#4398=DIRECTION('',(0.0046855611212107,-0.0657746887924912,-0.997823499338049));
#4399=DIRECTION('',(0.,0.997834452867946,-0.0657754108290244));
#4400=DIRECTION('',(-0.997472294171012,-0.0710564730423489,0.));
#4401=DIRECTION('',(-0.997472294171012,-0.0710564730423489,0.));
#4402=DIRECTION('',(-0.0710564730423489,0.997472294171012,0.));
#4403=DIRECTION('',(-0.997472294171012,-0.0710564730423489,0.));
#4404=DIRECTION('',(-0.997472294171012,-0.0710564730423489,0.));
#4405=DIRECTION('',(0.,0.,-1.));
#4406=DIRECTION('',(0.997472294171012,0.0710564730423489,0.));
#4407=DIRECTION('',(-0.0710564730423489,0.997472294171012,0.));
#4408=DIRECTION('',(0.707106781186548,-0.707106781186548,0.));
#4409=DIRECTION('',(0.,0.,-1.));
#4410=DIRECTION('',(-0.707106781186548,-0.707106781186548,0.));
#4411=DIRECTION('',(0.,0.,-1.));
#4412=DIRECTION('',(-1.,0.,0.));
#4413=DIRECTION('',(-1.,0.,0.));
#4414=DIRECTION('',(-1.,0.,0.));
#4415=DIRECTION('',(-1.,0.,0.));
#4416=DIRECTION('',(1.,0.,0.));
#4417=DIRECTION('',(0.,1.,0.));
#4418=DIRECTION('',(-1.,0.,0.));
#4419=DIRECTION('',(-1.,0.,0.));
#4420=DIRECTION('',(0.,1.,0.));
#4421=DIRECTION('',(0.,0.,1.));
#4422=DIRECTION('',(-1.,0.,0.));
#4423=DIRECTION('',(0.,0.,-1.));
#4424=DIRECTION('',(0.,-0.0635672522789443,-0.997977557081172));
#4425=DIRECTION('',(0.,0.997977557081173,-0.0635672522789443));
#4426=DIRECTION('',(-1.,0.,0.));
#4427=DIRECTION('',(0.,-0.997977557081173,0.0635672522789443));
#4428=DIRECTION('',(1.,0.,0.));
#4429=DIRECTION('',(0.,1.,0.));
#4430=DIRECTION('',(0.,0.,1.));
#4431=DIRECTION('',(1.,0.,0.));
#4432=DIRECTION('',(0.999975484480372,-0.00700217382289311,-1.38774475866351E-16));
#4433=DIRECTION('',(0.00700217382289311,0.999975484480372,0.));
#4434=DIRECTION('',(0.00686545532569404,0.98045081272385,0.19664452535556));
#4435=DIRECTION('',(0.,-0.0432545687926466,0.999064083169124));
#4436=DIRECTION('',(0.,-0.999064083169124,-0.0432545687926466));
#4437=DIRECTION('',(-1.,0.,0.));
#4438=DIRECTION('',(0.0604655887562774,0.997236077987512,0.0431754251448932));
#4439=DIRECTION('',(1.,0.,0.));
#4440=DIRECTION('',(0.153812996715429,0.987175196334044,0.0427398383743087));
#4441=DIRECTION('',(0.,-1.,0.));
#4442=DIRECTION('',(-0.608551907288412,0.,0.793514068013691));
#4443=DIRECTION('',(0.00686545532569404,0.98045081272385,0.19664452535556));
#4444=DIRECTION('',(0.00686545532569404,0.98045081272385,0.19664452535556));
#4445=DIRECTION('',(1.,0.,0.));
#4446=DIRECTION('',(0.999975484480372,-0.00700217382289311,-1.38774475866351E-16));
#4447=DIRECTION('',(0.00700217382289311,0.999975484480372,0.));
#4448=DIRECTION('',(0.00662235470415634,0.94573378513382,0.324874979145255));
#4449=DIRECTION('',(-1.38777878078145E-16,0.,-1.));
#4450=DIRECTION('',(-1.38777878078145E-16,0.,-1.));
#4451=DIRECTION('',(0.00662235470415634,0.94573378513382,0.324874979145255));
#4452=DIRECTION('',(0.999999888709267,0.,0.000471785389447765));
#4453=DIRECTION('',(-0.387496303131507,0.921868696319214,0.00217297172753149));
#4454=DIRECTION('',(-0.0011907643976001,0.99999925831038,0.000255849251511762));
#4455=DIRECTION('',(-1.,0.,0.));
#4456=DIRECTION('',(0.999999291039777,0.00119076443657313,-1.38777779690149E-16));
#4457=DIRECTION('',(-0.00119076443657313,0.999999291039777,0.));
#4458=DIRECTION('',(0.,0.,1.));
#4459=DIRECTION('',(-0.00118885544257027,0.998396125383407,-0.0566017971634889));
#4460=DIRECTION('',(-1.38777878078145E-16,0.,-1.));
#4461=DIRECTION('',(0.,-1.,0.));
#4462=DIRECTION('',(0.594786314729009,0.,0.803883847213691));
#4463=DIRECTION('',(-1.38777878078145E-16,0.,-1.));
#4464=DIRECTION('',(0.,-1.,0.));
#4465=DIRECTION('',(1.,0.,0.));
#4466=DIRECTION('',(0.,0.,-1.));
#4467=DIRECTION('',(0.,-1.,0.));
#4468=DIRECTION('',(1.,0.,0.));
#4469=DIRECTION('',(-0.00227483107468372,-0.324867014666328,0.945756970857403));
#4470=DIRECTION('',(0.,-0.945759417945166,-0.324867855239668));
#4471=DIRECTION('',(-0.999975484480372,0.00700217382289311,1.38774475866351E-16));
#4472=DIRECTION('',(0.00662235470415634,0.94573378513382,0.324874979145255));
#4473=DIRECTION('',(-0.999975484480372,0.00700217382289311,1.38774475866351E-16));
#4474=DIRECTION('',(-0.999975484480372,0.00700217382289311,1.38774475866351E-16));
#4475=DIRECTION('',(-0.999975484480372,0.00700217382289311,1.38774475866351E-16));
#4476=DIRECTION('',(-0.0013769391478598,-0.196639704512838,0.98047484957427));
#4477=DIRECTION('',(0.,-0.980475779046834,-0.19663989092375));
#4478=DIRECTION('',(-0.999975484480372,0.00700217382289311,1.38774475866351E-16));
#4479=DIRECTION('',(0.00686545532569404,0.98045081272385,0.19664452535556));
#4480=DIRECTION('',(0.00700217382289311,0.999975484480372,0.));
#4481=DIRECTION('',(-0.999975484480372,0.00700217382289311,0.));
#4482=DIRECTION('',(0.,0.,-1.));
#4483=DIRECTION('',(0.999975484480372,-0.00700217382289311,-1.38774475866351E-16));
#4484=DIRECTION('',(0.00700217382289311,0.999975484480372,-9.71746825075436E-19));
#4485=DIRECTION('',(0.,0.,1.));
#4486=DIRECTION('',(1.,0.,0.));
#4487=DIRECTION('',(0.988980158082896,-0.14794525115199,0.00551811379946999));
#4488=DIRECTION('',(0.,-0.447213456328961,0.894427260585401));
#4489=DIRECTION('',(0.,-0.447213456328961,0.894427260585401));
#4490=DIRECTION('',(0.995537110035645,0.0938504808768606,-0.00989695817199501));
#4491=DIRECTION('',(0.9952410724224,0.0973015019821312,-0.00525599424780913));
#4492=DIRECTION('',(0.,0.452490206354701,-0.891769372177067));
#4493=DIRECTION('',(0.,0.452490206354701,-0.891769372177067));
#4494=DIRECTION('',(0.987754130191529,-0.155921147247252,0.00551127305411171));
#4495=DIRECTION('',(-0.00557951326079716,0.,0.999984434394742));
#4496=DIRECTION('',(-0.999984434394742,0.,-0.00557951326079716));
#4497=DIRECTION('',(0.,1.,0.));
#4498=DIRECTION('',(0.,-0.995037170521384,-0.0995039159068509));
#4499=DIRECTION('',(0.,-0.894427260585401,-0.447213456328961));
#4500=DIRECTION('',(0.,0.447213456328961,-0.894427260585401));
#4501=DIRECTION('',(1.,0.,0.));
#4502=DIRECTION('',(0.,0.894427260585401,0.447213456328961));
#4503=DIRECTION('',(0.,0.447213456328961,-0.894427260585401));
#4504=DIRECTION('',(0.,-0.894427260585401,-0.447213456328961));
#4505=DIRECTION('',(0.,0.447213456328961,-0.894427260585401));
#4506=DIRECTION('',(1.,0.,0.));
#4507=DIRECTION('',(0.,0.894427260585401,0.447213456328961));
#4508=DIRECTION('',(0.,0.447213456328961,-0.894427260585401));
#4509=DIRECTION('',(0.,0.891769372177067,0.452490206354701));
#4510=DIRECTION('',(0.,-0.452490206354701,0.891769372177067));
#4511=DIRECTION('',(1.,0.,0.));
#4512=DIRECTION('',(0.,-0.891769372177067,-0.452490206354701));
#4513=DIRECTION('',(0.,0.452490206354701,-0.891769372177067));
#4514=DIRECTION('',(0.,0.891769372177067,0.452490206354701));
#4515=DIRECTION('',(0.,-0.452490206354701,0.891769372177067));
#4516=DIRECTION('',(1.,0.,0.));
#4517=DIRECTION('',(0.,-0.891769372177067,-0.452490206354701));
#4518=DIRECTION('',(0.,0.452490206354701,-0.891769372177067));
#4519=DIRECTION('',(0.,0.0995039159068509,-0.995037170521384));
#4520=DIRECTION('',(0.,0.995037170521384,0.0995039159068509));
#4521=DIRECTION('',(0.,-0.0995039159068509,0.995037170521384));
#4522=DIRECTION('',(0.,0.995037170521384,0.0995039159068509));
#4523=DIRECTION('',(0.,0.,1.));
#4524=DIRECTION('',(-1.,0.,0.));
#4525=DIRECTION('',(0.,1.,0.));
#4526=DIRECTION('',(0.,0.707106781186548,-0.707106781186548));
#4527=DIRECTION('',(1.,0.,0.));
#4528=DIRECTION('',(-9.8130778667736E-17,-0.707106781186548,-0.707106781186548));
#4529=DIRECTION('',(-1.,0.,0.));
#4530=DIRECTION('',(9.8130778667736E-17,0.707106781186548,0.707106781186548));
#4531=DIRECTION('',(1.,0.,0.));
#4532=DIRECTION('',(0.,-0.707106781186548,-0.707106781186548));
#4533=DIRECTION('',(1.,0.,0.));
#4534=DIRECTION('',(0.,-0.707106781186548,-0.707106781186548));
#4535=DIRECTION('',(1.,0.,0.));
#4536=DIRECTION('',(0.,1.,0.));
#4537=DIRECTION('',(0.,0.,1.));
#4538=DIRECTION('',(0.,-1.,0.));
#4539=DIRECTION('',(0.,0.,-1.));
#4540=DIRECTION('',(0.,-1.,0.));
#4541=DIRECTION('',(0.,0.,-1.));
#4542=DIRECTION('',(0.,-0.894427260585401,-0.447213456328961));
#4543=DIRECTION('',(0.,0.447213456328961,-0.894427260585401));
#4544=DIRECTION('',(0.,0.0995039159068509,-0.995037170521384));
#4545=DIRECTION('',(0.,0.995037170521384,0.0995039159068509));
#4546=DIRECTION('',(0.,0.891769372177067,0.452490206354701));
#4547=DIRECTION('',(0.,0.452490206354701,-0.891769372177067));
#4548=DIRECTION('',(0.,0.891769372177067,0.452490206354701));
#4549=DIRECTION('',(0.,0.452490206354701,-0.891769372177067));
#4550=DIRECTION('',(0.,1.,0.));
#4551=DIRECTION('',(0.,-0.894427260585401,-0.447213456328961));
#4552=DIRECTION('',(0.,0.447213456328961,-0.894427260585401));
#4553=DIRECTION('',(-1.,0.,0.));
#4554=DIRECTION('',(-1.,0.,0.));
#4555=DIRECTION('',(-1.,0.,0.));
#4556=DIRECTION('',(-1.,0.,0.));
#4557=DIRECTION('',(-1.,0.,0.));
#4558=DIRECTION('',(-1.,0.,0.));
#4559=DIRECTION('',(0.,1.,0.));
#4560=DIRECTION('',(0.,0.,1.));
#4561=DIRECTION('',(0.,0.,-1.));
#4562=DIRECTION('',(0.,0.,-1.));
#4563=DIRECTION('',(1.,0.,0.));
#4564=DIRECTION('',(0.,1.,0.));
#4565=DIRECTION('',(1.,0.,0.));
#4566=DIRECTION('',(0.,1.,0.));
#4567=DIRECTION('',(1.,0.,-1.38777878078145E-16));
#4568=DIRECTION('',(-1.38777878078145E-16,0.,-1.));
#4569=DIRECTION('',(1.,0.,-1.38777878078145E-16));
#4570=DIRECTION('',(-1.38777878078145E-16,0.,-1.));
#4571=DIRECTION('',(0.,1.,0.));
#4572=DIRECTION('',(1.,0.,-1.38777878078145E-16));
#4573=DIRECTION('',(-1.38777878078145E-16,0.,-1.));
#4574=DIRECTION('',(1.,0.,-1.38777878078145E-16));
#4575=DIRECTION('',(-1.38777878078145E-16,0.,-1.));
#4576=DIRECTION('',(0.,1.,0.));
#4577=DIRECTION('',(0.,1.,0.));
#4578=DIRECTION('',(-1.38777878078145E-16,0.,-1.));
#4579=DIRECTION('',(-1.38777878078145E-16,0.,-1.));
#4580=DIRECTION('',(1.,0.,-1.38777878078145E-16));
#4581=DIRECTION('',(-1.38777878078145E-16,0.,-1.));
#4582=DIRECTION('',(-1.38777878078145E-16,0.,-1.));
#4583=DIRECTION('',(0.,-1.,0.));
#4584=DIRECTION('',(1.38777878078145E-16,0.,1.));
#4585=DIRECTION('',(0.,1.,0.));
#4586=DIRECTION('',(-9.75635575346266E-17,-0.711170550180608,-0.703019522172615));
#4587=DIRECTION('',(-1.,0.,-1.38777878078145E-16));
#4588=DIRECTION('',(-1.38777878078145E-16,0.,1.));
#4589=DIRECTION('',(1.,0.,-1.38777878078145E-16));
#4590=DIRECTION('',(-1.38777878078145E-16,0.,-1.));
#4591=DIRECTION('',(1.,0.,-1.38777878078145E-16));
#4592=DIRECTION('',(-1.38777878078145E-16,0.,-1.));
#4593=DIRECTION('',(0.,1.,0.));
#4594=DIRECTION('',(-1.38777878078145E-16,0.,-1.));
#4595=DIRECTION('',(-1.38777878078145E-16,0.,-1.));
#4596=DIRECTION('',(0.,1.,0.));
#4597=DIRECTION('',(0.,1.,0.));
#4598=DIRECTION('',(0.,-1.,0.));
#4599=DIRECTION('',(1.,0.,0.));
#4600=DIRECTION('',(1.,0.,0.));
#4601=DIRECTION('',(0.,-1.,0.));
#4602=DIRECTION('',(1.,0.,0.));
#4603=DIRECTION('',(1.,0.,0.));
#4604=DIRECTION('',(0.,0.,1.));
#4605=DIRECTION('',(1.,0.,0.));
#4606=DIRECTION('',(0.,0.,1.));
#4607=DIRECTION('',(1.,0.,0.));
#4608=DIRECTION('',(1.,0.,0.));
#4609=DIRECTION('',(0.,0.,-1.));
#4610=DIRECTION('',(-1.,0.,0.));
#4611=DIRECTION('',(-1.,0.,0.));
#4612=DIRECTION('',(-1.,0.,1.3144294756671E-16));
#4613=DIRECTION('',(1.3144294756671E-16,0.,1.));
#4614=DIRECTION('',(-1.,0.,1.3144294756671E-16));
#4615=DIRECTION('',(1.3144294756671E-16,0.,1.));
#4616=DIRECTION('',(-1.,0.,1.3144294756671E-16));
#4617=DIRECTION('',(1.3144294756671E-16,0.,1.));
#4618=DIRECTION('',(-1.3144294756671E-16,0.,-1.));
#4619=DIRECTION('',(-1.,0.,1.3144294756671E-16));
#4620=DIRECTION('',(1.3144294756671E-16,0.,1.));
#4621=DIRECTION('',(-1.3144294756671E-16,0.,-1.));
#4622=DIRECTION('',(-1.,0.,1.3144294756671E-16));
#4623=DIRECTION('',(1.3144294756671E-16,0.,1.));
#4624=DIRECTION('',(-1.,0.,1.3144294756671E-16));
#4625=DIRECTION('',(1.3144294756671E-16,0.,1.));
#4626=DIRECTION('',(0.,-1.,0.));
#4627=DIRECTION('',(1.,0.,0.));
#4628=DIRECTION('',(-1.,0.,0.));
#4629=DIRECTION('',(1.,0.,0.));
#4630=DIRECTION('',(1.,0.,0.));
#4631=DIRECTION('',(0.,0.,-1.));
#4632=DIRECTION('',(-1.,0.,0.));
#4633=DIRECTION('',(-1.,0.,0.));
#4634=DIRECTION('',(-1.,0.,0.));
#4635=DIRECTION('',(0.,0.,1.));
#4636=DIRECTION('',(0.,-1.,0.));
#4637=DIRECTION('',(1.,0.,0.));
#4638=DIRECTION('',(0.,0.891769372177067,0.452490206354701));
#4639=DIRECTION('',(0.,-0.452490206354701,0.891769372177067));
#4640=DIRECTION('',(-1.,0.,0.));
#4641=DIRECTION('',(0.,0.452490206354701,-0.891769372177067));
#4642=DIRECTION('',(0.,0.,1.));
#4643=DIRECTION('',(1.,0.,0.));
#4644=DIRECTION('',(-1.,0.,0.));
#4645=DIRECTION('',(0.,1.,0.));
#4646=DIRECTION('',(0.,-0.894427260585401,-0.447213456328961));
#4647=DIRECTION('',(0.,0.447213456328961,-0.894427260585401));
#4648=DIRECTION('',(-1.,0.,0.));
#4649=DIRECTION('',(0.,-0.447213456328961,0.894427260585401));
#4650=DIRECTION('',(0.,0.0995039159068509,-0.995037170521384));
#4651=DIRECTION('',(0.,0.995037170521384,0.0995039159068509));
#4652=DIRECTION('',(-1.,0.,0.));
#4653=DIRECTION('',(0.,-0.995037170521384,-0.0995039159068509));
#4654=DIRECTION('',(0.,0.891769372177067,0.452490206354701));
#4655=DIRECTION('',(0.,-0.452490206354701,0.891769372177067));
#4656=DIRECTION('',(0.,0.452490206354701,-0.891769372177067));
#4657=DIRECTION('',(0.,-0.894427260585401,-0.447213456328961));
#4658=DIRECTION('',(0.,0.447213456328961,-0.894427260585401));
#4659=DIRECTION('',(0.,-0.447213456328961,0.894427260585401));
#4660=DIRECTION('',(-0.987754130191529,-0.155921147247252,0.00551127305411171));
#4661=DIRECTION('',(-0.9952410724224,0.0973015019821312,-0.00525599424780913));
#4662=DIRECTION('',(0.00557951326079716,0.,0.999984434394742));
#4663=DIRECTION('',(0.999984434394742,0.,-0.00557951326079716));
#4664=DIRECTION('',(-0.988980158082896,-0.14794525115199,0.00551811379946999));
#4665=DIRECTION('',(-0.995537110035645,0.0938504808768606,-0.00989695817199501));
#4666=DIRECTION('',(0.,-0.707106781186548,-0.707106781186548));
#4667=DIRECTION('',(0.,0.707106781186548,-0.707106781186548));
#4668=DIRECTION('',(0.,-0.707106781186548,0.707106781186548));
#4669=DIRECTION('',(1.,0.,0.));
#4670=DIRECTION('',(0.,-0.707106781186548,0.707106781186548));
#4671=DIRECTION('',(-1.,0.,0.));
#4672=DIRECTION('',(0.,0.,1.));
#4673=DIRECTION('',(0.,-0.707106781186548,0.707106781186548));
#4674=DIRECTION('',(0.,-0.707106781186548,-0.707106781186548));
#4675=DIRECTION('',(0.,-0.707106781186548,-0.707106781186548));
#4676=DIRECTION('',(0.,0.707106781186548,-0.707106781186548));
#4677=DIRECTION('',(0.,-0.707106781186548,0.707106781186548));
#4678=DIRECTION('',(1.,0.,0.));
#4679=DIRECTION('',(-1.,0.,0.));
#4680=DIRECTION('',(0.,0.,1.));
#4681=DIRECTION('',(0.,-0.707106781186548,-0.707106781186548));
#4682=DIRECTION('',(0.,-0.707106781186548,0.707106781186548));
#4683=DIRECTION('',(1.,0.,0.));
#4684=DIRECTION('',(0.,0.,-1.));
#4685=DIRECTION('',(1.,0.,0.));
#4686=DIRECTION('',(0.,0.,-1.));
#4687=DIRECTION('',(-1.,0.,0.));
#4688=DIRECTION('',(0.,0.,-1.));
#4689=DIRECTION('',(-1.,0.,-1.38777878078145E-16));
#4690=DIRECTION('',(0.,0.,-1.));
#4691=DIRECTION('',(0.,0.,-1.));
#4692=DIRECTION('',(-1.,0.,0.));
#4693=DIRECTION('',(0.,0.,-1.));
#4694=DIRECTION('',(1.,0.,0.));
#4695=DIRECTION('',(0.,0.,1.));
#4696=DIRECTION('',(1.,0.,0.));
#4697=DIRECTION('',(0.,0.,-1.));
#4698=DIRECTION('',(1.,0.,0.));
#4699=DIRECTION('',(0.,0.,-1.));
#4700=DIRECTION('',(1.,0.,0.));
#4701=DIRECTION('',(-1.,0.,0.));
#4702=DIRECTION('',(0.,1.,0.));
#4703=DIRECTION('',(0.,-1.,0.));
#4704=DIRECTION('',(-1.,0.,0.));
#4705=DIRECTION('',(0.,1.,0.));
#4706=DIRECTION('',(1.,0.,0.));
#4707=DIRECTION('',(0.,0.,-1.));
#4708=DIRECTION('',(-1.,0.,0.));
#4709=DIRECTION('',(0.,1.,0.));
#4710=DIRECTION('',(-1.,0.,0.));
#4711=DIRECTION('',(0.,0.,1.));
#4712=DIRECTION('',(1.,0.,0.));
#4713=DIRECTION('',(0.,0.,1.));
#4714=DIRECTION('',(-1.,0.,0.));
#4715=DIRECTION('',(0.,0.,1.));
#4716=DIRECTION('',(1.,0.,0.));
#4717=DIRECTION('',(0.,-1.,0.));
#4718=DIRECTION('',(-1.,0.,0.));
#4719=DIRECTION('',(0.,0.,-1.));
#4720=DIRECTION('',(1.,0.,0.));
#4721=DIRECTION('',(0.,0.,-1.));
#4722=DIRECTION('',(-1.,0.,0.));
#4723=DIRECTION('',(0.,1.,0.));
#4724=DIRECTION('',(0.,0.,1.));
#4725=DIRECTION('',(-1.,0.,0.));
#4726=DIRECTION('',(0.,0.,1.));
#4727=DIRECTION('',(-1.,0.,0.));
#4728=DIRECTION('',(0.,1.,0.));
#4729=DIRECTION('',(-1.,0.,-1.38777878078145E-16));
#4730=DIRECTION('',(1.38777878078145E-16,0.,-1.));
#4731=DIRECTION('',(-1.,0.,-1.38777878078145E-16));
#4732=DIRECTION('',(-1.38777878078145E-16,0.,1.));
#4733=DIRECTION('',(1.,0.,1.38777878078145E-16));
#4734=DIRECTION('',(0.,-1.,0.));
#4735=DIRECTION('',(0.,0.,-1.));
#4736=DIRECTION('',(-1.,0.,0.));
#4737=DIRECTION('',(0.,0.,1.));
#4738=DIRECTION('',(1.,0.,0.));
#4739=DIRECTION('',(0.,0.,-1.));
#4740=DIRECTION('',(1.,0.,-1.38777878078145E-16));
#4741=DIRECTION('',(0.,0.,-1.));
#4742=DIRECTION('',(0.,0.,1.));
#4743=DIRECTION('',(1.,0.,0.));
#4744=DIRECTION('',(0.,0.,-1.));
#4745=DIRECTION('',(-1.,0.,0.));
#4746=DIRECTION('',(0.,0.,1.));
#4747=DIRECTION('',(1.,0.,0.));
#4748=DIRECTION('',(0.,0.,-1.));
#4749=DIRECTION('',(-1.,0.,0.));
#4750=DIRECTION('',(1.,0.,0.));
#4751=DIRECTION('',(0.,0.,-1.));
#4752=DIRECTION('',(1.,0.,0.));
#4753=DIRECTION('',(0.,1.,0.));
#4754=DIRECTION('',(0.,-1.,0.));
#4755=DIRECTION('',(1.,0.,0.));
#4756=DIRECTION('',(0.,1.,0.));
#4757=DIRECTION('',(1.,0.,0.));
#4758=DIRECTION('',(0.,0.,-1.));
#4759=DIRECTION('',(1.,0.,0.));
#4760=DIRECTION('',(0.,1.,0.));
#4761=DIRECTION('',(-1.,0.,0.));
#4762=DIRECTION('',(0.,0.,1.));
#4763=DIRECTION('',(-1.,0.,0.));
#4764=DIRECTION('',(0.,0.,1.));
#4765=DIRECTION('',(-1.,0.,0.));
#4766=DIRECTION('',(0.,0.,1.));
#4767=DIRECTION('',(-1.,0.,0.));
#4768=DIRECTION('',(0.,-1.,0.));
#4769=DIRECTION('',(1.,0.,0.));
#4770=DIRECTION('',(0.,0.,-1.));
#4771=DIRECTION('',(1.,0.,0.));
#4772=DIRECTION('',(0.,0.,-1.));
#4773=DIRECTION('',(1.,0.,0.));
#4774=DIRECTION('',(0.,1.,0.));
#4775=DIRECTION('',(0.,0.,1.));
#4776=DIRECTION('',(1.,0.,0.));
#4777=DIRECTION('',(0.,0.,1.));
#4778=DIRECTION('',(1.,0.,0.));
#4779=DIRECTION('',(0.,-1.,0.));
#4780=DIRECTION('',(1.,0.,-1.38777878078145E-16));
#4781=DIRECTION('',(-1.38777878078145E-16,0.,-1.));
#4782=DIRECTION('',(-1.,0.,1.38777878078145E-16));
#4783=DIRECTION('',(1.38777878078145E-16,0.,1.));
#4784=DIRECTION('',(-1.,0.,1.38777878078145E-16));
#4785=DIRECTION('',(0.,-1.,0.));
#4786=DIRECTION('',(0.,-1.,0.));
#4787=DIRECTION('',(0.,0.,-1.));
#4788=DIRECTION('',(1.,0.,-1.38777878078145E-16));
#4789=DIRECTION('',(-1.38777878078145E-16,0.,-1.));
#4790=DIRECTION('',(1.,0.,-1.38777878078145E-16));
#4791=DIRECTION('',(9.86947399057314E-17,-0.703019522172615,0.711170550180608));
#4792=DIRECTION('',(0.,-0.711170550180608,-0.703019522172615));
#4793=DIRECTION('',(1.,0.,-1.38777878078145E-16));
#4794=DIRECTION('',(-9.75635575346266E-17,-0.711170550180608,-0.703019522172615));
#4795=DIRECTION('',(-1.38777878078145E-16,0.,-1.));
#4796=DIRECTION('',(-1.,0.,1.38777878078145E-16));
#4797=DIRECTION('',(1.,0.,-1.38777878078145E-16));
#4798=DIRECTION('',(0.,1.,0.));
#4799=DIRECTION('',(0.,1.,0.));
#4800=DIRECTION('',(0.,0.,1.));
#4801=DIRECTION('',(1.,0.,-1.38777878078145E-16));
#4802=DIRECTION('',(1.38777878078145E-16,0.,1.));
#4803=DIRECTION('',(1.38777878078145E-16,0.,1.));
#4804=DIRECTION('',(1.,0.,-1.38777878078145E-16));
#4805=DIRECTION('',(0.,-1.,0.));
#4806=DIRECTION('',(1.,0.,-1.38777878078145E-16));
#4807=DIRECTION('',(0.,1.,0.));
#4808=DIRECTION('',(0.,0.,1.));
#4809=DIRECTION('',(1.,0.,0.));
#4810=CARTESIAN_POINT('',(0.,0.,0.));
#4811=CARTESIAN_POINT('',(0.0253770852160965,0.00180777569671704,0.));
#4812=CARTESIAN_POINT('',(0.00936908339724835,0.226523943213556,0.0279844374369243));
#4813=CARTESIAN_POINT('',(0.0131343605722558,0.173667961187737,0.0314862926504706));
#4814=CARTESIAN_POINT('',(0.0168996376422494,0.120811980636076,0.0349881702273951));
#4815=CARTESIAN_POINT('',(0.0206649147182565,0.067956,0.0384900465237022));
#4816=CARTESIAN_POINT('',(0.00936908339724835,0.226523943213556,0.0279844374369242));
#4817=CARTESIAN_POINT('',(0.0206649147182565,0.067956,0.0384900465237022));
#4818=CARTESIAN_POINT('',(0.0206649147182565,0.067956,0.0384900465237022));
#4819=CARTESIAN_POINT('',(0.0204121303692068,0.0715045209690443,0.0367799893080342));
#4820=CARTESIAN_POINT('',(0.019506025784262,0.0842241815489482,0.0306502969515088));
#4821=CARTESIAN_POINT('',(0.00941174960444486,0.225925006089974,0.0281408668566019));
#4822=CARTESIAN_POINT('',(0.00932864210576463,0.227091647548831,0.0279538274599319));
#4823=CARTESIAN_POINT('',(0.009323338595662,0.227166096844761,0.0279418914678251));
#4824=CARTESIAN_POINT('',(0.0253770852160965,0.00180777569671704,0.));
#4825=CARTESIAN_POINT('',(0.00729782123604389,0.255599782912705,0.0260580866417646));
#4826=CARTESIAN_POINT('',(0.00747217053623335,0.253152312766762,0.02622023752705));
#4827=CARTESIAN_POINT('',(0.00764651983575435,0.250704842630204,0.0263823885546863));
#4828=CARTESIAN_POINT('',(0.00782086913473126,0.248257372501283,0.0265445396981931));
#4829=CARTESIAN_POINT('',(0.00729782123604389,0.255599782912705,0.0260580866417646));
#4830=CARTESIAN_POINT('',(0.00782086913473126,0.248257372501283,0.0265445396981931));
#4831=CARTESIAN_POINT('',(0.0206649147182565,0.067956,0.00862822305978627));
#4832=CARTESIAN_POINT('',(0.0203946414069077,0.071750026474739,0.0113472993213767));
#4833=CARTESIAN_POINT('',(0.0194190692015586,0.0854448554485754,0.021162013218928));
#4834=CARTESIAN_POINT('',(0.00789542234966268,0.247210813853612,0.0245451684697654));
#4835=CARTESIAN_POINT('',(0.00767717353369112,0.250274533988406,0.0257090924684076));
#4836=CARTESIAN_POINT('',(0.00776779878324804,0.249002360297327,0.026235988203995));
#4837=CARTESIAN_POINT('',(0.00782086913545155,0.248257372491172,0.0265445395448064));
#4838=CARTESIAN_POINT('',(0.00776599090865921,0.249027738770765,0.0254476223297014));
#4839=CARTESIAN_POINT('',(0.0253932986973636,0.00158017506213056,0.00246270264738568));
#4840=CARTESIAN_POINT('',(0.,0.210276714475775,-0.00907504625618458));
#4841=CARTESIAN_POINT('',(9.68331879546227E-5,0.211272015100567,0.00771558215938795));
#4842=CARTESIAN_POINT('',(-0.000174216231666612,0.211298385604856,0.00780527245227723));
#4843=CARTESIAN_POINT('',(-0.000747358781854015,0.211123261338298,0.00799078330162636));
#4844=CARTESIAN_POINT('',(-0.00113099619426746,0.210246192927657,0.00804458154575923));
#4845=CARTESIAN_POINT('',(-0.000727422087348143,0.209430554499577,0.00778012761857925));
#4846=CARTESIAN_POINT('',(-0.00017486702053202,0.209254290362415,0.00756851117924921));
#4847=CARTESIAN_POINT('',(9.93235780780011E-5,0.20928165928794,0.00748692103301598));
#4848=CARTESIAN_POINT('',(9.68331879546143E-5,0.211272015100566,0.00771558215938794));
#4849=CARTESIAN_POINT('',(9.93235780779566E-5,0.20928165928794,0.00748692103301599));
#4850=CARTESIAN_POINT('',(9.93235780779798E-5,0.20928165928794,0.00748692103301599));
#4851=CARTESIAN_POINT('',(0.000338123188168045,0.209305495585673,0.00756343135017954));
#4852=CARTESIAN_POINT('',(0.00079008586685516,0.209526468670857,0.00774381054517056));
#4853=CARTESIAN_POINT('',(0.00109986152822335,0.210250561068422,0.00795299691260056));
#4854=CARTESIAN_POINT('',(0.00080945533739645,0.211021341570326,0.00793039391764224));
#4855=CARTESIAN_POINT('',(0.000336598533321618,0.211248688236125,0.0077895355066768));
#4856=CARTESIAN_POINT('',(9.68331879546351E-5,0.211272015100567,0.00771558215938794));
#4857=CARTESIAN_POINT('',(0.,0.211276714475775,-0.00874660609334095));
#4858=CARTESIAN_POINT('',(0.00015023708441125,0.211276714475775,-0.00874660609334095));
#4859=CARTESIAN_POINT('',(0.000394503093659367,0.211217013446625,-0.00854977564019252));
#4860=CARTESIAN_POINT('',(0.000693434918535949,0.211027514654809,-0.00829324363000968));
#4861=CARTESIAN_POINT('',(0.000933224574543656,0.210712480211169,-0.00807208821131052));
#4862=CARTESIAN_POINT('',(0.00103463024788162,0.210268385108385,-0.00798818060972206));
#4863=CARTESIAN_POINT('',(0.000928120359750498,0.209834155461049,-0.00811164408799778));
#4864=CARTESIAN_POINT('',(0.000697847910833744,0.209534880136312,-0.00836385666628188));
#4865=CARTESIAN_POINT('',(0.000436751201374203,0.209359316523343,-0.00866231360333667));
#4866=CARTESIAN_POINT('',(0.000252940510868538,0.209308821017881,-0.00892704535536823));
#4867=CARTESIAN_POINT('',(0.000280036166295815,0.209316725025017,-0.00907504625618473));
#4868=CARTESIAN_POINT('',(0.,0.211276714475775,-0.00874660609334095));
#4869=CARTESIAN_POINT('',(0.000280036166294958,0.209316725025017,-0.00907504625618458));
#4870=CARTESIAN_POINT('',(0.,0.211276714475775,-0.00907504625618458));
#4871=CARTESIAN_POINT('',(0.,0.211276714475775,-0.00907504625618458));
#4872=CARTESIAN_POINT('',(0.,0.210276714475775,-0.00907504625618458));
#4873=CARTESIAN_POINT('',(-0.0295,0.24714354254396,-0.00907504625618458));
#4874=CARTESIAN_POINT('',(0.,0.24714354254396,-0.00907504625618458));
#4875=CARTESIAN_POINT('',(0.,0.209316725025017,-0.00907504625618458));
#4876=CARTESIAN_POINT('',(0.005,0.209316725025017,-0.00907504625618458));
#4877=CARTESIAN_POINT('',(-0.00974968043478599,0.000441954788421984,0.00245576962712636));
#4878=CARTESIAN_POINT('',(0.00391550016921851,0.199274697148498,0.0209249537438154));
#4879=CARTESIAN_POINT('',(-0.00828228799689028,0.235010370612144,0.0209249537438154));
#4880=CARTESIAN_POINT('',(-0.00296730699805171,0.285010370612145,0.0209249537438154));
#4881=CARTESIAN_POINT('',(0.00980785697212875,0.285010370612145,0.0288887725785466));
#4882=CARTESIAN_POINT('',(-0.00400181058726233,0.285010370612145,0.0229249537438155));
#4883=CARTESIAN_POINT('',(0.00539528189835903,0.220805993940369,0.0229249537438154));
#4884=CARTESIAN_POINT('',(-0.00858207020659852,0.235010370612144,0.0229249537438154));
#4885=CARTESIAN_POINT('',(0.00637150628818113,0.235010370612144,0.0242443704802136));
#4886=CARTESIAN_POINT('',(0.000178072253040518,0.144893927257392,0.015873630507991));
#4887=CARTESIAN_POINT('',(8.51394255008478E-7,0.287856,0.01788542350323));
#4888=CARTESIAN_POINT('',(0.000178072253040518,0.144893927257392,0.015873630507991));
#4889=CARTESIAN_POINT('',(0.000178072253040515,0.146278327012735,0.000969669502546679));
#4890=CARTESIAN_POINT('',(-0.00974968043478599,0.00182635454376519,-0.012448191378318));
#4891=CARTESIAN_POINT('',(-0.00520478738693108,0.067956,-0.00630553809593882));
#4892=CARTESIAN_POINT('',(-0.00510964172600847,0.067956,0.00872701709207849));
#4893=CARTESIAN_POINT('',(-0.0201130703080016,0.067956,0.00863168672202986));
#4894=CARTESIAN_POINT('',(-0.0246825749468641,0.00146824803381992,0.00245576962712636));
#4895=CARTESIAN_POINT('',(-0.00721957024289995,0.255560544049181,0.0260579054828066));
#4896=CARTESIAN_POINT('',(-0.00721957024289995,0.255560544049181,0.0260579054828066));
#4897=CARTESIAN_POINT('',(-0.00647765756668971,0.266355610450231,0.0253207231428607));
#4898=CARTESIAN_POINT('',(-0.00544696295327987,0.277122643452648,0.0245854977861779));
#4899=CARTESIAN_POINT('',(-0.00406955450251041,0.287856,0.0238523388254088));
#4900=CARTESIAN_POINT('',(-0.00406955450251041,0.287856,0.0238523388254088));
#4901=CARTESIAN_POINT('',(0.0100034285819931,0.287856,0.0291530975205473));
#4902=CARTESIAN_POINT('',(0.0104630137015365,0.000516593246855912,0.00246270264738569));
#4903=CARTESIAN_POINT('',(-0.00980333809610734,0.285010370612145,0.0288887725785466));
#4904=CARTESIAN_POINT('',(0.00297587149739253,0.285010370612145,0.0209249537438154));
#4905=CARTESIAN_POINT('',(0.00401009432999273,0.285010370612145,0.0229249537438155));
#4906=CARTESIAN_POINT('',(-0.00369582553075803,0.199274697148498,0.0209249537438154));
#4907=CARTESIAN_POINT('',(0.00841558598955768,0.235010370612144,0.0209249537438154));
#4908=CARTESIAN_POINT('',(-0.00624151119336599,0.235010370612144,0.0242443704802136));
#4909=CARTESIAN_POINT('',(0.00871496012129431,0.235010370612144,0.0229249537438154));
#4910=CARTESIAN_POINT('',(-0.00522964057404196,0.220805993940369,0.0229249537438154));
#4911=CARTESIAN_POINT('',(-0.0100060508822852,0.287856,0.0291530975205473));
#4912=CARTESIAN_POINT('',(0.00407061789203899,0.287856,0.0238524137893168));
#4913=CARTESIAN_POINT('',(0.00407061789203899,0.287856,0.0238524137893168));
#4914=CARTESIAN_POINT('',(0.0054730078994716,0.277137401181181,0.0245853061480373));
#4915=CARTESIAN_POINT('',(0.00652975186265294,0.266381741081413,0.0253208617453448));
#4916=CARTESIAN_POINT('',(0.00729782123604389,0.255599782912705,0.0260580866417646));
#4917=CARTESIAN_POINT('',(0.0253932986973636,0.00158017506213056,0.00246270264738568));
#4918=CARTESIAN_POINT('',(0.007806789505322,0.248455018678284,0.0253944234817159));
#4919=CARTESIAN_POINT('',(0.0253932986973636,0.00158017506213056,0.00246270264738568));
#4920=CARTESIAN_POINT('',(0.0206649147182565,0.067956,0.00862822305978627));
#4921=CARTESIAN_POINT('',(0.00565886383597121,0.067956,0.00872701709207849));
#4922=CARTESIAN_POINT('',(0.00575748368182581,0.067956,-0.00630553809593882));
#4923=CARTESIAN_POINT('',(0.0104630137015365,0.00190099300219911,-0.0124412583580587));
#4924=CARTESIAN_POINT('',(-0.06,0.260010370612144,0.0229249537438155));
#4925=CARTESIAN_POINT('',(-0.0571338346786046,0.271938653290272,0.0229249537438155));
#4926=CARTESIAN_POINT('',(-0.0571338346786046,0.258866935968399,0.0229249537438155));
#4927=CARTESIAN_POINT('',(-0.0571338346786046,0.28487653593354,0.0229249537438155));
#4928=CARTESIAN_POINT('',(-0.071,0.271010370612145,0.0229249537438155));
#4929=CARTESIAN_POINT('',(-0.06,0.282010370612145,0.0229249537438155));
#4930=CARTESIAN_POINT('',(-0.06,0.260010370612144,0.0229249537438155));
#4931=CARTESIAN_POINT('',(-0.06,0.253841236398655,0.0229249537438155));
#4932=CARTESIAN_POINT('',(-0.06,0.253841236398655,0.0229249537438155));
#4933=CARTESIAN_POINT('',(-0.06,0.253425625540835,0.0229249537438155));
#4934=CARTESIAN_POINT('',(-0.0599969318665782,0.252862683129629,0.0229249537438155));
#4935=CARTESIAN_POINT('',(-0.0599872935616763,0.252246906444991,0.0229249537438154));
#4936=CARTESIAN_POINT('',(-0.059977976835131,0.251895109105961,0.0229249537438155));
#4937=CARTESIAN_POINT('',(-0.0599709030083222,0.251688970871745,0.0229249537438155));
#4938=CARTESIAN_POINT('',(-0.0599560351955754,0.251343537967936,0.0229249537438155));
#4939=CARTESIAN_POINT('',(-0.0599233142084989,0.250772871796263,0.0229249537438154));
#4940=CARTESIAN_POINT('',(-0.0598678015935084,0.250128627051118,0.0229249537438155));
#4941=CARTESIAN_POINT('',(-0.0597982625770696,0.249532159800242,0.0229249537438155));
#4942=CARTESIAN_POINT('',(-0.0597076017102448,0.248881040868397,0.0229249537438155));
#4943=CARTESIAN_POINT('',(-0.0595128997674125,0.247772989913001,0.0229249537438154));
#4944=CARTESIAN_POINT('',(-0.0591977940970018,0.246531256867282,0.0229249537438155));
#4945=CARTESIAN_POINT('',(-0.0588145686409472,0.245380792854758,0.0229249537438154));
#4946=CARTESIAN_POINT('',(-0.0583111651451723,0.244100432382078,0.0229249537438154));
#4947=CARTESIAN_POINT('',(-0.0572851397399275,0.242055132820736,0.0229249537438155));
#4948=CARTESIAN_POINT('',(-0.0557627440878109,0.240064636240015,0.0229249537438154));
#4949=CARTESIAN_POINT('',(-0.0538671906153127,0.238426858352259,0.0229249537438155));
#4950=CARTESIAN_POINT('',(-0.0523264573021557,0.23741030054739,0.0229249537438155));
#4951=CARTESIAN_POINT('',(-0.0506410151241805,0.236563943978853,0.0229249537438154));
#4952=CARTESIAN_POINT('',(-0.0491386330788519,0.236010456599224,0.0229249537438155));
#4953=CARTESIAN_POINT('',(-0.0478230672694511,0.235645091134056,0.0229249537438154));
#4954=CARTESIAN_POINT('',(-0.0466195725118294,0.235375448588757,0.0229249537438155));
#4955=CARTESIAN_POINT('',(-0.0455259348046391,0.235206789342168,0.0229249537438155));
#4956=CARTESIAN_POINT('',(-0.0445224267950673,0.235111161880982,0.0229249537438154));
#4957=CARTESIAN_POINT('',(-0.0440782518988562,0.235078021777289,0.0229249537438155));
#4958=CARTESIAN_POINT('',(-0.0435987719618899,0.235050742937177,0.0229249537438154));
#4959=CARTESIAN_POINT('',(-0.0432042070012942,0.235034574012162,0.0229249537438155));
#4960=CARTESIAN_POINT('',(-0.0428340768754046,0.235024147883628,0.0229249537438154));
#4961=CARTESIAN_POINT('',(-0.0426177313470457,0.235019626859241,0.0229249537438154));
#4962=CARTESIAN_POINT('',(-0.0421270319335077,0.23501255146714,0.0229249537438155));
#4963=CARTESIAN_POINT('',(-0.0415886588466991,0.235010370612144,0.0229249537438154));
#4964=CARTESIAN_POINT('',(-0.0411691342134898,0.235010370612144,0.0229249537438154));
#4965=CARTESIAN_POINT('',(-0.0411691342134898,0.235010370612144,0.0229249537438154));
#4966=CARTESIAN_POINT('',(-0.06,0.235010370612144,0.0229249537438154));
#4967=CARTESIAN_POINT('',(-0.06,0.285010370612145,0.0229249537438155));
#4968=CARTESIAN_POINT('',(-0.0121338346786046,0.285010370612145,0.0229249537438155));
#4969=CARTESIAN_POINT('',(-0.0121338346786046,0.271938653290272,0.0229249537438155));
#4970=CARTESIAN_POINT('',(-0.0121338346786046,0.258866935968399,0.0229249537438155));
#4971=CARTESIAN_POINT('',(-0.0346338346786046,0.258866935968399,0.0229249537438155));
#4972=CARTESIAN_POINT('',(0.06,0.285010370612145,0.0219249537438155));
#4973=CARTESIAN_POINT('',(0.06,0.285010370612145,0.0229249537438155));
#4974=CARTESIAN_POINT('',(0.057,0.285010370612145,0.0229249537438155));
#4975=CARTESIAN_POINT('',(0.0542122703790665,0.285010370612145,0.0229249537438155));
#4976=CARTESIAN_POINT('',(0.057,0.285010370612145,0.0219249537438155));
#4977=CARTESIAN_POINT('',(0.057,0.285010370612145,0.0209249537438154));
#4978=CARTESIAN_POINT('',(0.06,0.285010370612145,0.0209249537438154));
#4979=CARTESIAN_POINT('',(0.06,0.285010370612145,0.0229249537438155));
#4980=CARTESIAN_POINT('',(0.00921227037906647,0.285010370612145,0.0229249537438155));
#4981=CARTESIAN_POINT('',(0.00921227037906647,0.285010370612145,0.0224249537438155));
#4982=CARTESIAN_POINT('',(0.00921227037906647,0.285010370612145,0.0224249537438155));
#4983=CARTESIAN_POINT('',(0.06,0.285010370612145,0.0224249537438155));
#4984=CARTESIAN_POINT('',(0.0542122703790665,0.285010370612145,0.0224249537438155));
#4985=CARTESIAN_POINT('',(0.0542122703790665,0.285010370612145,0.0224249537438155));
#4986=CARTESIAN_POINT('',(0.06,0.260010370612144,0.0229249537438155));
#4987=CARTESIAN_POINT('',(0.06,0.260010370612144,0.0229249537438155));
#4988=CARTESIAN_POINT('',(0.06,0.282010370612145,0.0229249537438155));
#4989=CARTESIAN_POINT('',(0.06,0.253841236398655,0.0229249537438155));
#4990=CARTESIAN_POINT('',(0.057,0.285010370612145,0.0229249537438155));
#4991=CARTESIAN_POINT('',(0.0542122703790665,0.271938653290272,0.0229249537438155));
#4992=CARTESIAN_POINT('',(0.0542122703790665,0.258866935968399,0.0229249537438155));
#4993=CARTESIAN_POINT('',(0.0317122703790664,0.258866935968399,0.0229249537438155));
#4994=CARTESIAN_POINT('',(0.00921227037906647,0.258866935968399,0.0229249537438155));
#4995=CARTESIAN_POINT('',(0.00921227037906647,0.271938653290272,0.0229249537438155));
#4996=CARTESIAN_POINT('',(0.06,0.235010370612144,0.0229249537438154));
#4997=CARTESIAN_POINT('',(0.0411691342134898,0.235010370612144,0.0229249537438154));
#4998=CARTESIAN_POINT('',(0.0411691342134898,0.235010370612144,0.0229249537438154));
#4999=CARTESIAN_POINT('',(0.041584745071609,0.235010370612144,0.0229249537438154));
#5000=CARTESIAN_POINT('',(0.042147687483081,0.235013438745567,0.0229249537438154));
#5001=CARTESIAN_POINT('',(0.0427634641676254,0.235023077050467,0.0229249537438154));
#5002=CARTESIAN_POINT('',(0.0431152615065495,0.235032393777017,0.0229249537438155));
#5003=CARTESIAN_POINT('',(0.0433213997403198,0.235039467603817,0.0229249537438154));
#5004=CARTESIAN_POINT('',(0.0436668326445767,0.2350543354166,0.0229249537438154));
#5005=CARTESIAN_POINT('',(0.044237498816607,0.235087056403707,0.0229249537438154));
#5006=CARTESIAN_POINT('',(0.0448817435618395,0.23514256901871,0.0229249537438155));
#5007=CARTESIAN_POINT('',(0.0454782108118612,0.235212108035064,0.0229249537438154));
#5008=CARTESIAN_POINT('',(0.0461293297438574,0.235302768901949,0.0229249537438155));
#5009=CARTESIAN_POINT('',(0.0472373806993272,0.23549747084483,0.0229249537438154));
#5010=CARTESIAN_POINT('',(0.0484791137450801,0.235812576515249,0.0229249537438155));
#5011=CARTESIAN_POINT('',(0.0496295777573754,0.236195801971197,0.0229249537438154));
#5012=CARTESIAN_POINT('',(0.0509099382300976,0.236699205466956,0.0229249537438154));
#5013=CARTESIAN_POINT('',(0.0529552377914568,0.237725230872173,0.0229249537438155));
#5014=CARTESIAN_POINT('',(0.0549457343722054,0.239247626524327,0.0229249537438154));
#5015=CARTESIAN_POINT('',(0.0565835122598561,0.241143179996775,0.0229249537438155));
#5016=CARTESIAN_POINT('',(0.0576000700648607,0.242683913310209,0.0229249537438155));
#5017=CARTESIAN_POINT('',(0.0584464266334116,0.244369355488202,0.0229249537438154));
#5018=CARTESIAN_POINT('',(0.058999914013022,0.245871737533528,0.0229249537438155));
#5019=CARTESIAN_POINT('',(0.0593652794780732,0.247187303342616,0.0229249537438154));
#5020=CARTESIAN_POINT('',(0.0596349220234507,0.248390798100697,0.0229249537438155));
#5021=CARTESIAN_POINT('',(0.0598035812700337,0.249484435807892,0.0229249537438155));
#5022=CARTESIAN_POINT('',(0.0598992087311626,0.250487943817058,0.0229249537438155));
#5023=CARTESIAN_POINT('',(0.0599323488348494,0.250932118713332,0.0229249537438155));
#5024=CARTESIAN_POINT('',(0.0599596276749605,0.251411598650309,0.0229249537438155));
#5025=CARTESIAN_POINT('',(0.0599757965999774,0.251806163610873,0.0229249537438155));
#5026=CARTESIAN_POINT('',(0.0599862227285164,0.252176293736765,0.0229249537438155));
#5027=CARTESIAN_POINT('',(0.0599907437529029,0.252392639264957,0.0229249537438154));
#5028=CARTESIAN_POINT('',(0.0599978191450044,0.252883338678376,0.0229249537438155));
#5029=CARTESIAN_POINT('',(0.06,0.253421711765282,0.0229249537438155));
#5030=CARTESIAN_POINT('',(0.06,0.253841236398655,0.0229249537438155));
#5031=CARTESIAN_POINT('',(0.002,0.271662443876266,0.0668324902653694));
#5032=CARTESIAN_POINT('',(0.0015,0.267601179892264,0.0668324902653694));
#5033=CARTESIAN_POINT('',(0.0015,0.267601179892264,0.0668324902653694));
#5034=CARTESIAN_POINT('',(0.002,0.267601179892264,0.0668324902653694));
#5035=CARTESIAN_POINT('',(0.0015,0.271662443876266,0.0668324902653694));
#5036=CARTESIAN_POINT('',(0.0015,0.284384787082672,0.0668324902653694));
#5037=CARTESIAN_POINT('',(0.002,0.284384787082672,0.0668324902653694));
#5038=CARTESIAN_POINT('',(-0.0015,0.284384787082672,0.0668324902653694));
#5039=CARTESIAN_POINT('',(-0.0015,0.271662443876266,0.0668324902653694));
#5040=CARTESIAN_POINT('',(-0.0015,0.267601179892264,0.0668324902653694));
#5041=CARTESIAN_POINT('',(-0.0015,0.267601179892264,0.0668324902653694));
#5042=CARTESIAN_POINT('',(-0.002,0.267601179892264,0.0668324902653694));
#5043=CARTESIAN_POINT('',(-0.002,0.271662443876266,0.0668324902653694));
#5044=CARTESIAN_POINT('',(-0.002,0.258940100669861,0.0668324902653694));
#5045=CARTESIAN_POINT('',(0.002,0.258940100669861,0.0668324902653694));
#5046=CARTESIAN_POINT('',(0.002,0.258940100669861,0.0668324902653694));
#5047=CARTESIAN_POINT('',(0.002,0.271662443876266,0.0668324902653694));
#5048=CARTESIAN_POINT('',(0.002,0.284384787082672,0.0457217833027244));
#5049=CARTESIAN_POINT('',(0.0015,0.284384787082672,0.0457217833027244));
#5050=CARTESIAN_POINT('',(0.0015,0.284384787082672,0.0266054466777211));
#5051=CARTESIAN_POINT('',(0.002,0.284384787082672,0.0266054466777211));
#5052=CARTESIAN_POINT('',(-0.0015,0.284384787082672,0.0266054466777211));
#5053=CARTESIAN_POINT('',(-0.0015,0.284384787082672,0.0457217833027244));
#5054=CARTESIAN_POINT('',(-0.002,0.257154494524002,0.0457217833027244));
#5055=CARTESIAN_POINT('',(-0.002,0.267601179892264,0.0260927964172686));
#5056=CARTESIAN_POINT('',(-0.002,0.267601179892264,0.0256142868276386));
#5057=CARTESIAN_POINT('',(-0.002,0.257154494524002,0.0262387190014124));
#5058=CARTESIAN_POINT('',(-0.00200000000000004,0.243877061828068,0.0270323540988805));
#5059=CARTESIAN_POINT('',(-0.002,0.230337879954718,0.0279287700151802));
#5060=CARTESIAN_POINT('',(-0.002,0.234850940587568,0.0276299648366219));
#5061=CARTESIAN_POINT('',(-0.002,0.239364001213004,0.0273311595460707));
#5062=CARTESIAN_POINT('',(-0.002,0.243877061828068,0.0270323540988805));
#5063=CARTESIAN_POINT('',(-0.002,0.230337879954718,0.0279287700151801));
#5064=CARTESIAN_POINT('',(-0.002,0.236742816865444,0.0288950325921178));
#5065=CARTESIAN_POINT('',(-0.002,0.243561431765557,0.0299237035214901));
#5066=CARTESIAN_POINT('',(-0.002,0.251250766217709,0.0483780968934298));
#5067=CARTESIAN_POINT('',(0.002,0.257154494524002,0.0262387190014124));
#5068=CARTESIAN_POINT('',(0.002,0.267601179892264,0.0256142868276386));
#5069=CARTESIAN_POINT('',(0.002,0.267601179892264,0.0256142868276386));
#5070=CARTESIAN_POINT('',(0.002,0.257154494524002,0.0262387190014124));
#5071=CARTESIAN_POINT('',(0.002,0.243950995941064,0.0270279348178101));
#5072=CARTESIAN_POINT('',(0.002,0.243950995941084,0.0270279348178089));
#5073=CARTESIAN_POINT('',(0.00133333238197834,0.243926376880343,0.0270294063786987));
#5074=CARTESIAN_POINT('',(0.000666665714932034,0.243901732186242,0.0270308794717772));
#5075=CARTESIAN_POINT('',(2.05490193003893E-17,0.243877061828086,0.0270323540988793));
#5076=CARTESIAN_POINT('',(-3.99613203855634E-17,0.243877061828068,0.0270323540988805));
#5077=CARTESIAN_POINT('',(-0.00200000000000004,0.243877061828068,0.0270323540988805));
#5078=CARTESIAN_POINT('',(0.002,0.257154494524002,0.0457217833027244));
#5079=CARTESIAN_POINT('',(0.002,0.236788671358506,0.027615217822441));
#5080=CARTESIAN_POINT('',(0.002,0.237129638217415,0.0276568410382366));
#5081=CARTESIAN_POINT('',(0.002,0.238299930129358,0.0277935389479082));
#5082=CARTESIAN_POINT('',(0.002,0.245905227514602,0.0280225667966038));
#5083=CARTESIAN_POINT('',(0.002,0.257485656736914,0.0340711998546813));
#5084=CARTESIAN_POINT('',(0.002,0.259355254111151,0.0380904327634763));
#5085=CARTESIAN_POINT('',(0.002,0.260094356412406,0.0396990040919111));
#5086=CARTESIAN_POINT('',(0.002,0.236788671352747,0.027615217821738));
#5087=CARTESIAN_POINT('',(0.002,0.260094356412406,0.0396990040919111));
#5088=CARTESIAN_POINT('',(0.002,0.254332361918729,0.0264881595894365));
#5089=CARTESIAN_POINT('',(0.002,0.254780297874791,0.0265852248007781));
#5090=CARTESIAN_POINT('',(0.002,0.256174040998518,0.0269797730039425));
#5091=CARTESIAN_POINT('',(0.002,0.26007050692282,0.0308590765676822));
#5092=CARTESIAN_POINT('',(0.002,0.260085683096263,0.0364841979288748));
#5093=CARTESIAN_POINT('',(0.002,0.260094356412406,0.0396990040919111));
#5094=CARTESIAN_POINT('',(0.002,0.254332361918729,0.0264881595894365));
#5095=CARTESIAN_POINT('',(0.002,0.245560516619639,0.0270468916872803));
#5096=CARTESIAN_POINT('',(0.002,0.236788671352747,0.0276056237921016));
#5097=CARTESIAN_POINT('',(0.002,0.236788671352747,0.0276104208069198));
#5098=CARTESIAN_POINT('',(0.002,0.260149121284485,0.0496589416563511));
#5099=CARTESIAN_POINT('',(0.002,0.260466532722834,0.0486991341930834));
#5100=CARTESIAN_POINT('',(0.002,0.261111052356563,0.0467501976396544));
#5101=CARTESIAN_POINT('',(0.002,0.263126325091664,0.0460263238624814));
#5102=CARTESIAN_POINT('',(0.002,0.264149121284485,0.0456589416563511));
#5103=CARTESIAN_POINT('',(0.002,0.260149121284485,0.0496589416563511));
#5104=CARTESIAN_POINT('',(0.002,0.264149121284485,0.0456589416563511));
#5105=CARTESIAN_POINT('',(0.002,0.260149121284485,0.0416589416563511));
#5106=CARTESIAN_POINT('',(0.002,0.260452816016277,0.0427245244382591));
#5107=CARTESIAN_POINT('',(0.002,0.26105469003557,0.0448363377978486));
#5108=CARTESIAN_POINT('',(0.002,0.263123964998678,0.0453864206505706));
#5109=CARTESIAN_POINT('',(0.002,0.264149121284485,0.0456589416563511));
#5110=CARTESIAN_POINT('',(0.002,0.260149121284485,0.0416589416563511));
#5111=CARTESIAN_POINT('',(0.002,0.256149121284485,0.0456589416563511));
#5112=CARTESIAN_POINT('',(0.002,0.257273573438325,0.0454536367993135));
#5113=CARTESIAN_POINT('',(0.002,0.259524404660787,0.0450426752650541));
#5114=CARTESIAN_POINT('',(0.002,0.259940763596304,0.0427874964048365));
#5115=CARTESIAN_POINT('',(0.002,0.260149121284485,0.0416589416563511));
#5116=CARTESIAN_POINT('',(0.002,0.256149121284485,0.0456589416563511));
#5117=CARTESIAN_POINT('',(0.002,0.260149121284485,0.0496589416563511));
#5118=CARTESIAN_POINT('',(0.002,0.259888633055829,0.0487171412314043));
#5119=CARTESIAN_POINT('',(0.002,0.259348846573038,0.0467655323564167));
#5120=CARTESIAN_POINT('',(0.002,0.257240189945049,0.0460362760597865));
#5121=CARTESIAN_POINT('',(0.002,0.256149121284485,0.0456589416563511));
#5122=CARTESIAN_POINT('',(0.002,0.267601179892264,0.0457217833027244));
#5123=CARTESIAN_POINT('',(0.002,0.251250766217709,0.0483780968934298));
#5124=CARTESIAN_POINT('',(0.002,0.243561431765557,0.0299237035214901));
#5125=CARTESIAN_POINT('',(0.002,0.236742816865444,0.0288950325921178));
#5126=CARTESIAN_POINT('',(0.002,0.230340448451971,0.0279291575042077));
#5127=CARTESIAN_POINT('',(0.002,0.230340448451971,0.0279291575042127));
#5128=CARTESIAN_POINT('',(0.002,0.23487729781303,0.0276287529327198));
#5129=CARTESIAN_POINT('',(0.002,0.239414146999426,0.0273283457234549));
#5130=CARTESIAN_POINT('',(0.002,0.243950995941064,0.0270279348178103));
#5131=CARTESIAN_POINT('',(-0.0201130703080016,0.067956,0.0386703991624789));
#5132=CARTESIAN_POINT('',(-0.005,0.287856,0.0241205423325301));
#5133=CARTESIAN_POINT('',(-0.00652040863258225,0.067956,0.0386768119823747));
#5134=CARTESIAN_POINT('',(-0.00166666666666667,0.287856,0.0241205423325301));
#5135=CARTESIAN_POINT('',(0.0070722530428371,0.067956,0.0386832248022706));
#5136=CARTESIAN_POINT('',(0.00166666666666667,0.287856,0.0241205423325301));
#5137=CARTESIAN_POINT('',(0.0206649147182565,0.067956,0.0386896376221664));
#5138=CARTESIAN_POINT('',(0.005,0.287856,0.0241205423325301));
#5139=CARTESIAN_POINT('',(1.11130722679764E-18,0.230337879954718,0.0279287700151801));
#5140=CARTESIAN_POINT('',(0.000666666666638835,0.230338736141659,0.027928899181386));
#5141=CARTESIAN_POINT('',(0.00133333333330552,0.230339592307417,0.0279290283443963));
#5142=CARTESIAN_POINT('',(0.002,0.230340448451995,0.0279291575042111));
#5143=CARTESIAN_POINT('',(0.,0.230337879954718,0.0279287700151801));
#5144=CARTESIAN_POINT('',(7.11507675693612E-20,0.230337879954718,0.0279287700151802));
#5145=CARTESIAN_POINT('',(7.11507675693612E-20,0.234850940587568,0.0276299648366219));
#5146=CARTESIAN_POINT('',(2.99849663328022E-19,0.239364001213004,0.0273311595460707));
#5147=CARTESIAN_POINT('',(2.99849663328022E-19,0.243877061828068,0.0270323540988805));
#5148=CARTESIAN_POINT('',(0.0204652551337324,0.067956,0.0386895434256812));
#5149=CARTESIAN_POINT('',(0.0160095875902028,0.13050359516706,0.0345455669427231));
#5150=CARTESIAN_POINT('',(0.0115539104788705,0.193051189021386,0.0304015809330349));
#5151=CARTESIAN_POINT('',(0.00709828797654822,0.255598790369857,0.0262576493213829));
#5152=CARTESIAN_POINT('',(0.0204652551337323,0.067956,0.0386895434256811));
#5153=CARTESIAN_POINT('',(0.00709828797654823,0.255598790369857,0.0262576493213829));
#5154=CARTESIAN_POINT('',(0.00709828797654822,0.255598790369857,0.0262576493213829));
#5155=CARTESIAN_POINT('',(0.00633018650554027,0.266381325151188,0.0255432800127157));
#5156=CARTESIAN_POINT('',(0.00527739254459331,0.277135602032558,0.0248306990579709));
#5157=CARTESIAN_POINT('',(0.00388308933677737,0.287856,0.0241205423325301));
#5158=CARTESIAN_POINT('',(0.00388308933677737,0.287856,0.0241205423325301));
#5159=CARTESIAN_POINT('',(-4.33680868994202E-18,0.287856,0.0241205423325301));
#5160=CARTESIAN_POINT('',(-0.003882067473751,0.287856,0.0241205423325301));
#5161=CARTESIAN_POINT('',(-0.003882067473751,0.287856,0.0241205423325301));
#5162=CARTESIAN_POINT('',(-0.00525114236896045,0.277122874780221,0.024830812998014));
#5163=CARTESIAN_POINT('',(-0.00627823137006038,0.266354038327715,0.0255432664654285));
#5164=CARTESIAN_POINT('',(-0.00702007974932405,0.255560038101534,0.026257468933403));
#5165=CARTESIAN_POINT('',(-0.00702007974932405,0.255560038101534,0.026257468933403));
#5166=CARTESIAN_POINT('',(-0.00702007974932405,0.255560038101534,0.026257468933403));
#5167=CARTESIAN_POINT('',(-0.0113179532207373,0.193025363201276,0.0303951767536619));
#5168=CARTESIAN_POINT('',(-0.0156157721407176,0.130490680957608,0.0345328302529046));
#5169=CARTESIAN_POINT('',(-0.0199136006104436,0.067956,0.0386704932693783));
#5170=CARTESIAN_POINT('',(-0.0199136006104435,0.067956,0.0386704932693783));
#5171=CARTESIAN_POINT('',(0.000275922205127427,0.067956,0.0386800183923227));
#5172=CARTESIAN_POINT('',(-0.0246669712182877,0.00169528726833758,0.));
#5173=CARTESIAN_POINT('',(-0.0201130703080016,0.067956,0.0161824305332701));
#5174=CARTESIAN_POINT('',(-0.0201130703080016,0.067956,0.0384709633137758));
#5175=CARTESIAN_POINT('',(-0.0201130703080016,0.067956,0.0384709633137759));
#5176=CARTESIAN_POINT('',(-0.0158152368994747,0.130490848794734,0.0343332891891194));
#5177=CARTESIAN_POINT('',(-0.011517403447685,0.193025698218956,0.0301956246230445));
#5178=CARTESIAN_POINT('',(-0.00721957024289995,0.255560544049181,0.0260579054828066));
#5179=CARTESIAN_POINT('',(0.,0.00116202012563884,-0.0125099001016288));
#5180=CARTESIAN_POINT('',(0.000275922205127427,0.067956,-0.00630553809593882));
#5181=CARTESIAN_POINT('',(0.0253770852160965,0.00180777569671704,0.));
#5182=CARTESIAN_POINT('',(0.0206649147182565,0.067956,0.00862822305978627));
#5183=CARTESIAN_POINT('',(0.0203946414069077,0.071750026474739,0.0113472993213767));
#5184=CARTESIAN_POINT('',(0.0194190692015586,0.0854448554485754,0.021162013218928));
#5185=CARTESIAN_POINT('',(0.00789542234966268,0.247210813853612,0.0245451684697654));
#5186=CARTESIAN_POINT('',(0.00767717353369112,0.250274533988406,0.0257090924684076));
#5187=CARTESIAN_POINT('',(0.00776779878324804,0.249002360297327,0.026235988203995));
#5188=CARTESIAN_POINT('',(0.00782086913545155,0.248257372491172,0.0265445395448064));
#5189=CARTESIAN_POINT('',(-4.33680868994202E-18,0.287856,0.01912054233253));
#5190=CARTESIAN_POINT('',(0.00388308933677737,0.287856,0.0241205423325301));
#5191=CARTESIAN_POINT('',(0.00401226594551651,0.287856,0.02412054233253));
#5192=CARTESIAN_POINT('',(0.00411540423080571,0.287856,0.0239735941839495));
#5193=CARTESIAN_POINT('',(0.00407061789203899,0.287856,0.0238524137893168));
#5194=CARTESIAN_POINT('',(-0.00406955450251041,0.287856,0.0238523388254088));
#5195=CARTESIAN_POINT('',(-0.00411436070187623,0.287856,0.0239735165588026));
#5196=CARTESIAN_POINT('',(-0.00401125890309182,0.287856,0.0241205423325301));
#5197=CARTESIAN_POINT('',(-0.003882067473751,0.287856,0.0241205423325301));
#5198=CARTESIAN_POINT('',(0.000275922205127427,0.067956,0.0161920497631138));
#5199=CARTESIAN_POINT('',(0.0206649147182565,0.067956,0.0161920497631138));
#5200=CARTESIAN_POINT('',(0.0206649147182565,0.067956,0.0384900465237022));
#5201=CARTESIAN_POINT('',(0.0206649147182564,0.067956,0.038595491998984));
#5202=CARTESIAN_POINT('',(0.020570701358547,0.067956,0.0386895931736749));
#5203=CARTESIAN_POINT('',(0.0204652551337323,0.067956,0.0386895434256811));
#5204=CARTESIAN_POINT('',(-0.0199136006104435,0.067956,0.0386704932693783));
#5205=CARTESIAN_POINT('',(-0.0200189898445256,0.067956,0.0386704435482719));
#5206=CARTESIAN_POINT('',(-0.0201130703080016,0.067956,0.0385763547827406));
#5207=CARTESIAN_POINT('',(-0.0201130703080016,0.067956,0.0384709633137758));
#5208=CARTESIAN_POINT('',(0.00709828797654824,0.255598790369857,0.0262576493213828));
#5209=CARTESIAN_POINT('',(0.00729688833720672,0.255612878704031,0.026256754743463));
#5210=CARTESIAN_POINT('',(0.00729782123604389,0.255599782912705,0.0260580866417646));
#5211=CARTESIAN_POINT('',(0.0115807936584454,0.192673805509827,0.0304265835138929));
#5212=CARTESIAN_POINT('',(0.0117800290381036,0.192679715130136,0.030426282957676));
#5213=CARTESIAN_POINT('',(0.0117803790664753,0.192674801536133,0.0302270206163441));
#5214=CARTESIAN_POINT('',(0.0160633544682333,0.129748827891185,0.0345955726170623));
#5215=CARTESIAN_POINT('',(0.016262076835917,0.129761893487289,0.0345947947354332));
#5216=CARTESIAN_POINT('',(0.0162629366397714,0.12974982376916,0.0343960097329313));
#5217=CARTESIAN_POINT('',(0.020545905529478,0.0668238490428291,0.0387645520164662));
#5218=CARTESIAN_POINT('',(0.0207445610892243,0.0668379449520893,0.0387637124327857));
#5219=CARTESIAN_POINT('',(0.0207454942576003,0.0668248453770472,0.0385649891042426));
#5220=CARTESIAN_POINT('',(0.00782086913473126,0.248257372501283,0.0265445396981931));
#5221=CARTESIAN_POINT('',(0.00833694055957738,0.24101289601579,0.0270245047577663));
#5222=CARTESIAN_POINT('',(0.00885301197976064,0.233768419595753,0.0275044708103271));
#5223=CARTESIAN_POINT('',(0.00936908339724835,0.226523943213556,0.0279844374369243));
#5224=CARTESIAN_POINT('',(0.00709832677720969,0.255585571618096,0.0260580866417646));
#5225=CARTESIAN_POINT('',(0.00729782123604389,0.255599782912705,0.0260580866417646));
#5226=CARTESIAN_POINT('',(0.00729688833720672,0.255612878704031,0.026256754743463));
#5227=CARTESIAN_POINT('',(0.00709828797654824,0.255598790369857,0.0262576493213828));
#5228=CARTESIAN_POINT('',(0.00652499575912649,0.26644850602615,0.0253162966398526));
#5229=CARTESIAN_POINT('',(0.00650128629205172,0.267122892335404,0.0254941833773546));
#5230=CARTESIAN_POINT('',(0.00632562407909474,0.26644537204935,0.0255390367490305));
#5231=CARTESIAN_POINT('',(0.00545981159455782,0.277272617439362,0.0245760584797645));
#5232=CARTESIAN_POINT('',(0.00540175700431053,0.27815541809197,0.0247631645489054));
#5233=CARTESIAN_POINT('',(0.0052645135679199,0.277267623020575,0.0248219508178567));
#5234=CARTESIAN_POINT('',(0.00404448339936426,0.288055427857873,0.0238387777776567));
#5235=CARTESIAN_POINT('',(0.00414049928566182,0.288085611883183,0.02410533158426));
#5236=CARTESIAN_POINT('',(0.00385796035904608,0.288048911749946,0.0241077632066275));
#5237=CARTESIAN_POINT('',(-0.00721957024289995,0.25556054404918,0.0260579054828066));
#5238=CARTESIAN_POINT('',(-0.00721867125217815,0.255573624651315,0.0262565311318954));
#5239=CARTESIAN_POINT('',(-0.00702007974932405,0.255560038101534,0.026257468933403));
#5240=CARTESIAN_POINT('',(-0.0115433148012039,0.192648679749334,0.0302205706624627));
#5241=CARTESIAN_POINT('',(-0.0115418545017293,0.192669927569058,0.0304186038489167));
#5242=CARTESIAN_POINT('',(-0.0113438764042139,0.192648177144757,0.0304201338786992));
#5243=CARTESIAN_POINT('',(-0.0158670596152134,0.129736811728889,0.0343831807734456));
#5244=CARTESIAN_POINT('',(-0.0158660901972073,0.129750917066526,0.0345816897613792));
#5245=CARTESIAN_POINT('',(-0.0156676180031285,0.129736308990314,0.0345827439983768));
#5246=CARTESIAN_POINT('',(-0.0201908043823433,0.066824944390558,0.0385458006179387));
#5247=CARTESIAN_POINT('',(-0.0201899056511037,0.0668380212171444,0.0387443711084476));
#5248=CARTESIAN_POINT('',(-0.0199913693252116,0.0668244420912483,0.0387453638085675));
#5249=CARTESIAN_POINT('',(-0.00702004091641034,0.25554683099443,0.0260579054828066));
#5250=CARTESIAN_POINT('',(-0.00702007974932406,0.255560038101534,0.026257468933403));
#5251=CARTESIAN_POINT('',(-0.0072186712521782,0.255573624651315,0.0262565311318954));
#5252=CARTESIAN_POINT('',(-0.00721957024289996,0.255560544049181,0.0260579054828066));
#5253=CARTESIAN_POINT('',(-0.00627377421337105,0.266418890599368,0.0255389754100875));
#5254=CARTESIAN_POINT('',(-0.00645101405986872,0.267097410619053,0.0254940460069199));
#5255=CARTESIAN_POINT('',(-0.00647312634499519,0.26642154117313,0.0253162208118116));
#5256=CARTESIAN_POINT('',(-0.00523869717598496,0.277254155921171,0.0248221281087234));
#5257=CARTESIAN_POINT('',(-0.00537776613786068,0.278144661425152,0.024763173974838));
#5258=CARTESIAN_POINT('',(-0.00543399917639633,0.2772586797754,0.024576209101115));
#5259=CARTESIAN_POINT('',(-0.00385739032401335,0.28804915702286,0.0241077600322499));
#5260=CARTESIAN_POINT('',(-0.00414014030294174,0.288085178936018,0.0241053767394384));
#5261=CARTESIAN_POINT('',(-0.00404394621976766,0.28805522476212,0.0238387304292735));
#5262=CARTESIAN_POINT('',(0.002,0.236742816865444,0.0288950325921178));
#5263=CARTESIAN_POINT('',(0.002,0.243561431765557,0.0299237035214901));
#5264=CARTESIAN_POINT('',(-0.002,0.230337879954718,0.0279287700151801));
#5265=CARTESIAN_POINT('',(0.002,0.251250766217709,0.0483780968934298));
#5266=CARTESIAN_POINT('',(-0.002,0.230337879954718,0.0279287700151801));
#5267=CARTESIAN_POINT('',(0.023,0.267601179892264,0.0260927964172686));
#5268=CARTESIAN_POINT('',(-0.0015,0.267601179892264,0.0467189684715453));
#5269=CARTESIAN_POINT('',(-0.0015,0.267601179892264,0.0266054466777211));
#5270=CARTESIAN_POINT('',(0.023,0.267601179892264,0.0266054466777211));
#5271=CARTESIAN_POINT('',(0.0015,0.267601179892264,0.0266054466777211));
#5272=CARTESIAN_POINT('',(0.0015,0.267601179892264,0.0467189684715453));
#5273=CARTESIAN_POINT('',(0.023,0.276375173814944,0.0266054466777211));
#5274=CARTESIAN_POINT('',(0.0015,0.257154494524002,0.0266054466777211));
#5275=CARTESIAN_POINT('',(-0.0015,0.276375173814944,0.0266054466777211));
#5276=CARTESIAN_POINT('',(-0.0015,0.257361333518695,0.046223388546504));
#5277=CARTESIAN_POINT('',(0.0015,0.257362617767321,0.046223388546504));
#5278=CARTESIAN_POINT('',(0.06,0.235010370612144,0.0219249537438154));
#5279=CARTESIAN_POINT('',(0.06,0.235010370612144,0.0209249537438154));
#5280=CARTESIAN_POINT('',(0.0411691342134898,0.235010370612144,0.0209249537438154));
#5281=CARTESIAN_POINT('',(0.0411691342134898,0.235010370612144,0.0209249537438159));
#5282=CARTESIAN_POINT('',(0.0411691342134898,0.235010370612144,0.0215916204104822));
#5283=CARTESIAN_POINT('',(0.0411691342134898,0.235010370612144,0.0222582870771486));
#5284=CARTESIAN_POINT('',(0.0411691342134898,0.235010370612144,0.0229249537438149));
#5285=CARTESIAN_POINT('',(0.06,0.260010370612144,0.0209249537438154));
#5286=CARTESIAN_POINT('',(0.071,0.271010370612145,0.0209249537438154));
#5287=CARTESIAN_POINT('',(0.06,0.282010370612145,0.0209249537438154));
#5288=CARTESIAN_POINT('',(0.06,0.260010370612144,0.0209249537438154));
#5289=CARTESIAN_POINT('',(0.06,0.253841236398655,0.0209249537438154));
#5290=CARTESIAN_POINT('',(0.06,0.253841236398655,0.0209249537438154));
#5291=CARTESIAN_POINT('',(0.06,0.253425625541038,0.0209249537438154));
#5292=CARTESIAN_POINT('',(0.0599969318665785,0.252862683130011,0.0209249537438154));
#5293=CARTESIAN_POINT('',(0.0599872935616758,0.252246906445318,0.0209249537438154));
#5294=CARTESIAN_POINT('',(0.0599779768351326,0.251895109106195,0.0209249537438154));
#5295=CARTESIAN_POINT('',(0.0599709030083195,0.251688970871716,0.0209249537438154));
#5296=CARTESIAN_POINT('',(0.0599560351955905,0.251343537968041,0.0209249537438154));
#5297=CARTESIAN_POINT('',(0.0599233142085297,0.250772871796461,0.0209249537438154));
#5298=CARTESIAN_POINT('',(0.0598678015935405,0.250128627051332,0.0209249537438154));
#5299=CARTESIAN_POINT('',(0.0597982625770709,0.249532159800246,0.0209249537438154));
#5300=CARTESIAN_POINT('',(0.059707601710233,0.24888104086834,0.0209249537438154));
#5301=CARTESIAN_POINT('',(0.0595128997673873,0.247772989912876,0.0209249537438154));
#5302=CARTESIAN_POINT('',(0.0591977940969729,0.246531256867151,0.0209249537438154));
#5303=CARTESIAN_POINT('',(0.0588145686409506,0.245380792854757,0.0209249537438154));
#5304=CARTESIAN_POINT('',(0.0583111651451578,0.244100432382097,0.0209249537438154));
#5305=CARTESIAN_POINT('',(0.0572851397398986,0.242055132820783,0.0209249537438154));
#5306=CARTESIAN_POINT('',(0.0557627440877826,0.24006463624006,0.0209249537438154));
#5307=CARTESIAN_POINT('',(0.0538671906153082,0.238426858352263,0.0209249537438154));
#5308=CARTESIAN_POINT('',(0.052326457302176,0.237410300547368,0.0209249537438154));
#5309=CARTESIAN_POINT('',(0.050641015124243,0.236563943978835,0.0209249537438154));
#5310=CARTESIAN_POINT('',(0.0491386330787907,0.236010456599185,0.0209249537438154));
#5311=CARTESIAN_POINT('',(0.0478230672696002,0.235645091134091,0.0209249537438154));
#5312=CARTESIAN_POINT('',(0.0466195725110155,0.235375448588572,0.0209249537438154));
#5313=CARTESIAN_POINT('',(0.0455259348038115,0.235206789341999,0.0209249537438154));
#5314=CARTESIAN_POINT('',(0.0445224267951044,0.235111161880978,0.0209249537438154));
#5315=CARTESIAN_POINT('',(0.0440782518987806,0.23507802177732,0.0209249537438154));
#5316=CARTESIAN_POINT('',(0.0435987719617773,0.235050742937214,0.0209249537438154));
#5317=CARTESIAN_POINT('',(0.0432042070012969,0.23503457401219,0.0209249537438154));
#5318=CARTESIAN_POINT('',(0.0428340768752824,0.235024147883627,0.0209249537438154));
#5319=CARTESIAN_POINT('',(0.0426177313477211,0.235019626859242,0.0209249537438154));
#5320=CARTESIAN_POINT('',(0.0421270319347393,0.23501255146714,0.0209249537438154));
#5321=CARTESIAN_POINT('',(0.0415886588474742,0.235010370612144,0.0209249537438154));
#5322=CARTESIAN_POINT('',(0.0411691342134898,0.235010370612144,0.0209249537438154));
#5323=CARTESIAN_POINT('',(0.06,0.260010370612144,0.0219249537438154));
#5324=CARTESIAN_POINT('',(0.06,0.282010370612145,0.0219249537438154));
#5325=CARTESIAN_POINT('',(0.06,0.253841236398655,0.0229249537438149));
#5326=CARTESIAN_POINT('',(0.06,0.253841236398655,0.0222582870771486));
#5327=CARTESIAN_POINT('',(0.06,0.253841236398655,0.0215916204104822));
#5328=CARTESIAN_POINT('',(0.06,0.253841236398655,0.0209249537438159));
#5329=CARTESIAN_POINT('',(-0.06,0.285010370612145,0.0219249537438155));
#5330=CARTESIAN_POINT('',(-0.06,0.285010370612145,0.0209249537438154));
#5331=CARTESIAN_POINT('',(-0.057,0.285010370612145,0.0209249537438154));
#5332=CARTESIAN_POINT('',(-0.057,0.285010370612145,0.0219249537438155));
#5333=CARTESIAN_POINT('',(-0.057,0.285010370612145,0.0224249537438155));
#5334=CARTESIAN_POINT('',(-0.06,0.285010370612145,0.0224249537438155));
#5335=CARTESIAN_POINT('',(-0.0121338346786046,0.285010370612145,0.0224249537438155));
#5336=CARTESIAN_POINT('',(-0.0121338346786046,0.285010370612145,0.0224249537438155));
#5337=CARTESIAN_POINT('',(-0.06,0.235010370612144,0.0219249537438154));
#5338=CARTESIAN_POINT('',(-0.0411691342134898,0.235010370612144,0.0229249537438149));
#5339=CARTESIAN_POINT('',(-0.0411691342134898,0.235010370612144,0.0222582870771486));
#5340=CARTESIAN_POINT('',(-0.0411691342134898,0.235010370612144,0.0215916204104822));
#5341=CARTESIAN_POINT('',(-0.0411691342134898,0.235010370612144,0.0209249537438159));
#5342=CARTESIAN_POINT('',(-0.0411691342134898,0.235010370612144,0.0209249537438154));
#5343=CARTESIAN_POINT('',(-0.06,0.235010370612144,0.0209249537438154));
#5344=CARTESIAN_POINT('',(-0.06,0.260010370612144,0.0209249537438154));
#5345=CARTESIAN_POINT('',(-0.06,0.260010370612144,0.0209249537438154));
#5346=CARTESIAN_POINT('',(-0.06,0.282010370612145,0.0209249537438154));
#5347=CARTESIAN_POINT('',(-0.06,0.253841236398655,0.0209249537438154));
#5348=CARTESIAN_POINT('',(-0.06,0.282010370612145,0.0209249537438154));
#5349=CARTESIAN_POINT('',(-0.0411691342134898,0.235010370612144,0.0209249537438154));
#5350=CARTESIAN_POINT('',(-0.0415847450713032,0.235010370612144,0.0209249537438154));
#5351=CARTESIAN_POINT('',(-0.0421476874825038,0.235013438745566,0.0209249537438154));
#5352=CARTESIAN_POINT('',(-0.0427634641671412,0.235023077050468,0.0209249537438154));
#5353=CARTESIAN_POINT('',(-0.0431152615061794,0.235032393777014,0.0209249537438154));
#5354=CARTESIAN_POINT('',(-0.0433213997403948,0.235039467603822,0.0209249537438154));
#5355=CARTESIAN_POINT('',(-0.0436668326442386,0.23505433541657,0.0209249537438154));
#5356=CARTESIAN_POINT('',(-0.0442374988159427,0.235087056403647,0.0209249537438154));
#5357=CARTESIAN_POINT('',(-0.0448817435611047,0.23514256901864,0.0209249537438154));
#5358=CARTESIAN_POINT('',(-0.0454782108118838,0.235212108035071,0.0209249537438154));
#5359=CARTESIAN_POINT('',(-0.0461293297438405,0.235302768901919,0.0209249537438154));
#5360=CARTESIAN_POINT('',(-0.0472373806993269,0.235497470844769,0.0209249537438154));
#5361=CARTESIAN_POINT('',(-0.0484791137450718,0.23581257651519,0.0209249537438154));
#5362=CARTESIAN_POINT('',(-0.049629577757371,0.236195801971186,0.0209249537438154));
#5363=CARTESIAN_POINT('',(-0.0509099382301239,0.236699205467027,0.0209249537438154));
#5364=CARTESIAN_POINT('',(-0.0529552377915134,0.237725230872323,0.0209249537438154));
#5365=CARTESIAN_POINT('',(-0.0549457343722542,0.239247626524465,0.0209249537438154));
#5366=CARTESIAN_POINT('',(-0.0565835122598727,0.241143179996808,0.0209249537438154));
#5367=CARTESIAN_POINT('',(-0.0576000700647904,0.242683913310066,0.0209249537438154));
#5368=CARTESIAN_POINT('',(-0.0584464266333298,0.24436935548804,0.0209249537438154));
#5369=CARTESIAN_POINT('',(-0.0589999140129578,0.245871737533387,0.0209249537438154));
#5370=CARTESIAN_POINT('',(-0.0593652794780769,0.247187303342643,0.0209249537438154));
#5371=CARTESIAN_POINT('',(-0.0596349220234421,0.248390798100577,0.0209249537438154));
#5372=CARTESIAN_POINT('',(-0.0598035812700245,0.249484435807752,0.0209249537438154));
#5373=CARTESIAN_POINT('',(-0.0598992087311644,0.250487943817077,0.0209249537438154));
#5374=CARTESIAN_POINT('',(-0.0599323488348432,0.250932118713265,0.0209249537438154));
#5375=CARTESIAN_POINT('',(-0.0599596276749534,0.251411598650236,0.0209249537438154));
#5376=CARTESIAN_POINT('',(-0.0599757965999718,0.251806163610805,0.0209249537438154));
#5377=CARTESIAN_POINT('',(-0.0599862227285167,0.252176293736784,0.0209249537438154));
#5378=CARTESIAN_POINT('',(-0.0599907437529028,0.252392639264863,0.0209249537438154));
#5379=CARTESIAN_POINT('',(-0.0599978191450045,0.252883338678208,0.0209249537438154));
#5380=CARTESIAN_POINT('',(-0.06,0.253421711765175,0.0209249537438154));
#5381=CARTESIAN_POINT('',(-0.06,0.253841236398655,0.0209249537438154));
#5382=CARTESIAN_POINT('',(-0.06,0.260010370612144,0.0219249537438154));
#5383=CARTESIAN_POINT('',(-0.06,0.282010370612145,0.0219249537438154));
#5384=CARTESIAN_POINT('',(-0.06,0.253841236398655,0.0209249537438159));
#5385=CARTESIAN_POINT('',(-0.06,0.253841236398655,0.0215916204104822));
#5386=CARTESIAN_POINT('',(-0.06,0.253841236398655,0.0222582870771486));
#5387=CARTESIAN_POINT('',(-0.06,0.253841236398655,0.0229249537438149));
#5388=CARTESIAN_POINT('',(0.00921227037906647,0.271938653290272,0.0224249537438154));
#5389=CARTESIAN_POINT('',(0.00921227037906647,0.258866935968399,0.0224249537438154));
#5390=CARTESIAN_POINT('',(0.00921227037906647,0.258866935968399,0.0224249537438154));
#5391=CARTESIAN_POINT('',(0.00921227037906647,0.271938653290272,0.0224249537438154));
#5392=CARTESIAN_POINT('',(0.0317122703790664,0.258866935968399,0.0224249537438154));
#5393=CARTESIAN_POINT('',(0.0542122703790665,0.258866935968399,0.0224249537438154));
#5394=CARTESIAN_POINT('',(0.0542122703790665,0.258866935968399,0.0224249537438154));
#5395=CARTESIAN_POINT('',(0.0317122703790664,0.258866935968399,0.0224249537438154));
#5396=CARTESIAN_POINT('',(0.0542122703790665,0.271938653290272,0.0224249537438154));
#5397=CARTESIAN_POINT('',(0.0542122703790665,0.271938653290272,0.0224249537438154));
#5398=CARTESIAN_POINT('',(0.0320050471649964,0.260010370612144,0.0224249537438154));
#5399=CARTESIAN_POINT('',(-0.0121338346786046,0.271938653290272,0.0224249537438154));
#5400=CARTESIAN_POINT('',(-0.0121338346786046,0.271938653290272,0.0224249537438154));
#5401=CARTESIAN_POINT('',(-0.0121338346786046,0.258866935968399,0.0224249537438154));
#5402=CARTESIAN_POINT('',(-0.0121338346786046,0.258866935968399,0.0224249537438154));
#5403=CARTESIAN_POINT('',(-0.0571338346786046,0.271938653290272,0.0224249537438154));
#5404=CARTESIAN_POINT('',(-0.0571338346786046,0.271938653290272,0.0224249537438154));
#5405=CARTESIAN_POINT('',(-0.0571338346786046,0.258866935968399,0.0224249537438154));
#5406=CARTESIAN_POINT('',(-0.0571338346786046,0.28487653593354,0.0224249537438155));
#5407=CARTESIAN_POINT('',(-0.0571338346786046,0.28487653593354,0.0224249537438154));
#5408=CARTESIAN_POINT('',(-0.0571338346786046,0.258866935968399,0.0224249537438154));
#5409=CARTESIAN_POINT('',(-0.0346338346786046,0.258866935968399,0.0224249537438154));
#5410=CARTESIAN_POINT('',(-0.0346338346786046,0.258866935968399,0.0224249537438154));
#5411=CARTESIAN_POINT('',(-0.0320009052936312,0.260010370612144,0.0224249537438154));
#5412=CARTESIAN_POINT('',(-0.0570004526468156,0.285009917965329,0.0224249537438155));
#5413=CARTESIAN_POINT('',(0.005,0.210315302014351,-0.00902171712368727));
#5414=CARTESIAN_POINT('',(0.0045,0.210315302014351,-0.00902171712368727));
#5415=CARTESIAN_POINT('',(0.0045,0.210315302014351,-0.00802171712368727));
#5416=CARTESIAN_POINT('',(0.,0.210315302014351,-0.00902171712368727));
#5417=CARTESIAN_POINT('',(0.,0.210315302014351,-0.00902171712368727));
#5418=CARTESIAN_POINT('',(0.0045,0.210315302014351,-0.00902171712368727));
#5419=CARTESIAN_POINT('',(0.0045,0.210315302014351,-0.00902171712368727));
#5420=CARTESIAN_POINT('',(0.0045,0.210315302014351,-0.00702171712368727));
#5421=CARTESIAN_POINT('',(0.005,0.210315302014351,-0.00902171712368727));
#5422=CARTESIAN_POINT('',(0.005,0.210315302014351,-0.0110217171236873));
#5423=CARTESIAN_POINT('',(0.0045,0.210315302014351,-0.00902171712368727));
#5424=CARTESIAN_POINT('',(0.007,0.210315302014351,-0.00902171712368727));
#5425=CARTESIAN_POINT('',(0.007,0.208688325946556,-0.0127959945647983));
#5426=CARTESIAN_POINT('',(0.007,0.210262193766392,-0.0131258504980638));
#5427=CARTESIAN_POINT('',(0.007,0.211831023796372,-0.01282964758534));
#5428=CARTESIAN_POINT('',(0.007,0.213157001608261,-0.0119826828548009));
#5429=CARTESIAN_POINT('',(0.007,0.214073358737078,-0.0106711865270093));
#5430=CARTESIAN_POINT('',(0.007,0.214418563904746,-0.00910755313787327));
#5431=CARTESIAN_POINT('',(0.007,0.214139062462804,-0.00753077146475474));
#5432=CARTESIAN_POINT('',(0.007,0.213277438416107,-0.00618097339017132));
#5433=CARTESIAN_POINT('',(0.007,0.211964852986063,-0.00526365158152265));
#5434=CARTESIAN_POINT('',(0.007,0.210401139203553,-0.004918461449199));
#5435=CARTESIAN_POINT('',(0.007,0.208824357024156,-0.00519795478728471));
#5436=CARTESIAN_POINT('',(0.007,0.20747455871771,-0.00605958104819767));
#5437=CARTESIAN_POINT('',(0.007,0.206557234234665,-0.00737216660619247));
#5438=CARTESIAN_POINT('',(0.007,0.206212054858893,-0.00893587778195793));
#5439=CARTESIAN_POINT('',(0.007,0.206491507839435,-0.0105126702692057));
#5440=CARTESIAN_POINT('',(0.007,0.207353284773881,-0.0118624299515486));
#5441=CARTESIAN_POINT('',(0.007,0.208688325946556,-0.0127959945647983));
#5442=CARTESIAN_POINT('',(0.007,0.210262193766392,-0.0131258504980638));
#5443=CARTESIAN_POINT('',(0.007,0.211831023796372,-0.01282964758534));
#5444=CARTESIAN_POINT('',(0.007,0.210315302014351,-0.0130217171236873));
#5445=CARTESIAN_POINT('',(0.007,0.210315302014351,-0.00902171712368727));
#5446=CARTESIAN_POINT('',(0.007,0.210315302014351,-0.0110217171236873));
#5447=CARTESIAN_POINT('',(0.005,0.210315302014351,-0.00902171712368727));
#5448=CARTESIAN_POINT('',(0.005,0.211942278082146,-0.0127959945647965));
#5449=CARTESIAN_POINT('',(0.005,0.210368410262311,-0.0131258504980641));
#5450=CARTESIAN_POINT('',(0.005,0.208799580232327,-0.0128296475853403));
#5451=CARTESIAN_POINT('',(0.005,0.207473602420441,-0.011982682854799));
#5452=CARTESIAN_POINT('',(0.005,0.206557245291623,-0.0106711865270105));
#5453=CARTESIAN_POINT('',(0.005,0.20621204012395,-0.00910755313785653));
#5454=CARTESIAN_POINT('',(0.005,0.206491541565907,-0.00753077146475662));
#5455=CARTESIAN_POINT('',(0.005,0.207353165612584,-0.00618097339017991));
#5456=CARTESIAN_POINT('',(0.005,0.208665751042644,-0.00526365158151709));
#5457=CARTESIAN_POINT('',(0.005,0.210229464825153,-0.00491846144920022));
#5458=CARTESIAN_POINT('',(0.005,0.211806247004543,-0.0051979547872851));
#5459=CARTESIAN_POINT('',(0.005,0.213156045310993,-0.00605958104819518));
#5460=CARTESIAN_POINT('',(0.005,0.214073369794044,-0.00737216660620176));
#5461=CARTESIAN_POINT('',(0.005,0.214418549169802,-0.00893587778195437));
#5462=CARTESIAN_POINT('',(0.005,0.214139096189273,-0.0105126702691901));
#5463=CARTESIAN_POINT('',(0.005,0.213277319254823,-0.0118624299515496));
#5464=CARTESIAN_POINT('',(0.005,0.211942278082146,-0.0127959945647965));
#5465=CARTESIAN_POINT('',(0.005,0.210368410262311,-0.0131258504980641));
#5466=CARTESIAN_POINT('',(0.005,0.208799580232327,-0.0128296475853403));
#5467=CARTESIAN_POINT('',(0.005,0.210315302014351,-0.0130217171236873));
#5468=CARTESIAN_POINT('',(0.0075,0.210315302014351,-0.00902171712368727));
#5469=CARTESIAN_POINT('',(0.0075,0.210315302014351,-0.00902171712368727));
#5470=CARTESIAN_POINT('',(0.0075,0.210315302014351,-0.0110217171236873));
#5471=CARTESIAN_POINT('',(0.0075,0.210315302014351,-0.00902171712368727));
#5472=CARTESIAN_POINT('',(0.006,0.212278544114189,-0.00428205921289936));
#5473=CARTESIAN_POINT('',(0.006,0.210315302014351,-0.00389154607908122));
#5474=CARTESIAN_POINT('',(0.006,0.208352059914513,-0.00428205921289932));
#5475=CARTESIAN_POINT('',(0.006,0.206687703627542,-0.00539414652974023));
#5476=CARTESIAN_POINT('',(0.006,0.205575616310701,-0.00705850281671155));
#5477=CARTESIAN_POINT('',(0.006,0.205185103176883,-0.0090217449165492));
#5478=CARTESIAN_POINT('',(0.006,0.205575616310701,-0.0109849870163869));
#5479=CARTESIAN_POINT('',(0.006,0.206687703627542,-0.0126493433033582));
#5480=CARTESIAN_POINT('',(0.006,0.208352059914513,-0.0137614306201992));
#5481=CARTESIAN_POINT('',(0.006,0.210315302014351,-0.0141519437540173));
#5482=CARTESIAN_POINT('',(0.006,0.212278544114189,-0.0137614306201992));
#5483=CARTESIAN_POINT('',(0.006,0.21394290040116,-0.0126493433033583));
#5484=CARTESIAN_POINT('',(0.006,0.215054987718001,-0.010984987016387));
#5485=CARTESIAN_POINT('',(0.006,0.215445500851819,-0.00902174491654932));
#5486=CARTESIAN_POINT('',(0.006,0.215054987718001,-0.00705850281671165));
#5487=CARTESIAN_POINT('',(0.006,0.21394290040116,-0.00539414652974031));
#5488=CARTESIAN_POINT('',(0.006,0.212278544114189,-0.00428205921289936));
#5489=CARTESIAN_POINT('',(0.006,0.210315302014351,-0.00389154607908122));
#5490=CARTESIAN_POINT('',(0.006,0.208352059914513,-0.00428205921289932));
#5491=CARTESIAN_POINT('',(0.00576088212230443,0.212284743947772,-0.00426709149057918));
#5492=CARTESIAN_POINT('',(0.00576088212230442,0.210315302014351,-0.00387534513318572));
#5493=CARTESIAN_POINT('',(0.00576088212230442,0.20834586008093,-0.00426709149057914));
#5494=CARTESIAN_POINT('',(0.00576088212230442,0.206676247828838,-0.00538269073103588));
#5495=CARTESIAN_POINT('',(0.00576088212230442,0.205560648588381,-0.00705230298312869));
#5496=CARTESIAN_POINT('',(0.00576088212230442,0.205168902230987,-0.0090217449165492));
#5497=CARTESIAN_POINT('',(0.00576088212230442,0.205560648588381,-0.0109911868499697));
#5498=CARTESIAN_POINT('',(0.00576088212230443,0.206676247828838,-0.0126607991020626));
#5499=CARTESIAN_POINT('',(0.00576088212230442,0.20834586008093,-0.0137763983425193));
#5500=CARTESIAN_POINT('',(0.00576088212230442,0.210315302014351,-0.0141681446999128));
#5501=CARTESIAN_POINT('',(0.00576088212230443,0.212284743947771,-0.0137763983425194));
#5502=CARTESIAN_POINT('',(0.00576088212230442,0.213954356199864,-0.0126607991020626));
#5503=CARTESIAN_POINT('',(0.00576088212230442,0.215069955440321,-0.0109911868499698));
#5504=CARTESIAN_POINT('',(0.00576088212230443,0.215461701797715,-0.00902174491654932));
#5505=CARTESIAN_POINT('',(0.00576088212230443,0.215069955440321,-0.0070523029831288));
#5506=CARTESIAN_POINT('',(0.00576088212230442,0.213954356199864,-0.00538269073103596));
#5507=CARTESIAN_POINT('',(0.00576088212230443,0.212284743947772,-0.00426709149057918));
#5508=CARTESIAN_POINT('',(0.00576088212230442,0.210315302014351,-0.00387534513318572));
#5509=CARTESIAN_POINT('',(0.00576088212230442,0.20834586008093,-0.00426709149057914));
#5510=CARTESIAN_POINT('',(0.00512066953572747,0.212227745021643,-0.00440469907107979));
#5511=CARTESIAN_POINT('',(0.00512066953572747,0.210315302014351,-0.00402429050502069));
#5512=CARTESIAN_POINT('',(0.00512066953572747,0.208402859007059,-0.00440469907107975));
#5513=CARTESIAN_POINT('',(0.00512066953572747,0.206781568111289,-0.00548801101348674));
#5514=CARTESIAN_POINT('',(0.00512066953572747,0.205698256168882,-0.00710930190925739));
#5515=CARTESIAN_POINT('',(0.00512066953572747,0.205317847602822,-0.0090217449165492));
#5516=CARTESIAN_POINT('',(0.00512066953572747,0.205698256168882,-0.010934187923841));
#5517=CARTESIAN_POINT('',(0.00512066953572747,0.206781568111288,-0.0125554788196117));
#5518=CARTESIAN_POINT('',(0.00512066953572747,0.208402859007059,-0.0136387907620187));
#5519=CARTESIAN_POINT('',(0.00512066953572747,0.210315302014351,-0.0140191993280778));
#5520=CARTESIAN_POINT('',(0.00512066953572747,0.212227745021643,-0.0136387907620188));
#5521=CARTESIAN_POINT('',(0.00512066953572747,0.213849035917413,-0.0125554788196118));
#5522=CARTESIAN_POINT('',(0.00512066953572747,0.21493234785982,-0.0109341879238411));
#5523=CARTESIAN_POINT('',(0.00512066953572747,0.21531275642588,-0.00902174491654932));
#5524=CARTESIAN_POINT('',(0.00512066953572747,0.21493234785982,-0.0071093019092575));
#5525=CARTESIAN_POINT('',(0.00512066953572747,0.213849035917413,-0.00548801101348682));
#5526=CARTESIAN_POINT('',(0.00512066953572747,0.212227745021643,-0.00440469907107979));
#5527=CARTESIAN_POINT('',(0.00512066953572747,0.210315302014351,-0.00402429050502069));
#5528=CARTESIAN_POINT('',(0.00512066953572747,0.208402859007059,-0.00440469907107975));
#5529=CARTESIAN_POINT('',(0.00498382674246388,0.211975780309058,-0.00501299569744311));
#5530=CARTESIAN_POINT('',(0.00498382674246387,0.210315302014351,-0.00468270602886051));
#5531=CARTESIAN_POINT('',(0.00498382674246387,0.208654823719645,-0.00501299569744307));
#5532=CARTESIAN_POINT('',(0.00498382674246387,0.207247138193034,-0.00595358109523237));
#5533=CARTESIAN_POINT('',(0.00498382674246387,0.206306552795245,-0.00736126662184288));
#5534=CARTESIAN_POINT('',(0.00498382674246388,0.205976263126662,-0.0090217449165492));
#5535=CARTESIAN_POINT('',(0.00498382674246388,0.206306552795245,-0.0106822232112555));
#5536=CARTESIAN_POINT('',(0.00498382674246388,0.207247138193034,-0.0120899087378661));
#5537=CARTESIAN_POINT('',(0.00498382674246388,0.208654823719645,-0.0130304941356554));
#5538=CARTESIAN_POINT('',(0.00498382674246388,0.210315302014351,-0.013360783804238));
#5539=CARTESIAN_POINT('',(0.00498382674246388,0.211975780309057,-0.0130304941356555));
#5540=CARTESIAN_POINT('',(0.00498382674246388,0.213383465835668,-0.0120899087378662));
#5541=CARTESIAN_POINT('',(0.00498382674246388,0.214324051233457,-0.0106822232112556));
#5542=CARTESIAN_POINT('',(0.00498382674246388,0.21465434090204,-0.00902174491654932));
#5543=CARTESIAN_POINT('',(0.00498382674246387,0.214324051233457,-0.00736126662184299));
#5544=CARTESIAN_POINT('',(0.00498382674246387,0.213383465835668,-0.00595358109523245));
#5545=CARTESIAN_POINT('',(0.00498382674246388,0.211975780309058,-0.00501299569744311));
#5546=CARTESIAN_POINT('',(0.00498382674246387,0.210315302014351,-0.00468270602886051));
#5547=CARTESIAN_POINT('',(0.00498382674246387,0.208654823719645,-0.00501299569744307));
#5548=CARTESIAN_POINT('',(0.005,0.211882364044319,-0.00523852251072206));
#5549=CARTESIAN_POINT('',(0.005,0.210315302014351,-0.00492681449251045));
#5550=CARTESIAN_POINT('',(0.005,0.208748239984384,-0.00523852251072202));
#5551=CARTESIAN_POINT('',(0.005,0.207419748943026,-0.00612619184522427));
#5552=CARTESIAN_POINT('',(0.005,0.206532079608524,-0.0074546828865818));
#5553=CARTESIAN_POINT('',(0.005,0.206220371590312,-0.0090217449165492));
#5554=CARTESIAN_POINT('',(0.005,0.206532079608524,-0.0105888069465166));
#5555=CARTESIAN_POINT('',(0.005,0.207419748943026,-0.0119172979878742));
#5556=CARTESIAN_POINT('',(0.005,0.208748239984383,-0.0128049673223765));
#5557=CARTESIAN_POINT('',(0.005,0.210315302014351,-0.0131166753405881));
#5558=CARTESIAN_POINT('',(0.005,0.211882364044318,-0.0128049673223765));
#5559=CARTESIAN_POINT('',(0.005,0.213210855085676,-0.0119172979878742));
#5560=CARTESIAN_POINT('',(0.005,0.214098524420178,-0.0105888069465167));
#5561=CARTESIAN_POINT('',(0.005,0.21441023243839,-0.00902174491654932));
#5562=CARTESIAN_POINT('',(0.005,0.214098524420178,-0.00745468288658191));
#5563=CARTESIAN_POINT('',(0.005,0.213210855085676,-0.00612619184522435));
#5564=CARTESIAN_POINT('',(0.005,0.211882364044319,-0.00523852251072206));
#5565=CARTESIAN_POINT('',(0.005,0.210315302014351,-0.00492681449251045));
#5566=CARTESIAN_POINT('',(0.005,0.208748239984384,-0.00523852251072202));
#5567=CARTESIAN_POINT('',(0.006,0.214233381917617,-0.0129398248198151));
#5568=CARTESIAN_POINT('',(0.006,0.210315302014351,-0.0145627466542093));
#5569=CARTESIAN_POINT('',(0.006,0.206397222111085,-0.0129398248198152));
#5570=CARTESIAN_POINT('',(0.006,0.204774300276691,-0.00902174491654935));
#5571=CARTESIAN_POINT('',(0.006,0.206397222111085,-0.00510366501328345));
#5572=CARTESIAN_POINT('',(0.006,0.210315302014351,-0.0034807431788892));
#5573=CARTESIAN_POINT('',(0.006,0.214233381917617,-0.00510366501328333));
#5574=CARTESIAN_POINT('',(0.006,0.215856303752011,-0.00902174491654917));
#5575=CARTESIAN_POINT('',(0.006,0.214233381917617,-0.0129398248198151));
#5576=CARTESIAN_POINT('',(0.006,0.210315302014351,-0.0145627466542093));
#5577=CARTESIAN_POINT('',(0.006,0.206397222111085,-0.0129398248198152));
#5578=CARTESIAN_POINT('',(0.006,0.210315302014351,-0.0140217727094112));
#5579=CARTESIAN_POINT('',(0.00700000000000001,0.211882364044319,-0.00523852251072203));
#5580=CARTESIAN_POINT('',(0.007,0.210315302014351,-0.00492681449251045));
#5581=CARTESIAN_POINT('',(0.007,0.208748239984384,-0.00523852251072205));
#5582=CARTESIAN_POINT('',(0.007,0.207419748943026,-0.00612619184522433));
#5583=CARTESIAN_POINT('',(0.007,0.206532079608524,-0.00745468288658187));
#5584=CARTESIAN_POINT('',(0.007,0.206220371590312,-0.00902174491654927));
#5585=CARTESIAN_POINT('',(0.007,0.206532079608524,-0.0105888069465167));
#5586=CARTESIAN_POINT('',(0.007,0.207419748943026,-0.0119172979878742));
#5587=CARTESIAN_POINT('',(0.007,0.208748239984384,-0.0128049673223765));
#5588=CARTESIAN_POINT('',(0.007,0.210315302014351,-0.013116675340588));
#5589=CARTESIAN_POINT('',(0.007,0.211882364044319,-0.0128049673223764));
#5590=CARTESIAN_POINT('',(0.007,0.213210855085676,-0.0119172979878742));
#5591=CARTESIAN_POINT('',(0.007,0.214098524420178,-0.0105888069465166));
#5592=CARTESIAN_POINT('',(0.007,0.21441023243839,-0.00902174491654921));
#5593=CARTESIAN_POINT('',(0.007,0.214098524420178,-0.00745468288658182));
#5594=CARTESIAN_POINT('',(0.007,0.213210855085676,-0.00612619184522428));
#5595=CARTESIAN_POINT('',(0.00700000000000001,0.211882364044319,-0.00523852251072203));
#5596=CARTESIAN_POINT('',(0.007,0.210315302014351,-0.00492681449251045));
#5597=CARTESIAN_POINT('',(0.007,0.208748239984384,-0.00523852251072205));
#5598=CARTESIAN_POINT('',(0.00701617325753614,0.211975780309057,-0.00501299569744308));
#5599=CARTESIAN_POINT('',(0.00701617325753613,0.210315302014351,-0.00468270602886051));
#5600=CARTESIAN_POINT('',(0.00701617325753613,0.208654823719645,-0.0050129956974431));
#5601=CARTESIAN_POINT('',(0.00701617325753613,0.207247138193034,-0.00595358109523243));
#5602=CARTESIAN_POINT('',(0.00701617325753613,0.206306552795245,-0.00736126662184294));
#5603=CARTESIAN_POINT('',(0.00701617325753613,0.205976263126662,-0.00902174491654927));
#5604=CARTESIAN_POINT('',(0.00701617325753613,0.206306552795245,-0.0106822232112556));
#5605=CARTESIAN_POINT('',(0.00701617325753613,0.207247138193034,-0.0120899087378661));
#5606=CARTESIAN_POINT('',(0.00701617325753613,0.208654823719645,-0.0130304941356554));
#5607=CARTESIAN_POINT('',(0.00701617325753613,0.210315302014351,-0.013360783804238));
#5608=CARTESIAN_POINT('',(0.00701617325753613,0.211975780309057,-0.0130304941356554));
#5609=CARTESIAN_POINT('',(0.00701617325753613,0.213383465835668,-0.0120899087378661));
#5610=CARTESIAN_POINT('',(0.00701617325753613,0.214324051233457,-0.0106822232112555));
#5611=CARTESIAN_POINT('',(0.00701617325753613,0.21465434090204,-0.00902174491654921));
#5612=CARTESIAN_POINT('',(0.00701617325753614,0.214324051233457,-0.0073612666218429));
#5613=CARTESIAN_POINT('',(0.00701617325753613,0.213383465835668,-0.00595358109523238));
#5614=CARTESIAN_POINT('',(0.00701617325753614,0.211975780309057,-0.00501299569744308));
#5615=CARTESIAN_POINT('',(0.00701617325753613,0.210315302014351,-0.00468270602886051));
#5616=CARTESIAN_POINT('',(0.00701617325753613,0.208654823719645,-0.0050129956974431));
#5617=CARTESIAN_POINT('',(0.00687933046427253,0.212227745021643,-0.00440469907107976));
#5618=CARTESIAN_POINT('',(0.00687933046427253,0.210315302014351,-0.00402429050502069));
#5619=CARTESIAN_POINT('',(0.00687933046427253,0.208402859007059,-0.00440469907107978));
#5620=CARTESIAN_POINT('',(0.00687933046427252,0.206781568111289,-0.0054880110134868));
#5621=CARTESIAN_POINT('',(0.00687933046427253,0.205698256168881,-0.00710930190925746));
#5622=CARTESIAN_POINT('',(0.00687933046427252,0.205317847602823,-0.00902174491654927));
#5623=CARTESIAN_POINT('',(0.00687933046427252,0.205698256168881,-0.0109341879238411));
#5624=CARTESIAN_POINT('',(0.00687933046427252,0.206781568111289,-0.0125554788196117));
#5625=CARTESIAN_POINT('',(0.00687933046427253,0.208402859007059,-0.0136387907620187));
#5626=CARTESIAN_POINT('',(0.00687933046427252,0.210315302014351,-0.0140191993280778));
#5627=CARTESIAN_POINT('',(0.00687933046427253,0.212227745021643,-0.0136387907620187));
#5628=CARTESIAN_POINT('',(0.00687933046427252,0.213849035917414,-0.0125554788196117));
#5629=CARTESIAN_POINT('',(0.00687933046427253,0.214932347859821,-0.010934187923841));
#5630=CARTESIAN_POINT('',(0.00687933046427253,0.215312756425879,-0.00902174491654921));
#5631=CARTESIAN_POINT('',(0.00687933046427253,0.214932347859821,-0.00710930190925741));
#5632=CARTESIAN_POINT('',(0.00687933046427252,0.213849035917413,-0.00548801101348675));
#5633=CARTESIAN_POINT('',(0.00687933046427253,0.212227745021643,-0.00440469907107976));
#5634=CARTESIAN_POINT('',(0.00687933046427253,0.210315302014351,-0.00402429050502069));
#5635=CARTESIAN_POINT('',(0.00687933046427253,0.208402859007059,-0.00440469907107978));
#5636=CARTESIAN_POINT('',(0.00623911787769559,0.212284743947772,-0.00426709149057915));
#5637=CARTESIAN_POINT('',(0.00623911787769558,0.210315302014351,-0.00387534513318572));
#5638=CARTESIAN_POINT('',(0.00623911787769558,0.208345860080931,-0.00426709149057918));
#5639=CARTESIAN_POINT('',(0.00623911787769559,0.206676247828838,-0.00538269073103593));
#5640=CARTESIAN_POINT('',(0.00623911787769559,0.205560648588381,-0.00705230298312876));
#5641=CARTESIAN_POINT('',(0.00623911787769558,0.205168902230987,-0.00902174491654928));
#5642=CARTESIAN_POINT('',(0.00623911787769559,0.205560648588381,-0.0109911868499698));
#5643=CARTESIAN_POINT('',(0.00623911787769559,0.206676247828838,-0.0126607991020626));
#5644=CARTESIAN_POINT('',(0.00623911787769558,0.208345860080931,-0.0137763983425193));
#5645=CARTESIAN_POINT('',(0.00623911787769558,0.210315302014351,-0.0141681446999128));
#5646=CARTESIAN_POINT('',(0.00623911787769558,0.212284743947772,-0.0137763983425193));
#5647=CARTESIAN_POINT('',(0.00623911787769558,0.213954356199864,-0.0126607991020626));
#5648=CARTESIAN_POINT('',(0.00623911787769558,0.215069955440321,-0.0109911868499697));
#5649=CARTESIAN_POINT('',(0.00623911787769558,0.215461701797715,-0.00902174491654922));
#5650=CARTESIAN_POINT('',(0.00623911787769559,0.215069955440321,-0.00705230298312871));
#5651=CARTESIAN_POINT('',(0.00623911787769558,0.213954356199864,-0.00538269073103589));
#5652=CARTESIAN_POINT('',(0.00623911787769559,0.212284743947772,-0.00426709149057915));
#5653=CARTESIAN_POINT('',(0.00623911787769558,0.210315302014351,-0.00387534513318572));
#5654=CARTESIAN_POINT('',(0.00623911787769558,0.208345860080931,-0.00426709149057918));
#5655=CARTESIAN_POINT('',(0.006,0.212278544114189,-0.00428205921289933));
#5656=CARTESIAN_POINT('',(0.006,0.210315302014351,-0.00389154607908122));
#5657=CARTESIAN_POINT('',(0.006,0.208352059914513,-0.00428205921289935));
#5658=CARTESIAN_POINT('',(0.006,0.206687703627542,-0.00539414652974028));
#5659=CARTESIAN_POINT('',(0.006,0.205575616310701,-0.00705850281671161));
#5660=CARTESIAN_POINT('',(0.006,0.205185103176883,-0.00902174491654927));
#5661=CARTESIAN_POINT('',(0.006,0.205575616310701,-0.0109849870163869));
#5662=CARTESIAN_POINT('',(0.006,0.206687703627542,-0.0126493433033582));
#5663=CARTESIAN_POINT('',(0.006,0.208352059914513,-0.0137614306201992));
#5664=CARTESIAN_POINT('',(0.006,0.210315302014351,-0.0141519437540173));
#5665=CARTESIAN_POINT('',(0.006,0.212278544114189,-0.0137614306201991));
#5666=CARTESIAN_POINT('',(0.006,0.21394290040116,-0.0126493433033582));
#5667=CARTESIAN_POINT('',(0.006,0.215054987718001,-0.0109849870163869));
#5668=CARTESIAN_POINT('',(0.006,0.215445500851819,-0.00902174491654921));
#5669=CARTESIAN_POINT('',(0.006,0.215054987718001,-0.00705850281671157));
#5670=CARTESIAN_POINT('',(0.006,0.21394290040116,-0.00539414652974024));
#5671=CARTESIAN_POINT('',(0.006,0.212278544114189,-0.00428205921289933));
#5672=CARTESIAN_POINT('',(0.006,0.210315302014351,-0.00389154607908122));
#5673=CARTESIAN_POINT('',(0.006,0.208352059914513,-0.00428205921289935));
#5674=CARTESIAN_POINT('',(0.0253942961696577,0.0015802461186036,0.00246270264738568));
#5675=CARTESIAN_POINT('',(0.00776698838095336,0.249027809827237,0.0254476223297014));
#5676=CARTESIAN_POINT('',(0.00776698838095336,0.249027809827237,0.0254476223297014));
#5677=CARTESIAN_POINT('',(0.0253942961696577,0.0015802461186036,0.00246270264738568));
#5678=CARTESIAN_POINT('',(0.00780778697761617,0.248455089734756,0.0253944234817159));
#5679=CARTESIAN_POINT('',(0.00780778697761617,0.248455089734756,0.0253944234817159));
#5680=CARTESIAN_POINT('',(0.0077669883809378,0.249027809827456,0.0254476223297248));
#5681=CARTESIAN_POINT('',(0.00776599090864364,0.249027738770983,0.0254476223297248));
#5682=CARTESIAN_POINT('',(0.00770051020527573,0.249961013173342,0.0255461241862928));
#5683=CARTESIAN_POINT('',(0.00769951273298156,0.249960942116869,0.0255461241862928));
#5684=CARTESIAN_POINT('',(0.00768640995775638,0.250158948782011,0.0257429491408223));
#5685=CARTESIAN_POINT('',(0.00768541248546222,0.250158877725538,0.0257429491408223));
#5686=CARTESIAN_POINT('',(0.00777655398296922,0.248893530393157,0.026281091677024));
#5687=CARTESIAN_POINT('',(0.00777555651067506,0.248893459336684,0.026281091677024));
#5688=CARTESIAN_POINT('',(0.00782186660774572,0.248257443547645,0.0265445395448064));
#5689=CARTESIAN_POINT('',(0.00782086913545156,0.248257372491172,0.0265445395448064));
#5690=CARTESIAN_POINT('',(0.00782186660702544,0.248257443557756,0.0265445396981931));
#5691=CARTESIAN_POINT('',(0.00782186660702544,0.248257443557756,0.0265445396981931));
#5692=CARTESIAN_POINT('',(0.0206659121905506,0.067956071056473,0.00862822305978627));
#5693=CARTESIAN_POINT('',(0.0203956388792019,0.0717500975312121,0.0113472993213767));
#5694=CARTESIAN_POINT('',(0.0194200666738528,0.0854449265050484,0.021162013218928));
#5695=CARTESIAN_POINT('',(0.00789641982195686,0.247210884910085,0.0245451684697654));
#5696=CARTESIAN_POINT('',(0.00767817100598529,0.250274605044879,0.0257090924684076));
#5697=CARTESIAN_POINT('',(0.00776879625554221,0.249002431353799,0.026235988203995));
#5698=CARTESIAN_POINT('',(0.00782186660774572,0.248257443547645,0.0265445395448064));
#5699=CARTESIAN_POINT('',(0.00782186660702544,0.248257443557756,0.0265445396981932));
#5700=CARTESIAN_POINT('',(0.00937008086954253,0.226524014270028,0.0279844374369242));
#5701=CARTESIAN_POINT('',(0.00937008086954253,0.226524014270028,0.0279844374369242));
#5702=CARTESIAN_POINT('',(0.00782186660702543,0.248257443557756,0.0265445396981931));
#5703=CARTESIAN_POINT('',(0.00833793803187154,0.241012967072263,0.0270245047577663));
#5704=CARTESIAN_POINT('',(0.0088540094520548,0.233768490652226,0.0275044708103271));
#5705=CARTESIAN_POINT('',(0.00937008086954251,0.226524014270029,0.0279844374369243));
#5706=CARTESIAN_POINT('',(0.0206659121905506,0.067956071056473,0.0384900465237022));
#5707=CARTESIAN_POINT('',(0.0206649147182565,0.067956,0.0384900465237022));
#5708=CARTESIAN_POINT('',(0.0205526489110632,0.0695460315259208,0.0377238333895191));
#5709=CARTESIAN_POINT('',(0.0205516514387691,0.0695459604694477,0.0377238333895191));
#5710=CARTESIAN_POINT('',(0.0203827625475281,0.0719308521274545,0.0365745117336628));
#5711=CARTESIAN_POINT('',(0.020381765075234,0.0719307810709814,0.0365745117336628));
#5712=CARTESIAN_POINT('',(0.0199731656206913,0.0776806672928333,0.0351205968284461));
#5713=CARTESIAN_POINT('',(0.0199721681483972,0.0776805962363603,0.0351205968284461));
#5714=CARTESIAN_POINT('',(0.0196028341228116,0.0828792845753675,0.0342609486347727));
#5715=CARTESIAN_POINT('',(0.0196018366505175,0.0828792135188945,0.0342609486347727));
#5716=CARTESIAN_POINT('',(0.0192148825835718,0.088325247417374,0.0336125223956462));
#5717=CARTESIAN_POINT('',(0.0192138851112777,0.088325176360901,0.0336125223956462));
#5718=CARTESIAN_POINT('',(0.0187588871017933,0.0947263934335874,0.0329933899839649));
#5719=CARTESIAN_POINT('',(0.0187578896294992,0.0947263223771143,0.0329933899839649));
#5720=CARTESIAN_POINT('',(0.0180757372227306,0.104316273819647,0.0322735430330963));
#5721=CARTESIAN_POINT('',(0.0180747397504365,0.104316202763174,0.0322735430330963));
#5722=CARTESIAN_POINT('',(0.0171173807880148,0.117769432281364,0.0314943916671121));
#5723=CARTESIAN_POINT('',(0.0171163833157207,0.117769361224891,0.0314943916671121));
#5724=CARTESIAN_POINT('',(0.0157119899225509,0.137497943854769,0.0305658146830763));
#5725=CARTESIAN_POINT('',(0.0157109924502568,0.137497872798296,0.0305658146830763));
#5726=CARTESIAN_POINT('',(0.0138229857022784,0.164015293965447,0.029607090713129));
#5727=CARTESIAN_POINT('',(0.0138219882299843,0.164015222908974,0.029607090713129));
#5728=CARTESIAN_POINT('',(0.0109749898175955,0.203994719727139,0.0284835213098215));
#5729=CARTESIAN_POINT('',(0.0109739923453014,0.203994648670666,0.0284835213098215));
#5730=CARTESIAN_POINT('',(0.00954882296148349,0.224014879255587,0.0280794337367788));
#5731=CARTESIAN_POINT('',(0.00954782548918939,0.224014808199114,0.0280794337367788));
#5732=CARTESIAN_POINT('',(0.00937008087125753,0.226524014245954,0.0279844374378357));
#5733=CARTESIAN_POINT('',(0.00936908339896343,0.226523943189481,0.0279844374378357));
#5734=CARTESIAN_POINT('',(0.0206659121905506,0.067956071056473,0.0384900465237022));
#5735=CARTESIAN_POINT('',(0.0206659121905506,0.067956071056473,0.0384900465237022));
#5736=CARTESIAN_POINT('',(0.0206659121905506,0.067956071056473,0.0384900465237022));
#5737=CARTESIAN_POINT('',(0.0204131278415009,0.0715045920255174,0.0367799893080342));
#5738=CARTESIAN_POINT('',(0.0195070232565562,0.0842242526054213,0.0306502969515088));
#5739=CARTESIAN_POINT('',(0.00941274707673903,0.225925077146446,0.0281408668566019));
#5740=CARTESIAN_POINT('',(0.0093296395780588,0.227091718605304,0.0279538274599319));
#5741=CARTESIAN_POINT('',(0.00932433606795617,0.227166167901234,0.0279418914678251));
#5742=CARTESIAN_POINT('',(0.0206659121905506,0.067956071056473,0.0161920497631138));
#5743=CARTESIAN_POINT('',(0.0206659121905506,0.067956071056473,0.00862822305978627));
#5744=CARTESIAN_POINT('',(0.0206659121905506,0.067956071056473,0.00862822305978627));
#5745=CARTESIAN_POINT('',(0.0206659121905506,0.067956071056473,0.0161920497631138));
#5746=CARTESIAN_POINT('',(0.0206659121905506,0.067956071056473,0.00862822305978627));
#5747=CARTESIAN_POINT('',(0.0206649147182565,0.067956,0.00862822305978627));
#5748=CARTESIAN_POINT('',(0.0205453891362695,0.0696479423569622,0.00984074150726036));
#5749=CARTESIAN_POINT('',(0.0205443916639753,0.0696478713004891,0.00984074150726036));
#5750=CARTESIAN_POINT('',(0.0203646082188711,0.0721856978730886,0.0116595207637328));
#5751=CARTESIAN_POINT('',(0.0203636107465769,0.0721856268166155,0.0116595207637328));
#5752=CARTESIAN_POINT('',(0.0199203962881191,0.0784214294636677,0.0139496494711928));
#5753=CARTESIAN_POINT('',(0.0199193988158249,0.0784213584071946,0.0139496494711928));
#5754=CARTESIAN_POINT('',(0.0195158218327642,0.0841007404802069,0.0152966781487881));
#5755=CARTESIAN_POINT('',(0.01951482436047,0.0841006694237339,0.0152966781487881));
#5756=CARTESIAN_POINT('',(0.0190905146263061,0.0900710924663014,0.0163068189908377));
#5757=CARTESIAN_POINT('',(0.0190895171540119,0.0900710214098284,0.0163068189908377));
#5758=CARTESIAN_POINT('',(0.0185892783758784,0.0971073166303949,0.0172664809480892));
#5759=CARTESIAN_POINT('',(0.0185882809035842,0.0971072455739219,0.0172664809480892));
#5760=CARTESIAN_POINT('',(0.0178353466923647,0.107690813584352,0.0183742194795662));
#5761=CARTESIAN_POINT('',(0.0178343492200705,0.107690742527879,0.0183742194795662));
#5762=CARTESIAN_POINT('',(0.0167729497667851,0.122604465406705,0.0195647740627781));
#5763=CARTESIAN_POINT('',(0.016771952294491,0.122604394350232,0.0195647740627781));
#5764=CARTESIAN_POINT('',(0.0152079721684045,0.144573214044885,0.0209782694181583));
#5765=CARTESIAN_POINT('',(0.0152069746961104,0.144573142988412,0.0209782694181583));
#5766=CARTESIAN_POINT('',(0.0130891328835267,0.1743169290363,0.0224397447924384));
#5767=CARTESIAN_POINT('',(0.0130881354112325,0.174316857979827,0.0224397447924384));
#5768=CARTESIAN_POINT('',(0.0098459493378652,0.219843896435605,0.0242149242187603));
#5769=CARTESIAN_POINT('',(0.00984495186557102,0.219843825379132,0.0242149242187603));
#5770=CARTESIAN_POINT('',(0.00813448606846374,0.243868972837889,0.0250120895918826));
#5771=CARTESIAN_POINT('',(0.00813348859616955,0.243868901781416,0.0250120895918826));
#5772=CARTESIAN_POINT('',(0.00780778698170517,0.248455089677356,0.0253944234759808));
#5773=CARTESIAN_POINT('',(0.00780678950941099,0.248455018620883,0.0253944234759808));
#5774=CARTESIAN_POINT('',(0.0206659121905506,0.067956071056473,0.00862822305978627));
#5775=CARTESIAN_POINT('',(0.0203956388792019,0.0717500975312121,0.0113472993213767));
#5776=CARTESIAN_POINT('',(0.0194200666738528,0.0854449265050484,0.021162013218928));
#5777=CARTESIAN_POINT('',(0.00789641982195686,0.247210884910085,0.0245451684697654));
#5778=CARTESIAN_POINT('',(0.00767817100598529,0.250274605044879,0.0257090924684076));
#5779=CARTESIAN_POINT('',(0.00776879625554221,0.249002431353799,0.026235988203995));
#5780=CARTESIAN_POINT('',(0.00782186660774572,0.248257443547645,0.0265445395448064));
#5781=CARTESIAN_POINT('',(0.0139823654494443,0.161777962512826,0.0235591347917442));
#5782=CARTESIAN_POINT('',(-0.06,0.253841236398655,0.0209249537438154));
#5783=CARTESIAN_POINT('',(-0.06,0.253841236398655,0.0229249537438155));
#5784=CARTESIAN_POINT('',(-0.06,0.251016606530678,0.0209249537438154));
#5785=CARTESIAN_POINT('',(-0.06,0.251016606530678,0.0229249537438155));
#5786=CARTESIAN_POINT('',(-0.06,0.248191976662702,0.0209249537438154));
#5787=CARTESIAN_POINT('',(-0.06,0.248191976662702,0.0229249537438155));
#5788=CARTESIAN_POINT('',(-0.0581169134213491,0.241287325874315,0.0209249537438154));
#5789=CARTESIAN_POINT('',(-0.0581169134213491,0.241287325874315,0.0229249537438155));
#5790=CARTESIAN_POINT('',(-0.0537230447378301,0.236893457190796,0.0209249537438154));
#5791=CARTESIAN_POINT('',(-0.0537230447378301,0.236893457190796,0.0229249537438155));
#5792=CARTESIAN_POINT('',(-0.0468183939494429,0.235010370612144,0.0209249537438154));
#5793=CARTESIAN_POINT('',(-0.0468183939494429,0.235010370612144,0.0229249537438155));
#5794=CARTESIAN_POINT('',(-0.0439937640814663,0.235010370612144,0.0209249537438154));
#5795=CARTESIAN_POINT('',(-0.0439937640814663,0.235010370612144,0.0229249537438155));
#5796=CARTESIAN_POINT('',(-0.0411691342134898,0.235010370612144,0.0209249537438154));
#5797=CARTESIAN_POINT('',(-0.0411691342134898,0.235010370612144,0.0229249537438155));
#5798=CARTESIAN_POINT('',(0.0411691342134898,0.235010370612144,0.0209249537438154));
#5799=CARTESIAN_POINT('',(0.0411691342134898,0.235010370612144,0.0229249537438155));
#5800=CARTESIAN_POINT('',(0.0439937640814663,0.235010370612144,0.0209249537438154));
#5801=CARTESIAN_POINT('',(0.0439937640814663,0.235010370612144,0.0229249537438155));
#5802=CARTESIAN_POINT('',(0.0468183939494429,0.235010370612144,0.0209249537438154));
#5803=CARTESIAN_POINT('',(0.0468183939494429,0.235010370612144,0.0229249537438155));
#5804=CARTESIAN_POINT('',(0.0537230447378301,0.236893457190796,0.0209249537438154));
#5805=CARTESIAN_POINT('',(0.0537230447378301,0.236893457190796,0.0229249537438155));
#5806=CARTESIAN_POINT('',(0.0581169134213491,0.241287325874315,0.0209249537438154));
#5807=CARTESIAN_POINT('',(0.0581169134213491,0.241287325874315,0.0229249537438155));
#5808=CARTESIAN_POINT('',(0.06,0.248191976662702,0.0209249537438154));
#5809=CARTESIAN_POINT('',(0.06,0.248191976662702,0.0229249537438155));
#5810=CARTESIAN_POINT('',(0.06,0.251016606530678,0.0209249537438154));
#5811=CARTESIAN_POINT('',(0.06,0.251016606530678,0.0229249537438155));
#5812=CARTESIAN_POINT('',(0.06,0.253841236398655,0.0209249537438154));
#5813=CARTESIAN_POINT('',(0.06,0.253841236398655,0.0229249537438155));
#5814=CARTESIAN_POINT('',(-0.06,0.282010370612145,0.0219249537438154));
#5815=CARTESIAN_POINT('',(0.057,0.285010370612145,0.0219249537438155));
#5816=CARTESIAN_POINT('',(0.00201,0.260149121284485,0.0496589416563511));
#5817=CARTESIAN_POINT('',(0.002,0.260149121284485,0.0496589416563511));
#5818=CARTESIAN_POINT('',(0.00201,0.260466532722834,0.0486991341930834));
#5819=CARTESIAN_POINT('',(0.002,0.260466532722834,0.0486991341930834));
#5820=CARTESIAN_POINT('',(0.00201,0.261111052356563,0.0467501976396544));
#5821=CARTESIAN_POINT('',(0.002,0.261111052356563,0.0467501976396544));
#5822=CARTESIAN_POINT('',(0.00201,0.263126325091664,0.0460263238624814));
#5823=CARTESIAN_POINT('',(0.002,0.263126325091664,0.0460263238624814));
#5824=CARTESIAN_POINT('',(0.00201,0.264149121284485,0.0456589416563511));
#5825=CARTESIAN_POINT('',(0.002,0.264149121284485,0.0456589416563511));
#5826=CARTESIAN_POINT('',(0.00201,0.260149121284485,0.0496589416563511));
#5827=CARTESIAN_POINT('',(0.00201,0.260149121284485,0.0496589416563511));
#5828=CARTESIAN_POINT('',(0.00201,0.260149121284485,0.0496589416563511));
#5829=CARTESIAN_POINT('',(0.00201,0.260466532722834,0.0486991341930834));
#5830=CARTESIAN_POINT('',(0.00201,0.261111052356563,0.0467501976396544));
#5831=CARTESIAN_POINT('',(0.00201,0.263126325091664,0.0460263238624814));
#5832=CARTESIAN_POINT('',(0.00201,0.264149121284485,0.0456589416563511));
#5833=CARTESIAN_POINT('',(0.00201,0.264149121284485,0.0456589416563511));
#5834=CARTESIAN_POINT('',(0.00201,0.264149121284485,0.0456589416563511));
#5835=CARTESIAN_POINT('',(0.00201,0.260149121284485,0.0496589416563511));
#5836=CARTESIAN_POINT('',(0.002,0.260149121284485,0.0496589416563511));
#5837=CARTESIAN_POINT('',(0.00201,0.259888633055829,0.0487171412314043));
#5838=CARTESIAN_POINT('',(0.002,0.259888633055829,0.0487171412314043));
#5839=CARTESIAN_POINT('',(0.00201,0.259348846573038,0.0467655323564167));
#5840=CARTESIAN_POINT('',(0.002,0.259348846573038,0.0467655323564167));
#5841=CARTESIAN_POINT('',(0.00201,0.257240189945049,0.0460362760597865));
#5842=CARTESIAN_POINT('',(0.002,0.257240189945049,0.0460362760597865));
#5843=CARTESIAN_POINT('',(0.00201,0.256149121284485,0.0456589416563511));
#5844=CARTESIAN_POINT('',(0.002,0.256149121284485,0.0456589416563511));
#5845=CARTESIAN_POINT('',(0.00201,0.256149121284485,0.0456589416563511));
#5846=CARTESIAN_POINT('',(0.00201,0.256149121284485,0.0456589416563511));
#5847=CARTESIAN_POINT('',(0.00201,0.260149121284485,0.0496589416563511));
#5848=CARTESIAN_POINT('',(0.00201,0.259888633055829,0.0487171412314043));
#5849=CARTESIAN_POINT('',(0.00201,0.259348846573038,0.0467655323564167));
#5850=CARTESIAN_POINT('',(0.00201,0.257240189945049,0.0460362760597865));
#5851=CARTESIAN_POINT('',(0.00201,0.256149121284485,0.0456589416563511));
#5852=CARTESIAN_POINT('',(0.00201,0.256149121284485,0.0456589416563511));
#5853=CARTESIAN_POINT('',(0.002,0.256149121284485,0.0456589416563511));
#5854=CARTESIAN_POINT('',(0.00201,0.257273573438325,0.0454536367993135));
#5855=CARTESIAN_POINT('',(0.002,0.257273573438325,0.0454536367993135));
#5856=CARTESIAN_POINT('',(0.00201,0.259524404660787,0.0450426752650541));
#5857=CARTESIAN_POINT('',(0.002,0.259524404660787,0.0450426752650541));
#5858=CARTESIAN_POINT('',(0.00201,0.259940763596304,0.0427874964048365));
#5859=CARTESIAN_POINT('',(0.002,0.259940763596304,0.0427874964048365));
#5860=CARTESIAN_POINT('',(0.00201,0.260149121284485,0.0416589416563511));
#5861=CARTESIAN_POINT('',(0.002,0.260149121284485,0.0416589416563511));
#5862=CARTESIAN_POINT('',(0.00201,0.260149121284485,0.0416589416563511));
#5863=CARTESIAN_POINT('',(0.00201,0.260149121284485,0.0416589416563511));
#5864=CARTESIAN_POINT('',(0.00201,0.256149121284485,0.0456589416563511));
#5865=CARTESIAN_POINT('',(0.00201,0.257273573438325,0.0454536367993135));
#5866=CARTESIAN_POINT('',(0.00201,0.259524404660787,0.0450426752650541));
#5867=CARTESIAN_POINT('',(0.00201,0.259940763596304,0.0427874964048365));
#5868=CARTESIAN_POINT('',(0.00201,0.260149121284485,0.0416589416563511));
#5869=CARTESIAN_POINT('',(0.00201,0.260149121284485,0.0416589416563511));
#5870=CARTESIAN_POINT('',(0.002,0.260149121284485,0.0416589416563511));
#5871=CARTESIAN_POINT('',(0.00201,0.260452816016277,0.0427245244382591));
#5872=CARTESIAN_POINT('',(0.002,0.260452816016277,0.0427245244382591));
#5873=CARTESIAN_POINT('',(0.00201,0.26105469003557,0.0448363377978486));
#5874=CARTESIAN_POINT('',(0.002,0.26105469003557,0.0448363377978486));
#5875=CARTESIAN_POINT('',(0.00201,0.263123964998678,0.0453864206505706));
#5876=CARTESIAN_POINT('',(0.002,0.263123964998678,0.0453864206505706));
#5877=CARTESIAN_POINT('',(0.00201,0.264149121284485,0.0456589416563511));
#5878=CARTESIAN_POINT('',(0.002,0.264149121284485,0.0456589416563511));
#5879=CARTESIAN_POINT('',(0.00201,0.260149121284485,0.0416589416563511));
#5880=CARTESIAN_POINT('',(0.00201,0.260452816016277,0.0427245244382591));
#5881=CARTESIAN_POINT('',(0.00201,0.26105469003557,0.0448363377978486));
#5882=CARTESIAN_POINT('',(0.00201,0.263123964998678,0.0453864206505706));
#5883=CARTESIAN_POINT('',(0.00201,0.264149121284485,0.0456589416563511));
#5884=CARTESIAN_POINT('',(0.00201,0.248970814172117,0.046223388546504));
#5885=CARTESIAN_POINT('',(0.00201,0.236788671358506,0.027615217822441));
#5886=CARTESIAN_POINT('',(0.002,0.236788671358506,0.027615217822441));
#5887=CARTESIAN_POINT('',(0.00201,0.237176852915234,0.0276626047290608));
#5888=CARTESIAN_POINT('',(0.002,0.237176852915234,0.0276626047290608));
#5889=CARTESIAN_POINT('',(0.00201,0.237963819788118,0.0277443639206128));
#5890=CARTESIAN_POINT('',(0.002,0.237963819788118,0.0277443639206128));
#5891=CARTESIAN_POINT('',(0.00201,0.240897954931967,0.0278914208567329));
#5892=CARTESIAN_POINT('',(0.002,0.240897954931967,0.0278914208567329));
#5893=CARTESIAN_POINT('',(0.00201,0.244860605300893,0.0285073080648507));
#5894=CARTESIAN_POINT('',(0.002,0.244860605300893,0.0285073080648507));
#5895=CARTESIAN_POINT('',(0.00201,0.249315131482234,0.0300559958222474));
#5896=CARTESIAN_POINT('',(0.002,0.249315131482234,0.0300559958222474));
#5897=CARTESIAN_POINT('',(0.00201,0.25359172354702,0.032257111882576));
#5898=CARTESIAN_POINT('',(0.002,0.25359172354702,0.032257111882576));
#5899=CARTESIAN_POINT('',(0.00201,0.258189073715535,0.0356016701737992));
#5900=CARTESIAN_POINT('',(0.002,0.258189073715535,0.0356016701737992));
#5901=CARTESIAN_POINT('',(0.00201,0.25934210533028,0.0380618159510561));
#5902=CARTESIAN_POINT('',(0.002,0.25934210533028,0.0380618159510561));
#5903=CARTESIAN_POINT('',(0.00201,0.260094356412406,0.0396990040919111));
#5904=CARTESIAN_POINT('',(0.002,0.260094356412406,0.0396990040919111));
#5905=CARTESIAN_POINT('',(0.00201,0.236788671352747,0.027615217821738));
#5906=CARTESIAN_POINT('',(0.00201,0.236788671352747,0.027615217821738));
#5907=CARTESIAN_POINT('',(0.00201,0.236788671358506,0.027615217822441));
#5908=CARTESIAN_POINT('',(0.00201,0.237129638217415,0.0276568410382366));
#5909=CARTESIAN_POINT('',(0.00201,0.238299930129358,0.0277935389479082));
#5910=CARTESIAN_POINT('',(0.00201,0.245905227514602,0.0280225667966038));
#5911=CARTESIAN_POINT('',(0.00201,0.257485656736914,0.0340711998546813));
#5912=CARTESIAN_POINT('',(0.00201,0.259355254111151,0.0380904327634763));
#5913=CARTESIAN_POINT('',(0.00201,0.260094356412406,0.0396990040919111));
#5914=CARTESIAN_POINT('',(0.00201,0.260094356412406,0.0396990040919111));
#5915=CARTESIAN_POINT('',(0.00201,0.260094356412406,0.0396990040919111));
#5916=CARTESIAN_POINT('',(0.00201,0.236788671352747,0.0276104208069198));
#5917=CARTESIAN_POINT('',(0.00201,0.236788671352747,0.0276056237921016));
#5918=CARTESIAN_POINT('',(0.00201,0.236788671352747,0.0276056237921016));
#5919=CARTESIAN_POINT('',(0.00201,0.236788671352747,0.0276104208069198));
#5920=CARTESIAN_POINT('',(0.00201,0.245560516619639,0.0270468916872803));
#5921=CARTESIAN_POINT('',(0.00201,0.25433236188653,0.0264881595824591));
#5922=CARTESIAN_POINT('',(0.00201,0.25433236188653,0.0264881595824591));
#5923=CARTESIAN_POINT('',(0.00201,0.245560516619639,0.0270468916872803));
#5924=CARTESIAN_POINT('',(0.00201,0.254332361918729,0.0264881595894365));
#5925=CARTESIAN_POINT('',(0.002,0.254332361918729,0.0264881595894365));
#5926=CARTESIAN_POINT('',(0.00201,0.254652380509056,0.0265575058245019));
#5927=CARTESIAN_POINT('',(0.002,0.254652380509056,0.0265575058245019));
#5928=CARTESIAN_POINT('',(0.00201,0.255300505399944,0.0267243615435011));
#5929=CARTESIAN_POINT('',(0.002,0.255300505399944,0.0267243615435011));
#5930=CARTESIAN_POINT('',(0.00201,0.256478167341917,0.0274375773014043));
#5931=CARTESIAN_POINT('',(0.002,0.256478167341917,0.0274375773014043));
#5932=CARTESIAN_POINT('',(0.00201,0.257759051306077,0.0286858707231393));
#5933=CARTESIAN_POINT('',(0.002,0.257759051306077,0.0286858707231393));
#5934=CARTESIAN_POINT('',(0.00201,0.259270807557863,0.0309142540474656));
#5935=CARTESIAN_POINT('',(0.002,0.259270807557863,0.0309142540474656));
#5936=CARTESIAN_POINT('',(0.00201,0.260087627643732,0.0345855208988735));
#5937=CARTESIAN_POINT('',(0.002,0.260087627643732,0.0345855208988735));
#5938=CARTESIAN_POINT('',(0.00201,0.260089757768076,0.0379944945491873));
#5939=CARTESIAN_POINT('',(0.002,0.260089757768076,0.0379944945491873));
#5940=CARTESIAN_POINT('',(0.00201,0.260094356412406,0.0396990040919111));
#5941=CARTESIAN_POINT('',(0.002,0.260094356412406,0.0396990040919111));
#5942=CARTESIAN_POINT('',(0.00201,0.254332361918729,0.0264881595894365));
#5943=CARTESIAN_POINT('',(0.00201,0.254780297874791,0.0265852248007781));
#5944=CARTESIAN_POINT('',(0.00201,0.256174040998518,0.0269797730039425));
#5945=CARTESIAN_POINT('',(0.00201,0.26007050692282,0.0308590765676822));
#5946=CARTESIAN_POINT('',(0.00201,0.260085683096263,0.0364841979288748));
#5947=CARTESIAN_POINT('',(0.00201,0.260094356412406,0.0396990040919111));
#5948=CARTESIAN_POINT('',(0.00201,0.248970814172117,0.046223388546504));
#5949=CARTESIAN_POINT('',(0.0143238985911012,-0.0858210030220866,-0.00276763936332658));
#5950=CARTESIAN_POINT('',(0.0201880734495811,-0.000141363865051908,-2.80165799581859E-18));
#5951=CARTESIAN_POINT('',(0.02,-0.027,-0.0104166666045785));
#5952=CARTESIAN_POINT('',(0.0201568989218712,-0.00459337608849021,-0.00592267275326187));
#5953=CARTESIAN_POINT('',(0.0206630410585138,0.0676884239791378,0.00857455656378654));
#5954=CARTESIAN_POINT('',(0.0206649147182565,0.067956,0.00862822305978627));
#5955=CARTESIAN_POINT('',(0.0206589891437611,0.0671097729030043,0.00845599806228813));
#5956=CARTESIAN_POINT('',(0.0206357851450213,0.0637960262767993,0.00778158098626465));
#5957=CARTESIAN_POINT('',(0.020420140227306,0.0329999283046037,0.0218941955214044));
#5958=CARTESIAN_POINT('',(0.0202513753182457,0.00889873116650264,0.00406070530617654));
#5959=CARTESIAN_POINT('',(0.0201568989218712,-0.00459337608849022,-0.00592267275326188));
#5960=CARTESIAN_POINT('',(0.,0.00039963086918915,-0.00923039713669308));
#5961=CARTESIAN_POINT('',(0.000275922205127427,0.067956,-0.00630553809593882));
#5962=CARTESIAN_POINT('',(0.00575748368182581,0.067956,-0.00630553809593882));
#5963=CARTESIAN_POINT('',(-0.00520478738693108,0.067956,-0.00630553809593882));
#5964=CARTESIAN_POINT('',(0.0028787418409129,0.020478,-0.00836110235025866));
#5965=CARTESIAN_POINT('',(-6.93889390390723E-18,-0.027,-0.0104166666045785));
#5966=CARTESIAN_POINT('',(-6.93889390390723E-18,-0.027,-0.0104166666045785));
#5967=CARTESIAN_POINT('',(-0.02,-0.027,-0.0104166666045785));
#5968=CARTESIAN_POINT('',(-0.0126023936934655,0.020478,-0.00836110235025866));
#5969=CARTESIAN_POINT('',(0.02,-0.027,-0.0104166666045785));
#5970=CARTESIAN_POINT('',(0.0206649147182565,0.067956,0.00862822305978627));
#5971=CARTESIAN_POINT('',(0.0195833333333334,-0.027,-0.0104166666045785));
#5972=CARTESIAN_POINT('',(0.0206649147182565,0.067956,0.00813836069362201));
#5973=CARTESIAN_POINT('',(0.0191719092707647,-0.027,-0.0104166666045785));
#5974=CARTESIAN_POINT('',(0.0206409588177379,0.067956,0.0076431361317674));
#5975=CARTESIAN_POINT('',(0.0185611626006564,-0.027,-0.0104166666045785));
#5976=CARTESIAN_POINT('',(0.0205671447263478,0.067956,0.006897569781963));
#5977=CARTESIAN_POINT('',(0.0183586452812443,-0.027,-0.0104166666045785));
#5978=CARTESIAN_POINT('',(0.0205362363876146,0.067956,0.00664859492795529));
#5979=CARTESIAN_POINT('',(0.0179554947032681,-0.027,-0.0104166666045785));
#5980=CARTESIAN_POINT('',(0.0204616094278026,0.067956,0.00615065966326097));
#5981=CARTESIAN_POINT('',(0.0177548614447037,-0.027,-0.0104166666045785));
#5982=CARTESIAN_POINT('',(0.0204178907282601,0.067956,0.00590169951842073));
#5983=CARTESIAN_POINT('',(0.0173552332413558,-0.027,-0.0104166666045785));
#5984=CARTESIAN_POINT('',(0.0203175246390719,0.067956,0.00540473102550395));
#5985=CARTESIAN_POINT('',(0.0171562382965722,-0.027,-0.0104166666045785));
#5986=CARTESIAN_POINT('',(0.0202608771997416,0.067956,0.00515672295361226));
#5987=CARTESIAN_POINT('',(0.0167596409737185,-0.027,-0.0104166666045785));
#5988=CARTESIAN_POINT('',(0.0201346219541514,0.067956,0.0046626047470587));
#5989=CARTESIAN_POINT('',(0.0165620385956484,-0.027,-0.0104166666045785));
#5990=CARTESIAN_POINT('',(0.0200650141282292,0.067956,0.00441649489529778));
#5991=CARTESIAN_POINT('',(0.0161679806591547,-0.027,-0.0104166666045785));
#5992=CARTESIAN_POINT('',(0.0199128942081991,0.067956,0.00392711965580779));
#5993=CARTESIAN_POINT('',(0.0159715251007311,-0.027,-0.0104166666045785));
#5994=CARTESIAN_POINT('',(0.0198303821252231,0.067956,0.00368385455392138));
#5995=CARTESIAN_POINT('',(0.0155795150564631,-0.027,-0.0104166666045785));
#5996=CARTESIAN_POINT('',(0.0196525976959105,0.067956,0.00320110718122871));
#5997=CARTESIAN_POINT('',(0.0153839605706189,-0.027,-0.0104166666045785));
#5998=CARTESIAN_POINT('',(0.0195573253917772,0.067956,0.00296162519534717));
#5999=CARTESIAN_POINT('',(0.0149935069244426,-0.027,-0.0104166666045785));
#6000=CARTESIAN_POINT('',(0.0193542516316352,0.067956,0.00248736568524424));
#6001=CARTESIAN_POINT('',(0.0147986077641106,-0.027,-0.0104166666045785));
#6002=CARTESIAN_POINT('',(0.0192464502486719,0.067956,0.00225258844115438));
#6003=CARTESIAN_POINT('',(0.0144092190218917,-0.027,-0.0104166666045785));
#6004=CARTESIAN_POINT('',(0.0190186348189,0.067956,0.00178863481770564));
#6005=CARTESIAN_POINT('',(0.0142147294400049,-0.027,-0.0104166666045785));
#6006=CARTESIAN_POINT('',(0.0188986208752426,0.067956,0.00155945870986514));
#6007=CARTESIAN_POINT('',(0.0138259141076092,-0.027,-0.0104166666045785));
#6008=CARTESIAN_POINT('',(0.0186467795423314,0.067956,0.00110757024481764));
#6009=CARTESIAN_POINT('',(0.0136315883571004,-0.027,-0.0104166666045785));
#6010=CARTESIAN_POINT('',(0.0185149522851011,0.067956,0.000884858146821721));
#6011=CARTESIAN_POINT('',(0.0132428549403938,-0.027,-0.0104166666045785));
#6012=CARTESIAN_POINT('',(0.0182399627405729,0.067956,0.000446719094905856));
#6013=CARTESIAN_POINT('',(0.013048447274196,-0.027,-0.0104166666045785));
#6014=CARTESIAN_POINT('',(0.0180968006124598,0.067956,0.000231292384389754));
#6015=CARTESIAN_POINT('',(0.0126593042790443,-0.027,-0.0104166666045785));
#6016=CARTESIAN_POINT('',(0.0177996945636835,0.067956,-0.000191503544331142));
#6017=CARTESIAN_POINT('',(0.0124645689500903,-0.027,-0.0104166666045785));
#6018=CARTESIAN_POINT('',(0.0176457508272084,0.067956,-0.000398872538180611));
#6019=CARTESIAN_POINT('',(0.0120745248823592,-0.027,-0.0104166666045785));
#6020=CARTESIAN_POINT('',(0.0173277044617369,0.067956,-0.000804836759375308));
#6021=CARTESIAN_POINT('',(0.011879216143582,-0.027,-0.0104166666045785));
#6022=CARTESIAN_POINT('',(0.0171636020393668,0.067956,-0.00100343178433734));
#6023=CARTESIAN_POINT('',(0.0114877795091373,-0.027,-0.0104166666045785));
#6024=CARTESIAN_POINT('',(0.016825924991986,0.067956,-0.00139119427983021));
#6025=CARTESIAN_POINT('',(0.0112916516134698,-0.027,-0.0104166666045785));
#6026=CARTESIAN_POINT('',(0.0166523505931165,0.067956,-0.00158036157250368));
#6027=CARTESIAN_POINT('',(0.0108983309181774,-0.027,-0.0104166666045785));
#6028=CARTESIAN_POINT('',(0.0162964735691559,0.067956,-0.00194868301501451));
#6029=CARTESIAN_POINT('',(0.0107011381185525,-0.027,-0.0104166666045785));
#6030=CARTESIAN_POINT('',(0.0161141711864945,0.067956,-0.00212783701365994));
#6031=CARTESIAN_POINT('',(0.0103054418682781,-0.027,-0.0104166666045785));
#6032=CARTESIAN_POINT('',(0.0157416324164092,0.067956,-0.00247561942295501));
#6033=CARTESIAN_POINT('',(0.0101069384176287,-0.027,-0.0104166666045785));
#6034=CARTESIAN_POINT('',(0.0155513962842355,0.067956,-0.00264424771076889));
#6035=CARTESIAN_POINT('',(0.0097083751182382,-0.027,-0.0104166666045785));
#6036=CARTESIAN_POINT('',(0.0151638270026058,0.067956,-0.0029705435130938));
#6037=CARTESIAN_POINT('',(0.00950831526949715,-0.027,-0.0104166666045785));
#6038=CARTESIAN_POINT('',(0.0149664941175771,0.067956,-0.00312821093434191));
#6039=CARTESIAN_POINT('',(0.00910639342685632,-0.027,-0.0104166666045785));
#6040=CARTESIAN_POINT('',(0.014565603274127,0.067956,-0.00343223032387312));
#6041=CARTESIAN_POINT('',(0.00890453143295655,-0.027,-0.0104166666045785));
#6042=CARTESIAN_POINT('',(0.0143620455855598,0.067956,-0.00357858222919423));
#6043=CARTESIAN_POINT('',(0.0084987595529312,-0.027,-0.0104166666045785));
#6044=CARTESIAN_POINT('',(0.0139496040063099,0.067956,-0.00385969875861207));
#6045=CARTESIAN_POINT('',(0.00829484966680562,-0.027,-0.0104166666045785));
#6046=CARTESIAN_POINT('',(0.0137407203871204,0.067956,-0.00399446335028326));
#6047=CARTESIAN_POINT('',(0.00788473625526155,-0.027,-0.0104166666045785));
#6048=CARTESIAN_POINT('',(0.013318544610205,0.067956,-0.00425221770680916));
#6049=CARTESIAN_POINT('',(0.00767853272984306,-0.027,-0.0104166666045785));
#6050=CARTESIAN_POINT('',(0.0131052527218547,0.067956,-0.00437520746952435));
#6051=CARTESIAN_POINT('',(0.00726358629264607,-0.027,-0.0104166666045785));
#6052=CARTESIAN_POINT('',(0.0126751887347825,0.067956,-0.00460930942224456));
#6053=CARTESIAN_POINT('',(0.00705484338086758,-0.027,-0.0104166666045785));
#6054=CARTESIAN_POINT('',(0.0124584168996603,0.067956,-0.00472042163967652));
#6055=CARTESIAN_POINT('',(0.00663457242388349,-0.027,-0.0104166666045785));
#6056=CARTESIAN_POINT('',(0.0120223240029266,0.067956,-0.00493075017305875));
#6057=CARTESIAN_POINT('',(0.00642304437867789,-0.027,-0.0104166666045785));
#6058=CARTESIAN_POINT('',(0.0118030031956417,0.067956,-0.00502996654484027));
#6059=CARTESIAN_POINT('',(0.00599695740777249,-0.027,-0.0104166666045785));
#6060=CARTESIAN_POINT('',(0.0113627382117378,0.067956,-0.00521656822142692));
#6061=CARTESIAN_POINT('',(0.00578239848207268,-0.027,-0.0104166666045785));
#6062=CARTESIAN_POINT('',(0.0111417942768936,0.067956,-0.00530395360889822));
#6063=CARTESIAN_POINT('',(0.00513380676363134,-0.027,-0.0104166666045785));
#6064=CARTESIAN_POINT('',(0.0104778973327596,0.067956,-0.00554858204152861));
#6065=CARTESIAN_POINT('',(0.00469485902954785,-0.027,-0.0104166666045785));
#6066=CARTESIAN_POINT('',(0.0100338929300703,0.067956,-0.00568826035864345));
#6067=CARTESIAN_POINT('',(0.0038018910745989,-0.027,-0.0104166666045785));
#6068=CARTESIAN_POINT('',(0.00915011503852529,0.067956,-0.00592289366480862));
#6069=CARTESIAN_POINT('',(0.00334787085373344,-0.027,-0.0104166666045785));
#6070=CARTESIAN_POINT('',(0.00871034753609917,0.067956,-0.00601785345321647));
#6071=CARTESIAN_POINT('',(0.00242279194868377,-0.027,-0.0104166666045785));
#6072=CARTESIAN_POINT('',(0.00784158876663142,0.067956,-0.00616627490052745));
#6073=CARTESIAN_POINT('',(0.00195173326449956,-0.027,-0.0104166666045785));
#6074=CARTESIAN_POINT('',(0.00741260199476224,0.067956,-0.00621974238269955));
#6075=CARTESIAN_POINT('',(0.000990611456275614,-0.027,-0.0104166666045785));
#6076=CARTESIAN_POINT('',(0.0065712789680213,0.067956,-0.00628937074246126));
#6077=CARTESIAN_POINT('',(0.000500548332235882,-0.027,-0.0104166666045785));
#6078=CARTESIAN_POINT('',(0.00615894556722282,0.067956,-0.00630553809593882));
#6079=CARTESIAN_POINT('',(-4.77048955893622E-18,-0.027,-0.0104166666045785));
#6080=CARTESIAN_POINT('',(0.00575748368182581,0.067956,-0.00630553809593882));
#6081=CARTESIAN_POINT('',(0.00565886383597121,0.067956,0.00872701709207849));
#6082=CARTESIAN_POINT('',(0.0206649147182565,0.067956,0.00862822305978627));
#6083=CARTESIAN_POINT('',(0.02,-0.027,-0.0104166666045785));
#6084=CARTESIAN_POINT('',(0.02,-0.027,-0.0104166666045785));
#6085=CARTESIAN_POINT('',(0.02,-0.027,-0.0104166666045785));
#6086=CARTESIAN_POINT('',(-6.93889390390723E-18,-0.027,-0.0104166666045785));
#6087=CARTESIAN_POINT('',(0.0201880734495811,-0.000141363865051908,-2.80165799581859E-18));
#6088=CARTESIAN_POINT('',(0.0206649147182565,0.067956,0.0384900465237022));
#6089=CARTESIAN_POINT('',(0.0205865040874217,0.0567582333434336,0.0358679924329898));
#6090=CARTESIAN_POINT('',(0.0204137066883512,0.0320811591629121,0.0300896416880308));
#6091=CARTESIAN_POINT('',(0.0202476200726798,0.00836244720682463,0.00679921122313731));
#6092=CARTESIAN_POINT('',(0.0201568989218712,-0.0045933760884902,-0.00592267275326187));
#6093=CARTESIAN_POINT('',(0.0204310646369722,0.0345600355120256,0.0270179880680225));
#6094=CARTESIAN_POINT('',(0.0203324573591282,0.020478,0.02218057920603));
#6095=CARTESIAN_POINT('',(0.02,-0.027,0.00587111188835779));
#6096=CARTESIAN_POINT('',(0.02,-0.027,0.0145833333954215));
#6097=CARTESIAN_POINT('',(0.02,-0.027,0.0384466688742304));
#6098=CARTESIAN_POINT('',(-0.0199136006104436,0.067956,0.0386704932693783));
#6099=CARTESIAN_POINT('',(0.02,-0.027,0.0330174093765849));
#6100=CARTESIAN_POINT('',(-0.00645398202905159,0.067956,0.0386768433214792));
#6101=CARTESIAN_POINT('',(0.02,-0.027,0.0310489240755145));
#6102=CARTESIAN_POINT('',(0.0200719569646621,0.067956,0.0386893578733306));
#6103=CARTESIAN_POINT('',(0.02,-0.027,0.021951657908205));
#6104=CARTESIAN_POINT('',(0.0204744231701022,0.067956,0.0386895477510273));
#6105=CARTESIAN_POINT('',(0.02,-0.027,0.0217208759830429));
#6106=CARTESIAN_POINT('',(0.0204830728493582,0.067956,0.0386889300749317));
#6107=CARTESIAN_POINT('',(0.02,-0.027,0.0213436801962701));
#6108=CARTESIAN_POINT('',(0.020495379051899,0.067956,0.0386873243356654));
#6109=CARTESIAN_POINT('',(0.02,-0.027,0.0212127777841743));
#6110=CARTESIAN_POINT('',(0.0204993695945833,0.067956,0.0386866746331514));
#6111=CARTESIAN_POINT('',(0.02,-0.027,0.020941348873486));
#6112=CARTESIAN_POINT('',(0.0205071444542912,0.067956,0.0386851761697349));
#6113=CARTESIAN_POINT('',(0.02,-0.027,0.0208008223748935));
#6114=CARTESIAN_POINT('',(0.0205109366269955,0.067956,0.0386843249694745));
#6115=CARTESIAN_POINT('',(0.02,-0.027,0.0203658820691413));
#6116=CARTESIAN_POINT('',(0.0205219204477949,0.067956,0.0386815377161035));
#6117=CARTESIAN_POINT('',(0.02,-0.027,0.0200581074520066));
#6118=CARTESIAN_POINT('',(0.020528750977017,0.067956,0.0386793671210331));
#6119=CARTESIAN_POINT('',(0.02,-0.027,0.0194126644299106));
#6120=CARTESIAN_POINT('',(0.0205416150699846,0.067956,0.0386745760571891));
#6121=CARTESIAN_POINT('',(0.02,-0.027,0.0190749960249492));
#6122=CARTESIAN_POINT('',(0.0205476482392236,0.067956,0.0386719546274891));
#6123=CARTESIAN_POINT('',(0.02,-0.027,0.0183755004659732));
#6124=CARTESIAN_POINT('',(0.0205590713418185,0.067956,0.0386663556623291));
#6125=CARTESIAN_POINT('',(0.02,-0.027,0.0180136733119585));
#6126=CARTESIAN_POINT('',(0.0205644610804545,0.067956,0.0386633776525766));
#6127=CARTESIAN_POINT('',(0.02,-0.027,0.0172715952936488));
#6128=CARTESIAN_POINT('',(0.0205747274877736,0.067956,0.0386571018996334));
#6129=CARTESIAN_POINT('',(0.02,-0.027,0.0168913444293538));
#6130=CARTESIAN_POINT('',(0.0205795543095344,0.067956,0.0386538331624156));
#6131=CARTESIAN_POINT('',(0.02,-0.027,0.0157315588292081));
#6132=CARTESIAN_POINT('',(0.0205932162274813,0.067956,0.03864373445907));
#6133=CARTESIAN_POINT('',(0.02,-0.027,0.0149329910860967));
#6134=CARTESIAN_POINT('',(0.0206013020136401,0.067956,0.038636594500351));
#6135=CARTESIAN_POINT('',(0.02,-0.027,0.0137314836895473));
#6136=CARTESIAN_POINT('',(0.0206125201140474,0.067956,0.0386250111359068));
#6137=CARTESIAN_POINT('',(0.02,-0.027,0.0133303719270504));
#6138=CARTESIAN_POINT('',(0.0206161040056987,0.067956,0.0386210002681021));
#6139=CARTESIAN_POINT('',(0.02,-0.027,0.0125326648468689));
#6140=CARTESIAN_POINT('',(0.0206230207050624,0.067956,0.0386125859510662));
#6141=CARTESIAN_POINT('',(0.02,-0.027,0.0121360695291844));
#6142=CARTESIAN_POINT('',(0.0206263308030442,0.067956,0.0386082074833695));
#6143=CARTESIAN_POINT('',(0.02,-0.027,0.010961660801509));
#6144=CARTESIAN_POINT('',(0.0206357767950067,0.067956,0.0385945569368289));
#6145=CARTESIAN_POINT('',(0.02,-0.027,0.0101992246168964));
#6146=CARTESIAN_POINT('',(0.0206414978395071,0.067956,0.0385847261112165));
#6147=CARTESIAN_POINT('',(0.02,-0.027,0.00912073502337292));
#6148=CARTESIAN_POINT('',(0.0206491495342485,0.067956,0.0385681167477796));
#6149=CARTESIAN_POINT('',(0.02,-0.027,0.0087720992727643));
#6150=CARTESIAN_POINT('',(0.0206515405492331,0.067956,0.0385622653821949));
#6151=CARTESIAN_POINT('',(0.02,-0.027,0.00810228437145208));
#6152=CARTESIAN_POINT('',(0.020655908638738,0.067956,0.0385497695899461));
#6153=CARTESIAN_POINT('',(0.02,-0.027,0.00778110522074847));
#6154=CARTESIAN_POINT('',(0.0206578497550991,0.067956,0.038543227026751));
#6155=CARTESIAN_POINT('',(0.02,-0.027,0.00717193855801933));
#6156=CARTESIAN_POINT('',(0.0206611317777288,0.067956,0.0385294250032057));
#6157=CARTESIAN_POINT('',(0.02,-0.027,0.0068839510459938));
#6158=CARTESIAN_POINT('',(0.020662473525693,0.067956,0.0385221656859447));
#6159=CARTESIAN_POINT('',(0.02,-0.027,0.00634690269939332));
#6160=CARTESIAN_POINT('',(0.0206643641263333,0.067956,0.038506789274732));
#6161=CARTESIAN_POINT('',(0.02,-0.027,0.00609784186481912));
#6162=CARTESIAN_POINT('',(0.0206649147182565,0.067956,0.0384986724764543));
#6163=CARTESIAN_POINT('',(0.02,-0.027,0.00587111188835717));
#6164=CARTESIAN_POINT('',(0.0206649147182565,0.067956,0.0384900465237021));
#6165=CARTESIAN_POINT('',(0.02,-0.027,0.0145833333954215));
#6166=CARTESIAN_POINT('',(0.02,-0.027,0.0384466688742304));
#6167=CARTESIAN_POINT('',(0.0203324573591282,0.020478,0.02218057920603));
#6168=CARTESIAN_POINT('',(0.0206649147182565,0.067956,0.0384900465237022));
#6169=CARTESIAN_POINT('',(0.0206649147182565,0.067956,0.0384900465237022));
#6170=CARTESIAN_POINT('',(0.0206649147182564,0.067956,0.0385954919989841));
#6171=CARTESIAN_POINT('',(0.020570701358547,0.067956,0.0386895931736749));
#6172=CARTESIAN_POINT('',(0.0204652551337324,0.067956,0.0386895434256812));
#6173=CARTESIAN_POINT('',(0.0204652551337323,0.067956,0.0386895434256811));
#6174=CARTESIAN_POINT('',(0.000275922205127427,0.067956,0.0386800183923227));
#6175=CARTESIAN_POINT('',(-0.0199136006104435,0.067956,0.0386704932693783));
#6176=CARTESIAN_POINT('',(4.31996947782131E-5,0.020478,0.0385585810718043));
#6177=CARTESIAN_POINT('',(-0.02,-0.027,0.0384466688742304));
#6178=CARTESIAN_POINT('',(-0.0201130703080016,0.067956,0.0384709633137758));
#6179=CARTESIAN_POINT('',(-0.0183333333333333,-0.027,0.0384466688742304));
#6180=CARTESIAN_POINT('',(-0.0201130703080016,0.067956,0.0384841367315898));
#6181=CARTESIAN_POINT('',(-0.0166666666666667,-0.027,0.0384466688742304));
#6182=CARTESIAN_POINT('',(-0.0201117837443471,0.067956,0.0384971688066214));
#6183=CARTESIAN_POINT('',(-0.0141666666666667,-0.027,0.0384466688742304));
#6184=CARTESIAN_POINT('',(-0.0201079326584086,0.067956,0.0385165035361189));
#6185=CARTESIAN_POINT('',(-0.0133333333333333,-0.027,0.0384466688742304));
#6186=CARTESIAN_POINT('',(-0.0201063269638274,0.067956,0.0385228934491171));
#6187=CARTESIAN_POINT('',(-0.0116666666666667,-0.027,0.0384466688742304));
#6188=CARTESIAN_POINT('',(-0.0201025329945746,0.067956,0.0385353747926219));
#6189=CARTESIAN_POINT('',(-0.0108333333333333,-0.027,0.0384466688742304));
#6190=CARTESIAN_POINT('',(-0.0201003396370841,0.067956,0.038541494046926));
#6191=CARTESIAN_POINT('',(-0.00916666666666668,-0.027,0.0384466688742304));
#6192=CARTESIAN_POINT('',(-0.0200953673537066,0.067956,0.0385534926610323));
#6193=CARTESIAN_POINT('',(-0.0083333333333334,-0.027,0.0384466688742304));
#6194=CARTESIAN_POINT('',(-0.0200925884337071,0.067956,0.0385593720232466));
#6195=CARTESIAN_POINT('',(-0.00666666666666673,-0.027,0.0384466688742304));
#6196=CARTESIAN_POINT('',(-0.0200864353614596,0.067956,0.0385708868941057));
#6197=CARTESIAN_POINT('',(-0.00583333333333334,-0.027,0.0384466688742304));
#6198=CARTESIAN_POINT('',(-0.020083039659033,0.067956,0.038576552677932));
#6199=CARTESIAN_POINT('',(-0.00333333333333334,-0.027,0.0384466688742304));
#6200=CARTESIAN_POINT('',(-0.0200721070878002,0.067956,0.0385928972576007));
#6201=CARTESIAN_POINT('',(-0.00166666666666667,-0.027,0.0384466688742304));
#6202=CARTESIAN_POINT('',(-0.0200638512390305,0.067956,0.0386029345135933));
#6203=CARTESIAN_POINT('',(0.000833333333333332,-0.027,0.0384466688742304));
#6204=CARTESIAN_POINT('',(-0.0200500483514918,0.067956,0.0386167301962636));
#6205=CARTESIAN_POINT('',(0.00166666666666664,-0.027,0.0384466688742304));
#6206=CARTESIAN_POINT('',(-0.0200452091920213,0.067956,0.0386211172335983));
#6207=CARTESIAN_POINT('',(0.0033333333333333,-0.027,0.0384466688742304));
#6208=CARTESIAN_POINT('',(-0.0200350389430512,0.067956,0.0386294544647839));
#6209=CARTESIAN_POINT('',(0.00416666666666668,-0.027,0.0384466688742304));
#6210=CARTESIAN_POINT('',(-0.0200297576874052,0.067956,0.0386333610390009));
#6211=CARTESIAN_POINT('',(0.00666666666666667,-0.027,0.0384466688742304));
#6212=CARTESIAN_POINT('',(-0.0200134958775828,0.067956,0.0386442024958642));
#6213=CARTESIAN_POINT('',(0.00833333333333332,-0.027,0.0384466688742304));
#6214=CARTESIAN_POINT('',(-0.0200020383526848,0.067956,0.038650319310053));
#6215=CARTESIAN_POINT('',(0.0108333333333333,-0.027,0.0384466688742304));
#6216=CARTESIAN_POINT('',(-0.0199839200499038,0.067956,0.0386578147097766));
#6217=CARTESIAN_POINT('',(0.0116666666666666,-0.027,0.0384466688742304));
#6218=CARTESIAN_POINT('',(-0.019977691895348,0.067956,0.0386600387967624));
#6219=CARTESIAN_POINT('',(0.0133333333333333,-0.027,0.0384466688742304));
#6220=CARTESIAN_POINT('',(-0.01996516305335,0.067956,0.038663827333568));
#6221=CARTESIAN_POINT('',(0.0141666666666666,-0.027,0.0384466688742304));
#6222=CARTESIAN_POINT('',(-0.0199588442873337,0.067956,0.0386654028264937));
#6223=CARTESIAN_POINT('',(0.0166666666666666,-0.027,0.0384466688742304));
#6224=CARTESIAN_POINT('',(-0.0199397287437431,0.067956,0.0386691952072431));
#6225=CARTESIAN_POINT('',(0.0183333333333333,-0.027,0.0384466688742304));
#6226=CARTESIAN_POINT('',(-0.0199267734772068,0.067956,0.0386704870546116));
#6227=CARTESIAN_POINT('',(0.02,-0.027,0.0384466688742304));
#6228=CARTESIAN_POINT('',(-0.0199136006104435,0.067956,0.0386704932693783));
#6229=CARTESIAN_POINT('',(-0.0199136006104435,0.067956,0.0386704932693783));
#6230=CARTESIAN_POINT('',(-0.0200189898445256,0.067956,0.0386704435482719));
#6231=CARTESIAN_POINT('',(-0.0201130703080016,0.067956,0.0385763547827406));
#6232=CARTESIAN_POINT('',(-0.0201130703080016,0.067956,0.0384709633137758));
#6233=CARTESIAN_POINT('',(-0.0201130703080016,0.067956,0.0384709633137758));
#6234=CARTESIAN_POINT('',(-0.02,-0.027,0.0384466688742304));
#6235=CARTESIAN_POINT('',(-0.02,-0.027,0.0384466688742304));
#6236=CARTESIAN_POINT('',(0.25,-0.027,0.0384466688742304));
#6237=CARTESIAN_POINT('',(-0.0200321222585951,-2.38535556858423E-5,2.78001542044979E-18));
#6238=CARTESIAN_POINT('',(-0.0201130703080016,0.067956,0.0161824305332701));
#6239=CARTESIAN_POINT('',(-0.0201130703080016,0.067956,0.00863168672202986));
#6240=CARTESIAN_POINT('',(-0.0200565351540008,0.020478,0.0113233439284279));
#6241=CARTESIAN_POINT('',(-0.02,-0.027,0.0140150011348259));
#6242=CARTESIAN_POINT('',(-0.02,-0.027,0.0145833333954215));
#6243=CARTESIAN_POINT('',(-0.02,-0.027,-0.0104166666045785));
#6244=CARTESIAN_POINT('',(-0.00520478738693108,0.067956,-0.00630553809593882));
#6245=CARTESIAN_POINT('',(-0.02,-0.027,-0.00990767352667424));
#6246=CARTESIAN_POINT('',(-0.00569378453969925,0.067956,-0.00630553809593882));
#6247=CARTESIAN_POINT('',(-0.02,-0.027,-0.00939682635231593));
#6248=CARTESIAN_POINT('',(-0.00618075805363041,0.067956,-0.00628157776407357));
#6249=CARTESIAN_POINT('',(-0.02,-0.027,-0.00837211909686146));
#6250=CARTESIAN_POINT('',(-0.00714680810817198,0.067956,-0.00618691241784261));
#6251=CARTESIAN_POINT('',(-0.02,-0.027,-0.0078582590157653));
#6252=CARTESIAN_POINT('',(-0.00762588241343801,0.067956,-0.00611620810131051));
#6253=CARTESIAN_POINT('',(-0.02,-0.027,-0.00682822123300543));
#6254=CARTESIAN_POINT('',(-0.00857244825801197,0.067956,-0.00592938429248703));
#6255=CARTESIAN_POINT('',(-0.02,-0.027,-0.00631204353134171));
#6256=CARTESIAN_POINT('',(-0.00903994071358596,0.067956,-0.0058132652221325));
#6257=CARTESIAN_POINT('',(-0.02,-0.027,-0.00527806579361696));
#6258=CARTESIAN_POINT('',(-0.00995982312279558,0.067956,-0.00553707622180599));
#6259=CARTESIAN_POINT('',(-0.02,-0.027,-0.00476026575755594));
#6260=CARTESIAN_POINT('',(-0.0104122139597765,0.067956,-0.00537700645278699));
#6261=CARTESIAN_POINT('',(-0.02,-0.027,-0.00372373863720687));
#6262=CARTESIAN_POINT('',(-0.0112985060222086,0.067956,-0.00501450649666257));
#6263=CARTESIAN_POINT('',(-0.02,-0.027,-0.00320501155291882));
#6264=CARTESIAN_POINT('',(-0.0117324080646626,0.067956,-0.00481207622511026));
#6265=CARTESIAN_POINT('',(-0.02,-0.027,-0.00216732562228596));
#6266=CARTESIAN_POINT('',(-0.0125784424206578,0.067956,-0.00436657074498104));
#6267=CARTESIAN_POINT('',(-0.02,-0.027,-0.00164836677594117));
#6268=CARTESIAN_POINT('',(-0.0129905754535147,0.067956,-0.00412349522266505));
#6269=CARTESIAN_POINT('',(-0.02,-0.027,-0.000610912607365069));
#6270=CARTESIAN_POINT('',(-0.0137898754986687,0.067956,-0.00359854579819928));
#6271=CARTESIAN_POINT('',(-0.02,-0.027,-9.24172851337733E-5));
#6272=CARTESIAN_POINT('',(-0.0141770431024338,0.067956,-0.00331667136976068));
#6273=CARTESIAN_POINT('',(-0.02,-0.027,0.000943414549045026));
#6274=CARTESIAN_POINT('',(-0.0149232800438901,0.067956,-0.00271611443334414));
#6275=CARTESIAN_POINT('',(-0.02,-0.027,0.00146075106099254));
#6276=CARTESIAN_POINT('',(-0.0152823498154373,0.067956,-0.00239743120425398));
#6277=CARTESIAN_POINT('',(-0.02,-0.027,0.0024935699884335));
#6278=CARTESIAN_POINT('',(-0.015969307396241,0.067956,-0.00172540949184174));
#6279=CARTESIAN_POINT('',(-0.02,-0.027,0.00300905240392695));
#6280=CARTESIAN_POINT('',(-0.0162971954517176,0.067956,-0.00137207011186443));
#6281=CARTESIAN_POINT('',(-0.02,-0.027,0.00403746785228953));
#6282=CARTESIAN_POINT('',(-0.0169187441337861,0.067956,-0.000633075792186971));
#6283=CARTESIAN_POINT('',(-0.02,-0.027,0.00455040088515865));
#6284=CARTESIAN_POINT('',(-0.0172124047881844,0.067956,-0.000247419801900704));
#6285=CARTESIAN_POINT('',(-0.02,-0.027,0.0055730222821023));
#6286=CARTESIAN_POINT('',(-0.0177624871988658,0.067956,0.000553651878356061));
#6287=CARTESIAN_POINT('',(-0.02,-0.027,0.00608271064617685));
#6288=CARTESIAN_POINT('',(-0.0180189087327106,0.067956,0.000969068747927332));
#6289=CARTESIAN_POINT('',(-0.02,-0.027,0.00709814741936104));
#6290=CARTESIAN_POINT('',(-0.0184915382237404,0.067956,0.00182685660664489));
#6291=CARTESIAN_POINT('',(-0.02,-0.027,0.00760389582847069));
#6292=CARTESIAN_POINT('',(-0.018707745675292,0.067956,0.00226922887503282));
#6293=CARTESIAN_POINT('',(-0.02,-0.027,0.00861075740555487));
#6294=CARTESIAN_POINT('',(-0.0190970199044996,0.067956,0.00317783522810414));
#6295=CARTESIAN_POINT('',(-0.02,-0.027,0.00911187057352941));
#6296=CARTESIAN_POINT('',(-0.019270085859472,0.067956,0.00364407065652227));
#6297=CARTESIAN_POINT('',(-0.02,-0.027,0.010108766382173));
#6298=CARTESIAN_POINT('',(-0.0195702173707453,0.067956,0.00459698481405131));
#6299=CARTESIAN_POINT('',(-0.02,-0.027,0.0106045490228421));
#6300=CARTESIAN_POINT('',(-0.0196972817531039,0.067956,0.00508366490901342));
#6301=CARTESIAN_POINT('',(-0.02,-0.027,0.0115900884907047));
#6302=CARTESIAN_POINT('',(-0.019902647581986,0.067956,0.00607368285353755));
#6303=CARTESIAN_POINT('',(-0.02,-0.027,0.0120798453178982));
#6304=CARTESIAN_POINT('',(-0.0199809474696979,0.067956,0.00657702203990511));
#6305=CARTESIAN_POINT('',(-0.02,-0.027,0.0130526378726391));
#6306=CARTESIAN_POINT('',(-0.0200861598203419,0.067956,0.00759616484037101));
#6307=CARTESIAN_POINT('',(-0.02,-0.027,0.0135356736001865));
#6308=CARTESIAN_POINT('',(-0.0201130703080016,0.067956,0.00811196970067597));
#6309=CARTESIAN_POINT('',(-0.02,-0.027,0.0140150011348259));
#6310=CARTESIAN_POINT('',(-0.0201130703080016,0.067956,0.00863168672202987));
#6311=CARTESIAN_POINT('',(-0.00510964172600847,0.067956,0.00872701709207849));
#6312=CARTESIAN_POINT('',(-0.02,-0.027,0.0145833333954215));
#6313=CARTESIAN_POINT('',(0.000275922205127427,0.067956,0.0161920497631138));
#6314=CARTESIAN_POINT('',(0.0206649147182565,0.067956,0.0161920497631138));
#6315=CARTESIAN_POINT('',(-3.46944695195361E-18,-0.027,0.0145833333954215));
#6316=CARTESIAN_POINT('',(0.0203334573346127,0.0204779929978261,0.02218057920603));
#6317=CARTESIAN_POINT('',(0.0204320646124575,0.0345600285099662,0.0270179880680618));
#6318=CARTESIAN_POINT('',(0.0204320646124575,0.0345600285099662,0.0270179880680618));
#6319=CARTESIAN_POINT('',(0.0203334573346127,0.0204779929978261,0.02218057920603));
#6320=CARTESIAN_POINT('',(0.0206659146937409,0.0679559929978262,0.0384900465237022));
#6321=CARTESIAN_POINT('',(0.0206659146937409,0.0679559929978262,0.0384900465237022));
#6322=CARTESIAN_POINT('',(0.020432064612723,0.0345600285478794,0.027017988089552));
#6323=CARTESIAN_POINT('',(0.0204310646372385,0.0345600355500532,0.027017988089552));
#6324=CARTESIAN_POINT('',(0.0203393411991466,0.02131826352477,0.0195210952238929));
#6325=CARTESIAN_POINT('',(0.0203383412236621,0.0213182705269438,0.0195210952238929));
#6326=CARTESIAN_POINT('',(0.0202486200482511,0.00836244021705296,0.00679921123531552));
#6327=CARTESIAN_POINT('',(0.0202476200727667,0.00836244721922678,0.00679921123531552));
#6328=CARTESIAN_POINT('',(0.0201578988973557,-0.00459338309066403,-0.00592267275326187));
#6329=CARTESIAN_POINT('',(0.0201568989218712,-0.00459337608849021,-0.00592267275326187));
#6330=CARTESIAN_POINT('',(0.0201578988973557,-0.00459338309066403,-0.00592267275326187));
#6331=CARTESIAN_POINT('',(0.0201578988973557,-0.00459338309066403,-0.00592267275326187));
#6332=CARTESIAN_POINT('',(0.0206659146937409,0.0679559929978262,0.0384900465237022));
#6333=CARTESIAN_POINT('',(0.0205875040629061,0.0567582263412597,0.0358679924329898));
#6334=CARTESIAN_POINT('',(0.0204147066638357,0.0320811521607383,0.0300896416880308));
#6335=CARTESIAN_POINT('',(0.0202486200481643,0.00836244020465081,0.00679921122313731));
#6336=CARTESIAN_POINT('',(0.0201578988973557,-0.00459338309066403,-0.00592267275326187));
#6337=CARTESIAN_POINT('',(0.0206640410340004,0.0676884169772733,0.0085745565621704));
#6338=CARTESIAN_POINT('',(0.020663041058516,0.0676884239794471,0.0085745565621704));
#6339=CARTESIAN_POINT('',(0.0206584124017151,0.0668845959869888,0.00841803942731698));
#6340=CARTESIAN_POINT('',(0.0206574124262307,0.0668846029891627,0.00841803942731698));
#6341=CARTESIAN_POINT('',(0.0206459176685067,0.0651002319866715,0.00822190050216955));
#6342=CARTESIAN_POINT('',(0.0206449176930222,0.0651002389888453,0.00822190050216955));
#6343=CARTESIAN_POINT('',(0.02059662393999,0.058060629528608,0.0106627157489921));
#6344=CARTESIAN_POINT('',(0.0205956239645055,0.0580606365307818,0.0106627157489921));
#6345=CARTESIAN_POINT('',(0.0205282758513821,0.0482998874008643,0.0136591347767452));
#6346=CARTESIAN_POINT('',(0.0205272758758977,0.0482998944030381,0.0136591347767452));
#6347=CARTESIAN_POINT('',(0.0204509933570519,0.0372632291195346,0.0152133690393181));
#6348=CARTESIAN_POINT('',(0.0204499933815674,0.0372632361217084,0.0152133690393181));
#6349=CARTESIAN_POINT('',(0.0203756744056623,0.0265069830149179,0.0131688078997446));
#6350=CARTESIAN_POINT('',(0.0203746744301778,0.0265069900170917,0.0131688078997446));
#6351=CARTESIAN_POINT('',(0.0202776359248793,0.0125061770083299,0.00672687301579692));
#6352=CARTESIAN_POINT('',(0.0202766359493948,0.0125061840105037,0.00672687301579692));
#6353=CARTESIAN_POINT('',(0.020205790424342,0.00224597195991352,-0.000861946073418902));
#6354=CARTESIAN_POINT('',(0.0202047904488575,0.00224597896208734,-0.000861946073418902));
#6355=CARTESIAN_POINT('',(0.0201578988973557,-0.00459338309066404,-0.00592267275326188));
#6356=CARTESIAN_POINT('',(0.0201568989218712,-0.00459337608849022,-0.00592267275326188));
#6357=CARTESIAN_POINT('',(0.0206640410339983,0.067688416976964,0.00857455656378654));
#6358=CARTESIAN_POINT('',(0.0206640410339983,0.067688416976964,0.00857455656378654));
#6359=CARTESIAN_POINT('',(0.0206659146937409,0.0679559929978262,0.00862822305978627));
#6360=CARTESIAN_POINT('',(0.0206599891192456,0.0671097659008305,0.00845599806228813));
#6361=CARTESIAN_POINT('',(0.0206367851205058,0.0637960192746254,0.00778158098626465));
#6362=CARTESIAN_POINT('',(0.0204211402027904,0.03299992130243,0.0218941955214044));
#6363=CARTESIAN_POINT('',(0.0202523752937302,0.00889872416432881,0.00406070530617654));
#6364=CARTESIAN_POINT('',(0.0201578988973557,-0.00459338309066404,-0.00592267275326188));
#6365=CARTESIAN_POINT('',(0.0200009999754844,-0.0270000070021739,-0.0104166666045785));
#6366=CARTESIAN_POINT('',(0.0206659146937409,0.0679559929978262,0.00862822305978627));
#6367=CARTESIAN_POINT('',(0.0206659146937409,0.0679559929978262,0.00862822305978627));
#6368=CARTESIAN_POINT('',(0.0200009999754844,-0.0270000070021739,-0.0104166666045785));
#6369=CARTESIAN_POINT('',(0.0206659146937409,0.0679559929978262,0.0161920497631138));
#6370=CARTESIAN_POINT('',(0.0206659146937409,0.0679559929978262,0.0161920497631138));
#6371=CARTESIAN_POINT('',(0.0203334616674497,0.0204786117672153,0.0140367289983821));
#6372=CARTESIAN_POINT('',(0.0143238985911012,-0.0858210030220866,-0.00276763936332658));
#6373=CARTESIAN_POINT('',(0.005,-0.085155114531517,0.00486693577840924));
#6374=CARTESIAN_POINT('',(0.035,-0.0823269784450531,0.00456869602203369));
#6375=CARTESIAN_POINT('',(0.0357311120081075,-0.0822580556366072,0.00456142779979432));
#6376=CARTESIAN_POINT('',(0.005,-0.0843439588839842,0.00324462385227282));
#6377=CARTESIAN_POINT('',(0.035,-0.0827482442061106,0.00305018201470375));
#6378=CARTESIAN_POINT('',(0.0357311120081075,-0.0827093560006938,0.0030454433892929));
#6379=CARTESIAN_POINT('',(0.005,-0.08352617364857,0.00160905274521582));
#6380=CARTESIAN_POINT('',(0.035,-0.0831660390531757,0.00154417942416338));
#6381=CARTESIAN_POINT('',(0.0357311120081075,-0.0831572624289348,0.00154259843536248));
#6382=CARTESIAN_POINT('',(0.005,-0.081930216847474,-0.00158286209861415));
#6383=CARTESIAN_POINT('',(0.035,-0.0840085989393212,-0.00149295083278955));
#6384=CARTESIAN_POINT('',(0.0357311120081075,-0.084059249942814,-0.0014907596592526));
#6385=CARTESIAN_POINT('',(0.005,-0.0811517228578561,-0.00313985068351031));
#6386=CARTESIAN_POINT('',(0.035,-0.0844333072503408,-0.00302387401461602));
#6387=CARTESIAN_POINT('',(0.0357311120081075,-0.0845132807755062,-0.00302104761677306));
#6388=CARTESIAN_POINT('',(0.005,-0.0803667604923248,-0.00470977602526546));
#6389=CARTESIAN_POINT('',(0.035,-0.0848545730113983,-0.00454238802194596));
#6390=CARTESIAN_POINT('',(0.0357311120081075,-0.084963942798826,-0.00453830870930462));
#6391=CARTESIAN_POINT('',(0.02,-0.0826106667518616,-0.00462608202360571));
#6392=CARTESIAN_POINT('',(0.005,-0.0803667604923248,-0.00470977602526546));
#6393=CARTESIAN_POINT('',(0.0300334626169367,-0.084111610056593,-0.00457009931447804));
#6394=CARTESIAN_POINT('',(0.005,-0.0827609375119209,7.85798765718937E-5));
#6395=CARTESIAN_POINT('',(0.005,-0.0827216475889186,8.13151629364128E-19));
#6396=CARTESIAN_POINT('',(0.005,-0.0827609375119209,7.85798765718937E-5));
#6397=CARTESIAN_POINT('',(0.005,-0.085155114531517,0.00486693577840924));
#6398=CARTESIAN_POINT('',(0.02,-0.0837410464882851,0.00471781590022147));
#6399=CARTESIAN_POINT('',(0.0267895500262963,-0.0831009874402777,0.00465031877536339));
#6400=CARTESIAN_POINT('',(0.0330612094556359,-0.0829987238383664,0.00240286448994728));
#6401=CARTESIAN_POINT('',(0.0326955034958902,-0.0829241347698433,0.00279556986696977));
#6402=CARTESIAN_POINT('',(0.0320371858565332,-0.0828464847963234,0.0033365726889374));
#6403=CARTESIAN_POINT('',(0.0310390634203067,-0.0828211821061604,0.00387505562059553));
#6404=CARTESIAN_POINT('',(0.0301675287515375,-0.082838759746797,0.00421462451504337));
#6405=CARTESIAN_POINT('',(0.0295111482441397,-0.082873094026737,0.00439231027587159));
#6406=CARTESIAN_POINT('',(0.0290086469456385,-0.0829073249306715,0.00449034842663574));
#6407=CARTESIAN_POINT('',(0.0287272156745594,-0.0829284731650496,0.0045348157854543));
#6408=CARTESIAN_POINT('',(0.0284868086097336,-0.08294763541382,0.00456635754094897));
#6409=CARTESIAN_POINT('',(0.0283445516099978,-0.0829594948120552,0.0045815176043424));
#6410=CARTESIAN_POINT('',(0.0281005073589,-0.0829803573608041,0.00460355270756589));
#6411=CARTESIAN_POINT('',(0.027639360086061,-0.0830214053489967,0.00463293654977567));
#6412=CARTESIAN_POINT('',(0.0271518216203749,-0.0830668356615604,0.00464671731215646));
#6413=CARTESIAN_POINT('',(0.0267895500262775,-0.0831009874404922,0.00465031877144402));
#6414=CARTESIAN_POINT('',(0.0330612090528401,-0.0829987243382229,0.00240286420978555));
#6415=CARTESIAN_POINT('',(0.0300334626169367,-0.084111610056593,-0.00457009931447805));
#6416=CARTESIAN_POINT('',(0.030358277609627,-0.0841602003496141,-0.0045682869767215));
#6417=CARTESIAN_POINT('',(0.0307939048332342,-0.0842246224698338,-0.00456089526614565));
#6418=CARTESIAN_POINT('',(0.0312002293256298,-0.0842829170181739,-0.00454505490019357));
#6419=CARTESIAN_POINT('',(0.0314165733062676,-0.0843131553429784,-0.00453286717797348));
#6420=CARTESIAN_POINT('',(0.0315344045431573,-0.0843293901749609,-0.00452511604249094));
#6421=CARTESIAN_POINT('',(0.031757151868345,-0.0843592257552313,-0.00450665579933962));
#6422=CARTESIAN_POINT('',(0.0320121058423818,-0.0843921478644767,-0.00448050219291512));
#6423=CARTESIAN_POINT('',(0.0323337545671376,-0.0844316426123791,-0.00443956316229816));
#6424=CARTESIAN_POINT('',(0.0327085203291815,-0.0844733234206696,-0.00437647951337409));
#6425=CARTESIAN_POINT('',(0.0330432917605069,-0.0845069222146492,-0.00430799002850055));
#6426=CARTESIAN_POINT('',(0.033469138072535,-0.0845431440074583,-0.00420068914502304));
#6427=CARTESIAN_POINT('',(0.0338397369358955,-0.0845669266184047,-0.00408445677263803));
#6428=CARTESIAN_POINT('',(0.0341299535563119,-0.0845795802212041,-0.00397629848590021));
#6429=CARTESIAN_POINT('',(0.0343583014982862,-0.0845846106490596,-0.00387729591732638));
#6430=CARTESIAN_POINT('',(0.0344951127899632,-0.0845862757169132,-0.00381419954252784));
#6431=CARTESIAN_POINT('',(0.0347335719598272,-0.0845843456861158,-0.00369067998324002));
#6432=CARTESIAN_POINT('',(0.034981526900095,-0.0845745924780055,-0.00354001451084303));
#6433=CARTESIAN_POINT('',(0.0352543670223358,-0.0845509913626353,-0.0033365530376131));
#6434=CARTESIAN_POINT('',(0.0354953619480918,-0.0845021569610744,-0.00307071274398063));
#6435=CARTESIAN_POINT('',(0.0356487138357162,-0.0844448035713348,-0.00281802007086525));
#6436=CARTESIAN_POINT('',(0.0357301102142744,-0.0843586846433861,-0.00250011467731068));
#6437=CARTESIAN_POINT('',(0.0357318806161272,-0.084285346994626,-0.00225283439563014));
#6438=CARTESIAN_POINT('',(0.0357142628110327,-0.0842245399918172,-0.00205327491717189));
#6439=CARTESIAN_POINT('',(0.0356636782668864,-0.0841484189241658,-0.00181030570353037));
#6440=CARTESIAN_POINT('',(0.0355874294757417,-0.0840702208595867,-0.00156384739936187));
#6441=CARTESIAN_POINT('',(0.0355010967430659,-0.0839975578375367,-0.00133517785772108));
#6442=CARTESIAN_POINT('',(0.0354514436115825,-0.083960613556291,-0.00121861468468516));
#6443=CARTESIAN_POINT('',(0.0353599942246995,-0.0838957067076621,-0.00101311686066489));
#6444=CARTESIAN_POINT('',(0.0352309028054116,-0.0838140354646708,-0.000751728420855272));
#6445=CARTESIAN_POINT('',(0.0350498996875188,-0.0837109395995848,-0.000415399798999175));
#6446=CARTESIAN_POINT('',(0.0348170460945243,-0.0835933739425919,-1.83787575937221E-5));
#6447=CARTESIAN_POINT('',(0.0346378161854986,-0.0835108524134912,0.000270766261499909));
#6448=CARTESIAN_POINT('',(0.0344338621322395,-0.0834229964380396,0.00058825956289127));
#6449=CARTESIAN_POINT('',(0.0342211958345459,-0.0833393088281524,0.000904498649168995));
#6450=CARTESIAN_POINT('',(0.0340141175214246,-0.0832635310921563,0.0012022999199309));
#6451=CARTESIAN_POINT('',(0.0337394143770491,-0.0831725746571241,0.0015806299534652));
#6452=CARTESIAN_POINT('',(0.0334215428578127,-0.083079970309622,0.00199310792356607));
#6453=CARTESIAN_POINT('',(0.0331986168497318,-0.083026757564504,0.00225527575299974));
#6454=CARTESIAN_POINT('',(0.0330612086389513,-0.0829987240297167,0.00240286376734293));
#6455=CARTESIAN_POINT('',(0.005,-0.081764817237854,-0.00470977602526546));
#6456=CARTESIAN_POINT('',(0.035,-0.0865004435181618,-0.00454238802194595));
#6457=CARTESIAN_POINT('',(0.0358471060147339,-0.0866341627683478,-0.00453766150913241));
#6458=CARTESIAN_POINT('',(0.005,-0.0825614086705896,-0.00313985068351031));
#6459=CARTESIAN_POINT('',(0.035,-0.0860203976432482,-0.003023874014616));
#6460=CARTESIAN_POINT('',(0.0358471060147339,-0.0861180686553695,-0.00302059919682303));
#6461=CARTESIAN_POINT('',(0.005,-0.0833572673275344,-0.00157136949899373));
#6462=CARTESIAN_POINT('',(0.035,-0.0855399105859432,-0.00150396442891273));
#6463=CARTESIAN_POINT('',(0.0358471060147339,-0.0856015415936838,-0.0015020611209031));
#6464=CARTESIAN_POINT('',(0.005,-0.0849533833165226,0.00157426179519162));
#6465=CARTESIAN_POINT('',(0.035,-0.084579818430278,0.00153306486952234));
#6466=CARTESIAN_POINT('',(0.0358471060147339,-0.0845692701282103,0.00153190159740491));
#6467=CARTESIAN_POINT('',(0.005,-0.0857536446967177,0.00315141988297301));
#6468=CARTESIAN_POINT('',(0.035,-0.0841002141435941,0.00305018201470376));
#6469=CARTESIAN_POINT('',(0.0358471060147339,-0.0840535264447109,0.0030473233744661));
#6470=CARTESIAN_POINT('',(0.005,-0.0865531712770462,0.00472712982445955));
#6471=CARTESIAN_POINT('',(0.035,-0.0836201682686806,0.00456869602203369));
#6472=CARTESIAN_POINT('',(0.0358471060147339,-0.0835373494523599,0.00456422234780129));
#6473=CARTESIAN_POINT('',(0.0267517658569507,-0.0844265714548904,0.00461225597961284));
#6474=CARTESIAN_POINT('',(0.0271074121644678,-0.0843918010653077,0.00461037776690593));
#6475=CARTESIAN_POINT('',(0.0275867410918529,-0.0843456899964688,0.00459934307405909));
#6476=CARTESIAN_POINT('',(0.0280440981158226,-0.0843040473979457,0.00457302129708589));
#6477=CARTESIAN_POINT('',(0.0282844725400064,-0.0842831590128594,0.00455312786377415));
#6478=CARTESIAN_POINT('',(0.0284810537672274,-0.0842665935014532,0.0045337175902342));
#6479=CARTESIAN_POINT('',(0.0288733363177979,-0.0842358832080422,0.00448184953852059));
#6480=CARTESIAN_POINT('',(0.0294217901401506,-0.084199552981156,0.00437916656755697));
#6481=CARTESIAN_POINT('',(0.0300792340422163,-0.0841670955730553,0.00421072969650223));
#6482=CARTESIAN_POINT('',(0.030938331593072,-0.0841553742761018,0.00388932365056711));
#6483=CARTESIAN_POINT('',(0.0319424198569803,-0.0841914787396856,0.00336830020249818));
#6484=CARTESIAN_POINT('',(0.0325906480032694,-0.0842781813458293,0.00285881187133299));
#6485=CARTESIAN_POINT('',(0.0329701821914273,-0.084364255300182,0.00246806951004843));
#6486=CARTESIAN_POINT('',(0.0267517658569153,-0.0844265714538596,0.00461225599198662));
#6487=CARTESIAN_POINT('',(0.0329701752661664,-0.0843642700667305,0.00246806603625552));
#6488=CARTESIAN_POINT('',(0.02,-0.0850866697728634,0.00464791292324662));
#6489=CARTESIAN_POINT('',(0.005,-0.0865531712770462,0.00472712982445955));
#6490=CARTESIAN_POINT('',(0.005,-0.0841589942574501,8.67689959704876E-6));
#6491=CARTESIAN_POINT('',(0.005,-0.0841545915360608,-1.20786898278463E-18));
#6492=CARTESIAN_POINT('',(0.005,-0.0841589942574501,8.67689959704876E-6));
#6493=CARTESIAN_POINT('',(0.005,-0.081764817237854,-0.00470977602526546));
#6494=CARTESIAN_POINT('',(0.005,-0.081764817237854,-0.00470977602526546));
#6495=CARTESIAN_POINT('',(0.0299984132827713,-0.0857107510291782,-0.00457029487574681));
#6496=CARTESIAN_POINT('',(0.0329701679453518,-0.0843642592043715,0.00246805656744382));
#6497=CARTESIAN_POINT('',(0.0331123263613351,-0.0843964755445584,0.00232179108178304));
#6498=CARTESIAN_POINT('',(0.0333449707907033,-0.0844579657932871,0.00205936342095367));
#6499=CARTESIAN_POINT('',(0.0336790142425873,-0.0845649194296998,0.00164412700082577));
#6500=CARTESIAN_POINT('',(0.0339713977339833,-0.0846708555996528,0.00125894355330306));
#6501=CARTESIAN_POINT('',(0.0341859302767164,-0.0847563188694645,0.000964547070315656));
#6502=CARTESIAN_POINT('',(0.0344099013973502,-0.0848516963606947,0.000647831773450596));
#6503=CARTESIAN_POINT('',(0.0346254646285691,-0.0849516104738016,0.000330109124380361));
#6504=CARTESIAN_POINT('',(0.0348167163130712,-0.0850459257094785,3.91209380640867E-5));
#6505=CARTESIAN_POINT('',(0.0350651175473805,-0.0851793023696857,-0.000357531328310516));
#6506=CARTESIAN_POINT('',(0.0352605348795732,-0.0852963744184801,-0.000693650445723206));
#6507=CARTESIAN_POINT('',(0.0354020151791473,-0.0853897066540432,-0.000956125199624795));
#6508=CARTESIAN_POINT('',(0.0355027597995912,-0.0854631023345517,-0.00115994710638012));
#6509=CARTESIAN_POINT('',(0.0355607974721611,-0.0855075690304527,-0.0012828702541163));
#6510=CARTESIAN_POINT('',(0.0356500313675498,-0.0855826070246491,-0.00148934348810151));
#6511=CARTESIAN_POINT('',(0.03571496479002,-0.0856466393700697,-0.00166528356178326));
#6512=CARTESIAN_POINT('',(0.0357648423788252,-0.0857020805297124,-0.00181793084377134));
#6513=CARTESIAN_POINT('',(0.0358359622373096,-0.0858050226133697,-0.00210395373456012));
#6514=CARTESIAN_POINT('',(0.035861422933011,-0.0859173560193611,-0.00242604054587445));
#6515=CARTESIAN_POINT('',(0.0357910317897264,-0.0860266989329512,-0.00276906540205227));
#6516=CARTESIAN_POINT('',(0.0356408413083534,-0.0861004362236265,-0.00303832315023063));
#6517=CARTESIAN_POINT('',(0.0353993284110521,-0.0861602497433053,-0.00330651977707477));
#6518=CARTESIAN_POINT('',(0.0351178113819357,-0.0861917743229082,-0.00351592876318402));
#6519=CARTESIAN_POINT('',(0.0348601757721635,-0.0862062510949241,-0.00367052489779708));
#6520=CARTESIAN_POINT('',(0.0346093450908008,-0.0862113371112714,-0.00379836648566266));
#6521=CARTESIAN_POINT('',(0.0344697921639517,-0.0862109449883849,-0.00386157719394739));
#6522=CARTESIAN_POINT('',(0.0342339865712371,-0.0862077771456099,-0.00396223996386656));
#6523=CARTESIAN_POINT('',(0.0339349435683885,-0.0861965241549831,-0.00407202588504245));
#6524=CARTESIAN_POINT('',(0.033552342194682,-0.0861733542553954,-0.00419048236517109));
#6525=CARTESIAN_POINT('',(0.0331130306371937,-0.086136494876146,-0.00430010223333342));
#6526=CARTESIAN_POINT('',(0.0327657427010577,-0.0861013792159494,-0.00437065826328367));
#6527=CARTESIAN_POINT('',(0.0323779825436127,-0.0860573700557694,-0.00443550591450455));
#6528=CARTESIAN_POINT('',(0.0320452784967672,-0.0860152278283962,-0.00447767750315439));
#6529=CARTESIAN_POINT('',(0.0317816457861579,-0.0859799142369643,-0.004504644037304));
#6530=CARTESIAN_POINT('',(0.0315515657859896,-0.0859478212518161,-0.00452369422336703));
#6531=CARTESIAN_POINT('',(0.0314293049005693,-0.0859302234288828,-0.00453174163272322));
#6532=CARTESIAN_POINT('',(0.0312053390592804,-0.0858974622502969,-0.00454435927760395));
#6533=CARTESIAN_POINT('',(0.0307847572803091,-0.0858341223175341,-0.00456076955083072));
#6534=CARTESIAN_POINT('',(0.0303342167716949,-0.0857639299956917,-0.00456842122657797));
#6535=CARTESIAN_POINT('',(0.0299983869510313,-0.0857109178448743,-0.00457029502266741));
#6536=CARTESIAN_POINT('',(2.64335035925026E-5,0.,-0.00473752653743914));
#6537=CARTESIAN_POINT('',(0.005,-0.0810657888650894,-0.00470977602526546));
#6538=CARTESIAN_POINT('',(0.0299984396145114,-0.0857105842134823,-0.00457029472882625));
#6539=CARTESIAN_POINT('',(0.0300101139486526,-0.0851775928278623,-0.00457022959071019));
#6540=CARTESIAN_POINT('',(0.0300217882827939,-0.0846446014422424,-0.00457016445259412));
#6541=CARTESIAN_POINT('',(0.0300334626169351,-0.0841116100566225,-0.00457009931447806));
#6542=CARTESIAN_POINT('',(0.005,-0.0865531712770462,0.00472712982445955));
#6543=CARTESIAN_POINT('',(0.0269202873454903,-0.0844100956527608,0.00461136600864577));
#6544=CARTESIAN_POINT('',(0.005,-0.0860871523618697,0.00477373180910946));
#6545=CARTESIAN_POINT('',(0.0269202873454903,-0.0839696179938191,0.00462391703014914));
#6546=CARTESIAN_POINT('',(0.005,-0.0856211334466935,0.00482033379375934));
#6547=CARTESIAN_POINT('',(0.0269202873454903,-0.0835291403348774,0.0046364680516525));
#6548=CARTESIAN_POINT('',(0.005,-0.085155114531517,0.00486693577840924));
#6549=CARTESIAN_POINT('',(0.0269202873454903,-0.0830886626759357,0.00464901907315587));
#6550=CARTESIAN_POINT('',(0.005,-0.0858541429042816,0.0047970328014344));
#6551=CARTESIAN_POINT('',(0.026789550045219,-0.0831009876416444,0.00465031876929504));
#6552=CARTESIAN_POINT('',(0.0267769553729689,-0.0835428048813152,0.00463768987022017));
#6553=CARTESIAN_POINT('',(0.0267643607007188,-0.0839846661464628,0.00462500227748203));
#6554=CARTESIAN_POINT('',(0.0267517660284686,-0.0844265714370874,0.00461225599108062));
#6555=CARTESIAN_POINT('',(0.0267974621294002,-0.0828234480867667,0.00465824439685225));
#6556=CARTESIAN_POINT('',(0.0267821365176941,-0.0833610261789008,0.00464290754225776));
#6557=CARTESIAN_POINT('',(0.0267668130385506,-0.0838986017308453,0.00462748570919651));
#6558=CARTESIAN_POINT('',(0.0267514923889529,-0.0844361746965386,0.00461197897342374));
#6559=CARTESIAN_POINT('',(0.0270870608948747,-0.0828233341025998,0.0046543027464354));
#6560=CARTESIAN_POINT('',(0.0270722626177772,-0.0833609272108757,0.00463949236494811));
#6561=CARTESIAN_POINT('',(0.0270574663332722,-0.0838985179429062,0.00462459978528292));
#6562=CARTESIAN_POINT('',(0.0270426727158336,-0.0844361062537441,0.00460962507862056));
#6563=CARTESIAN_POINT('',(0.0273773288962038,-0.082823212281712,0.00465009009684154));
#6564=CARTESIAN_POINT('',(0.0273630617650395,-0.0833608204518995,0.00463580826655618));
#6565=CARTESIAN_POINT('',(0.0273487964912181,-0.083898426411073,0.00462144705137014));
#6566=CARTESIAN_POINT('',(0.0273345337260354,-0.0844360301154194,0.0046070065180207));
#6567=CARTESIAN_POINT('',(0.0279686523289235,-0.0828223925337421,0.00462174265199371));
#6568=CARTESIAN_POINT('',(0.0279554736899892,-0.083360029306952,0.00460850174891031));
#6569=CARTESIAN_POINT('',(0.0279422966615188,-0.0838976641988255,0.0045951871395355));
#6570=CARTESIAN_POINT('',(0.0279291218465497,-0.0844352971679039,0.00458179888210004));
#6571=CARTESIAN_POINT('',(0.0282696026944482,-0.0828216961558049,0.00459766142722657));
#6572=CARTESIAN_POINT('',(0.0282569811869026,-0.0833593464703313,0.00458493280933115));
#6573=CARTESIAN_POINT('',(0.0282443611780816,-0.0838969950679282,0.00457213334965101));
#6574=CARTESIAN_POINT('',(0.0282317432459532,-0.084434641908357,0.00455926310235368));
#6575=CARTESIAN_POINT('',(0.0288813472175954,-0.0828193846376848,0.00451772755175136));
#6576=CARTESIAN_POINT('',(0.0288698637323089,-0.0833570591698884,0.00450598250621247));
#6577=CARTESIAN_POINT('',(0.0288583815491583,-0.0838947323070817,0.00449417231915672));
#6578=CARTESIAN_POINT('',(0.0288469011944473,-0.0844324040115487,0.00448229703709313));
#6579=CARTESIAN_POINT('',(0.029192036309352,-0.0828177710466467,0.00446192847153012));
#6580=CARTESIAN_POINT('',(0.0291811335000277,-0.0833554562554166,0.00445065462234773));
#6581=CARTESIAN_POINT('',(0.0291702319078803,-0.0838931402266495,0.00443931846658427));
#6582=CARTESIAN_POINT('',(0.0291593320326289,-0.0844308229239311,0.00442792004715337));
#6583=CARTESIAN_POINT('',(0.02981528415839,-0.0828134506503384,0.00431252621631255));
#6584=CARTESIAN_POINT('',(0.0298055498780585,-0.0833511532647386,0.00430212735356544));
#6585=CARTESIAN_POINT('',(0.0297958166677412,-0.0838888549420418,0.00429167170409704));
#6586=CARTESIAN_POINT('',(0.0297860849734508,-0.0844265556484829,0.00428115930415779));
#6587=CARTESIAN_POINT('',(0.0301277378498056,-0.082810745394213,0.00421897661180305));
#6588=CARTESIAN_POINT('',(0.0301185912075963,-0.0833484547378828,0.00420898144832267));
#6589=CARTESIAN_POINT('',(0.0301094455730882,-0.0838861632873833,0.0041989321822196));
#6590=CARTESIAN_POINT('',(0.0301003013651821,-0.0844238710102962,0.00418882884667642));
#6591=CARTESIAN_POINT('',(0.0307426622589551,-0.0828041889454635,0.00399225013601645));
#6592=CARTESIAN_POINT('',(0.0307346737933624,-0.0833419069730649,0.00398296969545423));
#6593=CARTESIAN_POINT('',(0.0307266862253471,-0.0838796244699031,0.00397364023348391));
#6594=CARTESIAN_POINT('',(0.0307186999203401,-0.0844173414062426,0.00396426177771503));
#6595=CARTESIAN_POINT('',(0.0310450279108231,-0.0828003393019842,0.00385912683522618));
#6596=CARTESIAN_POINT('',(0.0310376097688166,-0.0833380592844532,0.00385015732750335));
#6597=CARTESIAN_POINT('',(0.0310301924764671,-0.0838757788565984,0.00384114119466302));
#6598=CARTESIAN_POINT('',(0.0310227763728578,-0.0844134979900197,0.00383207846180945));
#6599=CARTESIAN_POINT('',(0.0316271970650124,-0.0827915166116344,0.00355403217712228));
#6600=CARTESIAN_POINT('',(0.0316208769468205,-0.0833292351514012,0.00354557045340743));
#6601=CARTESIAN_POINT('',(0.0316145575878595,-0.083866953492169,0.00353706648226005));
#6602=CARTESIAN_POINT('',(0.0316082392765601,-0.0844046716081389,0.0035285202843496));
#6603=CARTESIAN_POINT('',(0.0319068955014678,-0.0827865451139088,0.00338211439029548));
#6604=CARTESIAN_POINT('',(0.0319011028685962,-0.0833242602563112,0.00337384942693718));
#6605=CARTESIAN_POINT('',(0.03189531095234,-0.0838619752905612,0.00336554419671532));
#6606=CARTESIAN_POINT('',(0.0318895200168357,-0.0843996901921251,0.00335719871836977));
#6607=CARTESIAN_POINT('',(0.0324335764882839,-0.0827755300292028,0.00300120523799448));
#6608=CARTESIAN_POINT('',(0.0324287758791803,-0.0833132326897178,0.00299320489526649));
#6609=CARTESIAN_POINT('',(0.0324239759002392,-0.0838509353891239,0.00298516773782179));
#6610=CARTESIAN_POINT('',(0.0324191767700295,-0.0843886381053014,0.00297709378111085));
#6611=CARTESIAN_POINT('',(0.0326804539727786,-0.0827694879913672,0.00279226744300711));
#6612=CARTESIAN_POINT('',(0.0326761176872146,-0.0833071815675647,0.00278433486974084));
#6613=CARTESIAN_POINT('',(0.0326717819878659,-0.0838448752388114,0.00277636695251034));
#6614=CARTESIAN_POINT('',(0.0326674470720387,-0.0843825689841355,0.00276836370540619));
#6615=CARTESIAN_POINT('',(0.0329709241955363,-0.0827611374562741,0.00250350023618711));
#6616=CARTESIAN_POINT('',(0.0329671332775652,-0.0832988157896079,0.00249556838354529));
#6617=CARTESIAN_POINT('',(0.0329633428885263,-0.0838364942661945,0.00248760271227052));
#6618=CARTESIAN_POINT('',(0.0329595532008178,-0.0843741728664372,0.00247960323507121));
#6619=CARTESIAN_POINT('',(0.0330318040892051,-0.0827593087664553,0.00244026289328281));
#6620=CARTESIAN_POINT('',(0.0330281274206431,-0.083296983617167,0.00243232619891053));
#6621=CARTESIAN_POINT('',(0.0330244512686834,-0.0838346586201063,0.00242435599266799));
#6622=CARTESIAN_POINT('',(0.03302077580051,-0.084372333755966,0.00241635228698769));
#6623=CARTESIAN_POINT('',(0.0330913175845327,-0.0827574416883985,0.0023756980588889));
#6624=CARTESIAN_POINT('',(0.0330877525528725,-0.0832951128435091,0.00236775158431077));
#6625=CARTESIAN_POINT('',(0.0330841880254688,-0.0838327841584813,0.00235977188471398));
#6626=CARTESIAN_POINT('',(0.0330806241644136,-0.0843704556142927,0.00235175897227519));
#6627=CARTESIAN_POINT('',(0.032970164707388,-0.0843642696443142,0.00246805976127888));
#6628=CARTESIAN_POINT('',(0.0330017814035723,-0.0839039271208045,0.00244583912209803));
#6629=CARTESIAN_POINT('',(0.0330321025811965,-0.0834487448097978,0.00242408306265523));
#6630=CARTESIAN_POINT('',(0.0330611972421616,-0.0829987240919217,0.00240285324456686));
#6631=CARTESIAN_POINT('',(0.0330624505324334,-0.0829795079340977,0.00240195758952899));
#6632=CARTESIAN_POINT('',(0.0329926564184499,-0.0840598781723523,0.00245289821337453));
#6633=CARTESIAN_POINT('',(0.0329176906449336,-0.0851404705600398,0.00250547102912077));
#6634=CARTESIAN_POINT('',(0.0328375403256835,-0.0862207854739572,0.00255864090295212));
#6635=CARTESIAN_POINT('',(0.0332268002755679,-0.0829828468019134,0.00222599021544912));
#6636=CARTESIAN_POINT('',(0.0331617453288994,-0.0840634358044882,0.00227780151707868));
#6637=CARTESIAN_POINT('',(0.0330919025207712,-0.0851442882978666,0.00233134379883294));
#6638=CARTESIAN_POINT('',(0.0330175973247662,-0.0862248924293591,0.00238532379194065));
#6639=CARTESIAN_POINT('',(0.033394581288661,-0.0829862530087138,0.00202555800784573));
#6640=CARTESIAN_POINT('',(0.0333351412264746,-0.0840670810361079,0.00207724899665348));
#6641=CARTESIAN_POINT('',(0.0332714272495287,-0.0851482191269058,0.00213069665268918));
#6642=CARTESIAN_POINT('',(0.0332040609981243,-0.0862291427907038,0.00218443255389613));
#6643=CARTESIAN_POINT('',(0.0337332155014728,-0.0829931244924128,0.00159206462089013));
#6644=CARTESIAN_POINT('',(0.03368634803058,-0.0840744600210549,0.00164194400877026));
#6645=CARTESIAN_POINT('',(0.0336364407450193,-0.0851562066306482,0.00169351680099677));
#6646=CARTESIAN_POINT('',(0.0335846291955182,-0.0862378139559544,0.00174511188436666));
#6647=CARTESIAN_POINT('',(0.0339040144908736,-0.0829965886649681,0.00135903496043329));
#6648=CARTESIAN_POINT('',(0.0338641024672638,-0.0840781925839456,0.00140722657856157));
#6649=CARTESIAN_POINT('',(0.0338218704081469,-0.0851602620083931,0.00145702297835849));
#6650=CARTESIAN_POINT('',(0.0337786716449755,-0.0862422333417925,0.00150672519881688));
#6651=CARTESIAN_POINT('',(0.0342402189097535,-0.0830034049004421,0.00087649514594715));
#6652=CARTESIAN_POINT('',(0.0342149958197365,-0.08408555732283,0.000920331354165479));
#6653=CARTESIAN_POINT('',(0.0341890193189825,-0.0851682878554595,0.000965528681700474));
#6654=CARTESIAN_POINT('',(0.03416400888992,-0.0862510066235163,0.0010104409764285));
#6655=CARTESIAN_POINT('',(0.0344055701289147,-0.0830067558590176,0.00062701651081323));
#6656=CARTESIAN_POINT('',(0.0343880782656789,-0.0840891883083872,0.000668188597227401));
#6657=CARTESIAN_POINT('',(0.0343706794630849,-0.0851722570278226,0.000710567090591119));
#6658=CARTESIAN_POINT('',(0.0343552416108288,-0.0862553591013343,0.000752586185525057));
#6659=CARTESIAN_POINT('',(0.0347194725976868,-0.083013114253915,0.00012656640337533));
#6660=CARTESIAN_POINT('',(0.0347175725773503,-0.0840960968466256,0.000162088992276412));
#6661=CARTESIAN_POINT('',(0.0347174934123204,-0.0851798307953835,0.000198496547598672));
#6662=CARTESIAN_POINT('',(0.0347213412737637,-0.0862636884494792,0.000234442506181183));
#6663=CARTESIAN_POINT('',(0.0348679696369798,-0.0830161205858938,-0.000124373550033272));
#6664=CARTESIAN_POINT('',(0.0348739279732329,-0.0840993732088702,-9.18328184871724E-5));
#6665=CARTESIAN_POINT('',(0.034882588113848,-0.0851834340936227,-5.85735213740375E-5));
#6666=CARTESIAN_POINT('',(0.0348961461412113,-0.0862676639017385,-2.58036363240763E-5));
#6667=CARTESIAN_POINT('',(0.0351354429828438,-0.0830215312123929,-0.000614865026253473));
#6668=CARTESIAN_POINT('',(0.035156582691389,-0.0841052910302259,-0.000587988685815282));
#6669=CARTESIAN_POINT('',(0.0351821268923958,-0.0851899664382943,-0.000560687834212652));
#6670=CARTESIAN_POINT('',(0.0352144045893996,-0.0862748974382311,-0.000533886231574809));
#6671=CARTESIAN_POINT('',(0.0352543650790968,-0.0830239344025701,-0.000854385030169694));
#6672=CARTESIAN_POINT('',(0.0352828255438162,-0.0841079312989004,-0.000830187705130482));
#6673=CARTESIAN_POINT('',(0.0353165118658106,-0.0851928941877681,-0.000805693195168175));
#6674=CARTESIAN_POINT('',(0.0353577960955617,-0.0862781541043967,-0.000781679938385105));
#6675=CARTESIAN_POINT('',(0.0354502797317044,-0.0830278862579683,-0.00131220729513479));
#6676=CARTESIAN_POINT('',(0.0354922333429812,-0.0841123027516761,-0.0012925916893977));
#6677=CARTESIAN_POINT('',(0.0355409116487722,-0.0851977746631233,-0.00127285749813051));
#6678=CARTESIAN_POINT('',(0.035598737167796,-0.0862836192071993,-0.00125352921945951));
#6679=CARTESIAN_POINT('',(0.0355272180777411,-0.0830294338188461,-0.00153047803728828));
#6680=CARTESIAN_POINT('',(0.0355753418198727,-0.0841140327453409,-0.00151276161710039));
#6681=CARTESIAN_POINT('',(0.0356308673547135,-0.0851997260920461,-0.00149497755722694));
#6682=CARTESIAN_POINT('',(0.0356962246592896,-0.0862858262257687,-0.00147754204778844));
#6683=CARTESIAN_POINT('',(0.0356286946882729,-0.083031461086149,-0.00193996998881566));
#6684=CARTESIAN_POINT('',(0.0356875167925928,-0.084116352468572,-0.00192504778056802));
#6685=CARTESIAN_POINT('',(0.0357548869177107,-0.0852024009661249,-0.00191006974197929));
#6686=CARTESIAN_POINT('',(0.035833224140598,-0.0862889146129373,-0.00189529885167941));
#6687=CARTESIAN_POINT('',(0.0356531787424502,-0.0830319396882309,-0.00213115967929416));
#6688=CARTESIAN_POINT('',(0.0357165268185751,-0.0841169410077018,-0.00211712897908364));
#6689=CARTESIAN_POINT('',(0.0357888916711611,-0.0852031231143225,-0.00210300298472482));
#6690=CARTESIAN_POINT('',(0.0358726740558343,-0.0862897945634689,-0.00208900008130626));
#6691=CARTESIAN_POINT('',(0.0356428408026925,-0.0830316879967418,-0.00248560082677874));
#6692=CARTESIAN_POINT('',(0.0357132926662022,-0.0841168253573485,-0.00247247582667186));
#6693=CARTESIAN_POINT('',(0.0357934586066679,-0.0852031731871431,-0.00245910558894511));
#6694=CARTESIAN_POINT('',(0.0358856841521866,-0.0862900473772099,-0.00244568306819339));
#6695=CARTESIAN_POINT('',(0.0356079645984395,-0.0830309565988275,-0.00264882076488945));
#6696=CARTESIAN_POINT('',(0.0356809920180006,-0.0841161199774289,-0.00263570643849515));
#6697=CARTESIAN_POINT('',(0.0357639616851188,-0.0852024998148076,-0.00262223606750948));
#6698=CARTESIAN_POINT('',(0.0358591822587242,-0.0862894188223516,-0.00260862207951848));
#6699=CARTESIAN_POINT('',(0.0354771910598606,-0.0830282492847361,-0.00295232236302645));
#6700=CARTESIAN_POINT('',(0.035553370241476,-0.0841133784525694,-0.00293893915274259));
#6701=CARTESIAN_POINT('',(0.0356397186187928,-0.0851997182358768,-0.00292496924951022));
#6702=CARTESIAN_POINT('',(0.0357384560717378,-0.0862866117130791,-0.0029106924888787));
#6703=CARTESIAN_POINT('',(0.0353813625238648,-0.0830262747147601,-0.00309312922371655));
#6704=CARTESIAN_POINT('',(0.0354581270031796,-0.0841113438839664,-0.00307950970154958));
#6705=CARTESIAN_POINT('',(0.0355450617434139,-0.085197611912334,-0.00306518789144607));
#6706=CARTESIAN_POINT('',(0.035644334594042,-0.0862844354315461,-0.00305048855198548));
#6707=CARTESIAN_POINT('',(0.0351327041517296,-0.0830211625047563,-0.00335801383410061));
#6708=CARTESIAN_POINT('',(0.035208802334149,-0.0841060316450261,-0.00334431520417246));
#6709=CARTESIAN_POINT('',(0.0352948824983995,-0.0851920600241191,-0.00332974283924334));
#6710=CARTESIAN_POINT('',(0.0353929936232063,-0.0862786378409352,-0.00331469270841291));
#6711=CARTESIAN_POINT('',(0.0349799186414206,-0.0830180257786371,-0.00348202152113239));
#6712=CARTESIAN_POINT('',(0.0350547658464446,-0.0841027549350681,-0.00346847558451036));
#6713=CARTESIAN_POINT('',(0.035139405646491,-0.0851886154731891,-0.00345399959934451));
#6714=CARTESIAN_POINT('',(0.0352358201560014,-0.0862750175981803,-0.00343901608097421));
#6715=CARTESIAN_POINT('',(0.0346250348510528,-0.0830107463775611,-0.00371343873282191));
#6716=CARTESIAN_POINT('',(0.034695755141842,-0.0840951255818426,-0.00370074680233373));
#6717=CARTESIAN_POINT('',(0.0347757288249841,-0.0851805665184642,-0.00368708650006257));
#6718=CARTESIAN_POINT('',(0.0348667888731875,-0.0862665249513951,-0.00367290064561123));
#6719=CARTESIAN_POINT('',(0.0344229808968244,-0.0830066046165129,-0.00382077819481747));
#6720=CARTESIAN_POINT('',(0.0344908258679735,-0.0840907738989543,-0.00380878306634121));
#6721=CARTESIAN_POINT('',(0.0345675743731126,-0.0851759631284113,-0.00379583709491923));
#6722=CARTESIAN_POINT('',(0.0346549770835134,-0.0862616536136878,-0.0037823771169276));
#6723=CARTESIAN_POINT('',(0.0339796366195658,-0.0829975213871225,-0.0040162040931079));
#6724=CARTESIAN_POINT('',(0.0340403658329463,-0.084081213693968,-0.00400600848543416));
#6725=CARTESIAN_POINT('',(0.0341091653473709,-0.0851658310051982,-0.00399495500060177));
#6726=CARTESIAN_POINT('',(0.0341876049069593,-0.0862509099609549,-0.00398344020861481));
#6727=CARTESIAN_POINT('',(0.033738390622366,-0.0829925808326891,-0.00410422046674058));
#6728=CARTESIAN_POINT('',(0.0337948800148174,-0.0840760061322493,-0.00409512306704165));
#6729=CARTESIAN_POINT('',(0.0338589562912278,-0.0851603032857801,-0.00408524276566742));
#6730=CARTESIAN_POINT('',(0.0339320905460143,-0.0862450387122521,-0.00407494210822631));
#6731=CARTESIAN_POINT('',(0.0332277967557573,-0.0829821279611451,-0.00425766139289523));
#6732=CARTESIAN_POINT('',(0.0332747306209401,-0.0840649763779987,-0.00425086114139619));
#6733=CARTESIAN_POINT('',(0.0333281761399477,-0.0851485817228258,-0.004243452338892));
#6734=CARTESIAN_POINT('',(0.033389390284225,-0.0862325727494851,-0.00423571654906425));
#6735=CARTESIAN_POINT('',(0.0329584932121788,-0.082976616557943,-0.00432301588275502));
#6736=CARTESIAN_POINT('',(0.0330001119882213,-0.0840591551458462,-0.00431741006066527));
#6737=CARTESIAN_POINT('',(0.0330476505625378,-0.0851423888930317,-0.00431129460129069));
#6738=CARTESIAN_POINT('',(0.0331022504093157,-0.0862259791017438,-0.00430490436953134));
#6739=CARTESIAN_POINT('',(0.0324026470701399,-0.0829652442192928,-0.00442921219373596));
#6740=CARTESIAN_POINT('',(0.032432859891708,-0.0840471345620426,-0.00442576362087522));
#6741=CARTESIAN_POINT('',(0.0324677250072299,-0.0851295906252856,-0.00442199086078318));
#6742=CARTESIAN_POINT('',(0.032508136704963,-0.0862123401911685,-0.00441804093044218));
#6743=CARTESIAN_POINT('',(0.0321161487975099,-0.0829593841977532,-0.00446998395219494));
#6744=CARTESIAN_POINT('',(0.0321402713709432,-0.084040936170771,-0.00446749368833811));
#6745=CARTESIAN_POINT('',(0.0321683705470591,-0.0851229862010755,-0.00446476531211674));
#6746=CARTESIAN_POINT('',(0.0322012089014546,-0.0862052959946576,-0.00446190495012656));
#6747=CARTESIAN_POINT('',(0.0315351745605205,-0.0829475037214163,-0.00452861378039388));
#6748=CARTESIAN_POINT('',(0.0315466333308613,-0.0840283632715839,-0.00452758435027795));
#6749=CARTESIAN_POINT('',(0.0315606588884249,-0.0851095821451665,-0.00452645037836578));
#6750=CARTESIAN_POINT('',(0.0315777366752768,-0.0861909901854373,-0.00452525559641576));
#6751=CARTESIAN_POINT('',(0.0312407429219915,-0.0829414841805276,-0.00454640178747165));
#6752=CARTESIAN_POINT('',(0.0312456287545741,-0.0840219897240478,-0.00454587037127693));
#6753=CARTESIAN_POINT('',(0.0312523472076886,-0.0851027835272095,-0.00454528144752101));
#6754=CARTESIAN_POINT('',(0.0312612382785424,-0.0861837296390508,-0.00454465750226122));
#6755=CARTESIAN_POINT('',(0.0306502320872718,-0.0829294132157801,-0.00456628480044072));
#6756=CARTESIAN_POINT('',(0.0306417550510577,-0.0840092051953473,-0.00456631294478071));
#6757=CARTESIAN_POINT('',(0.0306336112619963,-0.0850891419569234,-0.00456633728839243));
#6758=CARTESIAN_POINT('',(0.0306258411732445,-0.0861691556879104,-0.00456635863917929));
#6759=CARTESIAN_POINT('',(0.0303541972169114,-0.0829233627058298,-0.00456830974366984));
#6760=CARTESIAN_POINT('',(0.0303389308668583,-0.0840027951745623,-0.00456839492380754));
#6761=CARTESIAN_POINT('',(0.0303232325147674,-0.0850823000183362,-0.00456848251434836));
#6762=CARTESIAN_POINT('',(0.0303069884906158,-0.0861618433494794,-0.00456857314949253));
#6763=CARTESIAN_POINT('',(0.0300583731327568,-0.0829173165465593,-0.0045699603237612));
#6764=CARTESIAN_POINT('',(0.0300363197930895,-0.0839963897128625,-0.00457008337257764));
#6765=CARTESIAN_POINT('',(0.030013069032498,-0.0850754628792146,-0.004570213102524));
#6766=CARTESIAN_POINT('',(0.0299883529026923,-0.0861545360454053,-0.0045703510086446));
#6767=CARTESIAN_POINT('',(0.0004,-0.0827609375119209,7.85798765718937E-5));
#6768=CARTESIAN_POINT('',(0.0004,-0.085155114531517,0.00486693577840924));
#6769=CARTESIAN_POINT('',(0.00114583425016012,-0.085155114531517,0.00486693577840924));
#6770=CARTESIAN_POINT('',(0.,-0.0827216475889186,3.06161699786838E-19));
#6771=CARTESIAN_POINT('',(0.0004,-0.0827609375119209,7.85798765718937E-5));
#6772=CARTESIAN_POINT('',(0.0004,-0.0803667604923248,-0.00470977602526546));
#6773=CARTESIAN_POINT('',(0.0016786928819277,-0.0803667604923248,-0.00470977602526546));
#6774=CARTESIAN_POINT('',(0.,-0.0827216475889186,3.06161699786838E-19));
#6775=CARTESIAN_POINT('',(0.0004,-0.0841589942574501,8.67689959704876E-6));
#6776=CARTESIAN_POINT('',(0.0004,-0.081764817237854,-0.00470977602526546));
#6777=CARTESIAN_POINT('',(0.0016786928819277,-0.081764817237854,-0.00470977602526546));
#6778=CARTESIAN_POINT('',(0.,-0.0841545915360608,3.06161699786838E-19));
#6779=CARTESIAN_POINT('',(0.0004,-0.0841589942574501,8.67689959704876E-6));
#6780=CARTESIAN_POINT('',(0.0004,-0.0865531712770462,0.00472712982445955));
#6781=CARTESIAN_POINT('',(0.00162918495656724,-0.0865531712770462,0.00472712982445955));
#6782=CARTESIAN_POINT('',(0.,-0.0841545915360608,3.06161699786838E-19));
#6783=CARTESIAN_POINT('',(0.0004,-0.0858541429042816,0.0047970328014344));
#6784=CARTESIAN_POINT('',(0.,-0.133824375051788,3.06161699786838E-19));
#6785=CARTESIAN_POINT('',(0.0004,-0.0810657888650894,-0.00470977602526546));
#6786=CARTESIAN_POINT('',(0.0016786928819277,-0.087,-0.00470977602526546));
#6787=CARTESIAN_POINT('',(0.,-0.037,0.0395833333954215));
#6788=CARTESIAN_POINT('',(-0.02,-0.037,0.0395833333954215));
#6789=CARTESIAN_POINT('',(-0.02,-0.067,0.00958333339542151));
#6790=CARTESIAN_POINT('',(-0.02,-0.037,0.0395833333954215));
#6791=CARTESIAN_POINT('',(-3.46944695195361E-18,-0.067,0.00958333339542151));
#6792=CARTESIAN_POINT('',(0.02,-0.067,0.00958333339542151));
#6793=CARTESIAN_POINT('',(0.02,-0.0645,0.0120833333954215));
#6794=CARTESIAN_POINT('',(0.02,-0.037,0.0395833333954215));
#6795=CARTESIAN_POINT('',(0.,-0.037,0.0395833333954215));
#6796=CARTESIAN_POINT('',(-0.0167377423495054,-0.0538511072173715,0.02273222617805));
#6797=CARTESIAN_POINT('',(-0.0167377423495054,-0.0435947292372585,0.032988604158163));
#6798=CARTESIAN_POINT('',(-0.0167377423495054,-0.0641074851974845,0.012475848197937));
#6799=CARTESIAN_POINT('',(0.,-0.0435947292372585,0.032988604158163));
#6800=CARTESIAN_POINT('',(0.0167377423495054,-0.0435947292372585,0.032988604158163));
#6801=CARTESIAN_POINT('',(0.0167377423495054,-0.0538511072173715,0.02273222617805));
#6802=CARTESIAN_POINT('',(0.0167377423495054,-0.0641074851974845,0.012475848197937));
#6803=CARTESIAN_POINT('',(0.,-0.0641074851974845,0.012475848197937));
#6804=CARTESIAN_POINT('',(0.,-0.087,3.06161699786838E-19));
#6805=CARTESIAN_POINT('',(0.,-0.087,3.06161699786838E-19));
#6806=CARTESIAN_POINT('',(0.,-0.087,-0.005));
#6807=CARTESIAN_POINT('',(0.,-0.077,3.06161699786838E-19));
#6808=CARTESIAN_POINT('',(0.,-0.077,-0.005));
#6809=CARTESIAN_POINT('',(0.,-0.0827216475889186,3.06161699786838E-19));
#6810=CARTESIAN_POINT('',(-0.00114583425016012,-0.085155114531517,0.00486693577840924));
#6811=CARTESIAN_POINT('',(-0.005,-0.0827216475889186,8.13151629364128E-19));
#6812=CARTESIAN_POINT('',(0.,-0.133824375051788,3.06161699786838E-19));
#6813=CARTESIAN_POINT('',(-0.00162918495656724,-0.0865531712770462,0.00472712982445955));
#6814=CARTESIAN_POINT('',(0.,-0.0841545915360608,3.06161699786838E-19));
#6815=CARTESIAN_POINT('',(-0.005,-0.0841545915360608,-1.20786898278463E-18));
#6816=CARTESIAN_POINT('',(0.,-0.0841545915360608,3.06161699786838E-19));
#6817=CARTESIAN_POINT('',(-0.0016786928819277,-0.081764817237854,-0.00470977602526546));
#6818=CARTESIAN_POINT('',(-0.0016786928819277,-0.087,-0.00470977602526546));
#6819=CARTESIAN_POINT('',(-0.0016786928819277,-0.0803667604923248,-0.00470977602526546));
#6820=CARTESIAN_POINT('',(0.,-0.0827216475889186,3.06161699786838E-19));
#6821=CARTESIAN_POINT('',(0.25,0.0704565942287445,0.0391213552446529));
#6822=CARTESIAN_POINT('',(-0.25,0.0704565942287445,0.0391213552446529));
#6823=CARTESIAN_POINT('',(0.25,0.0701307792118413,0.0391985865353295));
#6824=CARTESIAN_POINT('',(-0.25,0.0701307792118413,0.0391985865353295));
#6825=CARTESIAN_POINT('',(0.25,0.0694791681656949,0.0393530446158419));
#6826=CARTESIAN_POINT('',(-0.25,0.0694791681656949,0.0393530446158419));
#6827=CARTESIAN_POINT('',(0.25,0.0685121144423096,0.0395818637845497));
#6828=CARTESIAN_POINT('',(-0.25,0.0685121144423096,0.0395818637845497));
#6829=CARTESIAN_POINT('',(0.25,0.0675035966068451,0.0398191138685062));
#6830=CARTESIAN_POINT('',(-0.25,0.0675035966068451,0.0398191138685062));
#6831=CARTESIAN_POINT('',(0.25,0.0665328158531766,0.0400465386826658));
#6832=CARTESIAN_POINT('',(-0.25,0.0665328158531766,0.0400465386826658));
#6833=CARTESIAN_POINT('',(0.25,0.0645510897012081,0.0405036051149488));
#6834=CARTESIAN_POINT('',(-0.25,0.0645510897012081,0.0405036051149488));
#6835=CARTESIAN_POINT('',(0.25,0.0626651742126741,0.0409263668234698));
#6836=CARTESIAN_POINT('',(-0.25,0.0626651742126741,0.0409263668234698));
#6837=CARTESIAN_POINT('',(0.25,0.0606961298893682,0.0413584508005319));
#6838=CARTESIAN_POINT('',(-0.25,0.0606961298893682,0.0413584508005319));
#6839=CARTESIAN_POINT('',(0.25,0.0587493763034318,0.0417756453959051));
#6840=CARTESIAN_POINT('',(-0.25,0.0587493763034318,0.0417756453959051));
#6841=CARTESIAN_POINT('',(0.25,0.0567966722655155,0.0421843377200095));
#6842=CARTESIAN_POINT('',(-0.25,0.0567966722655155,0.0421843377200095));
#6843=CARTESIAN_POINT('',(0.25,0.0548455608576153,0.0425823724531023));
#6844=CARTESIAN_POINT('',(-0.25,0.0548455608576153,0.0425823724531023));
#6845=CARTESIAN_POINT('',(0.25,0.0528940195841744,0.0429698963988942));
#6846=CARTESIAN_POINT('',(-0.25,0.0528940195841744,0.0429698963988942));
#6847=CARTESIAN_POINT('',(0.25,0.0509425907855338,0.043346487735356));
#6848=CARTESIAN_POINT('',(-0.25,0.0509425907855338,0.043346487735356));
#6849=CARTESIAN_POINT('',(0.25,0.0489911235372602,0.0437118726584192));
#6850=CARTESIAN_POINT('',(-0.25,0.0489911235372602,0.0437118726584192));
#6851=CARTESIAN_POINT('',(0.25,0.0470396636588897,0.0440659313834966));
#6852=CARTESIAN_POINT('',(-0.25,0.0470396636588897,0.0440659313834966));
#6853=CARTESIAN_POINT('',(0.25,0.0450882005719075,0.0444085340903742));
#6854=CARTESIAN_POINT('',(-0.25,0.0450882005719075,0.0444085340903742));
#6855=CARTESIAN_POINT('',(0.25,0.043136735847156,0.0447395576746661));
#6856=CARTESIAN_POINT('',(-0.25,0.043136735847156,0.0447395576746661));
#6857=CARTESIAN_POINT('',(0.25,0.0411852735066143,0.0450589217338208));
#6858=CARTESIAN_POINT('',(-0.25,0.0411852735066143,0.0450589217338208));
#6859=CARTESIAN_POINT('',(0.25,0.039233841275199,0.0453665951752218));
#6860=CARTESIAN_POINT('',(-0.25,0.039233841275199,0.0453665951752218));
#6861=CARTESIAN_POINT('',(0.25,0.0372824095088497,0.0456614830095443));
#6862=CARTESIAN_POINT('',(-0.25,0.0372824095088497,0.0456614830095443));
#6863=CARTESIAN_POINT('',(0.25,0.0353309721432424,0.0459424521592846));
#6864=CARTESIAN_POINT('',(-0.25,0.0353309721432424,0.0459424521592846));
#6865=CARTESIAN_POINT('',(0.25,0.0333795263973021,0.0462083476336283));
#6866=CARTESIAN_POINT('',(-0.25,0.0333795263973021,0.0462083476336283));
#6867=CARTESIAN_POINT('',(0.25,0.031428074746173,0.0464581327755163));
#6868=CARTESIAN_POINT('',(-0.25,0.031428074746173,0.0464581327755163));
#6869=CARTESIAN_POINT('',(0.25,0.0294765918016405,0.0466905536034044));
#6870=CARTESIAN_POINT('',(-0.25,0.0294765918016405,0.0466905536034044));
#6871=CARTESIAN_POINT('',(0.25,0.0275251041476535,0.0469055215945061));
#6872=CARTESIAN_POINT('',(-0.25,0.0275251041476535,0.0469055215945061));
#6873=CARTESIAN_POINT('',(0.25,0.0255736138258716,0.0471029337760189));
#6874=CARTESIAN_POINT('',(-0.25,0.0255736138258716,0.0471029337760189));
#6875=CARTESIAN_POINT('',(0.25,0.0236221249231905,0.0472828168884586));
#6876=CARTESIAN_POINT('',(-0.25,0.0236221249231905,0.0472828168884586));
#6877=CARTESIAN_POINT('',(0.25,0.0216706360595143,0.0474450479718753));
#6878=CARTESIAN_POINT('',(-0.25,0.0216706360595143,0.0474450479718753));
#6879=CARTESIAN_POINT('',(0.25,0.0197191639357268,0.0475896812024264));
#6880=CARTESIAN_POINT('',(-0.25,0.0197191639357268,0.0475896812024264));
#6881=CARTESIAN_POINT('',(0.25,0.0177676879831278,0.0477153913232956));
#6882=CARTESIAN_POINT('',(-0.25,0.0177676879831278,0.0477153913232956));
#6883=CARTESIAN_POINT('',(0.25,0.0158161985520921,0.0478205238882911));
#6884=CARTESIAN_POINT('',(-0.25,0.0158161985520921,0.0478205238882911));
#6885=CARTESIAN_POINT('',(0.25,0.0138646962531293,0.0479035401215955));
#6886=CARTESIAN_POINT('',(-0.25,0.0138646962531293,0.0479035401215955));
#6887=CARTESIAN_POINT('',(0.25,0.0119131784255127,0.0479629386127942));
#6888=CARTESIAN_POINT('',(-0.25,0.0119131784255127,0.0479629386127942));
#6889=CARTESIAN_POINT('',(0.25,0.00996164308593184,0.0479968350873591));
#6890=CARTESIAN_POINT('',(-0.25,0.00996164308593184,0.0479968350873591));
#6891=CARTESIAN_POINT('',(0.25,0.00801012115676304,0.0480067696457032));
#6892=CARTESIAN_POINT('',(-0.25,0.00801012115676304,0.0480067696457032));
#6893=CARTESIAN_POINT('',(0.25,0.00605861642138453,0.0479948446746094));
#6894=CARTESIAN_POINT('',(-0.25,0.00605861642138453,0.0479948446746094));
#6895=CARTESIAN_POINT('',(0.25,0.00410712570165265,0.0479631153816325));
#6896=CARTESIAN_POINT('',(-0.25,0.00410712570165265,0.0479631153816325));
#6897=CARTESIAN_POINT('',(0.25,0.00215564730759797,0.0479133222947876));
#6898=CARTESIAN_POINT('',(-0.25,0.00215564730759797,0.0479133222947876));
#6899=CARTESIAN_POINT('',(0.25,0.000204088889380251,0.0478483911317757));
#6900=CARTESIAN_POINT('',(-0.25,0.000204088889380251,0.0478483911317757));
#6901=CARTESIAN_POINT('',(0.25,-0.00174757373297018,0.0477604805409955));
#6902=CARTESIAN_POINT('',(-0.25,-0.00174757373297018,0.0477604805409955));
#6903=CARTESIAN_POINT('',(0.25,-0.00369935448227504,0.0476397674064061));
#6904=CARTESIAN_POINT('',(-0.25,-0.00369935448227504,0.0476397674064061));
#6905=CARTESIAN_POINT('',(0.25,-0.00565129763234435,0.0474766603854942));
#6906=CARTESIAN_POINT('',(-0.25,-0.00565129763234435,0.0474766603854942));
#6907=CARTESIAN_POINT('',(0.25,-0.00760340043986159,0.0472614746119464));
#6908=CARTESIAN_POINT('',(-0.25,-0.00760340043986159,0.0472614746119464));
#6909=CARTESIAN_POINT('',(0.25,-0.00955546511979578,0.0469831446662456));
#6910=CARTESIAN_POINT('',(-0.25,-0.00955546511979578,0.0469831446662456));
#6911=CARTESIAN_POINT('',(0.25,-0.0115069892060767,0.0466414091700793));
#6912=CARTESIAN_POINT('',(-0.25,-0.0115069892060767,0.0466414091700793));
#6913=CARTESIAN_POINT('',(0.25,-0.013460301372075,0.0462378324221957));
#6914=CARTESIAN_POINT('',(-0.25,-0.013460301372075,0.0462378324221957));
#6915=CARTESIAN_POINT('',(0.25,-0.0154085169321912,0.0457717564549147));
#6916=CARTESIAN_POINT('',(-0.25,-0.0154085169321912,0.0457717564549147));
#6917=CARTESIAN_POINT('',(0.25,-0.0173786354035173,0.0452176111388801));
#6918=CARTESIAN_POINT('',(-0.25,-0.0173786354035173,0.0452176111388801));
#6919=CARTESIAN_POINT('',(0.25,-0.0192678464695682,0.0446047578901105));
#6920=CARTESIAN_POINT('',(-0.25,-0.0192678464695682,0.0446047578901105));
#6921=CARTESIAN_POINT('',(0.25,-0.0212485434416219,0.0438413704412407));
#6922=CARTESIAN_POINT('',(-0.25,-0.0212485434416219,0.0438413704412407));
#6923=CARTESIAN_POINT('',(0.25,-0.0222168205636075,0.0434008989255724));
#6924=CARTESIAN_POINT('',(-0.25,-0.0222168205636075,0.0434008989255724));
#6925=CARTESIAN_POINT('',(0.25,-0.0232306578000232,0.0428869026904642));
#6926=CARTESIAN_POINT('',(-0.25,-0.0232306578000232,0.0428869026904642));
#6927=CARTESIAN_POINT('',(0.25,-0.0242026363962368,0.04230038713449));
#6928=CARTESIAN_POINT('',(-0.25,-0.0242026363962368,0.04230038713449));
#6929=CARTESIAN_POINT('',(0.25,-0.0251584268778359,0.0415777715892861));
#6930=CARTESIAN_POINT('',(-0.25,-0.0251584268778359,0.0415777715892861));
#6931=CARTESIAN_POINT('',(0.25,-0.0259395648470771,0.0408131589496509));
#6932=CARTESIAN_POINT('',(-0.25,-0.0259395648470771,0.0408131589496509));
#6933=CARTESIAN_POINT('',(0.25,-0.026325985868072,0.0404248485684594));
#6934=CARTESIAN_POINT('',(-0.25,-0.026325985868072,0.0404248485684594));
#6935=CARTESIAN_POINT('',(0.25,-0.0267307109242667,0.0399465014529541));
#6936=CARTESIAN_POINT('',(-0.25,-0.0267307109242667,0.0399465014529541));
#6937=CARTESIAN_POINT('',(0.25,-0.0269186475541469,0.0396453263041192));
#6938=CARTESIAN_POINT('',(-0.25,-0.0269186475541469,0.0396453263041192));
#6939=CARTESIAN_POINT('',(0.25,-0.027019776598429,0.0394282367488117));
#6940=CARTESIAN_POINT('',(-0.25,-0.027019776598429,0.0394282367488117));
#6941=CARTESIAN_POINT('',(0.25,-0.0270725069992105,0.0392919152413294));
#6942=CARTESIAN_POINT('',(-0.25,-0.0270725069992105,0.0392919152413294));
#6943=CARTESIAN_POINT('',(0.25,-0.027100395318834,0.0391451071321669));
#6944=CARTESIAN_POINT('',(-0.25,-0.027100395318834,0.0391451071321669));
#6945=CARTESIAN_POINT('',(0.25,-0.0271160155534745,0.0390628799796105));
#6946=CARTESIAN_POINT('',(-0.25,-0.0271160155534745,0.0390628799796105));
#6947=CARTESIAN_POINT('',(-0.02,0.0704565942287445,0.0391213552446529));
#6948=CARTESIAN_POINT('',(-0.02,0.0701307792118413,0.0391985865353295));
#6949=CARTESIAN_POINT('',(-0.02,0.0694791681656949,0.0393530446158419));
#6950=CARTESIAN_POINT('',(-0.02,0.0685121144423096,0.0395818637845497));
#6951=CARTESIAN_POINT('',(-0.02,0.0675035966068451,0.0398191138685062));
#6952=CARTESIAN_POINT('',(-0.02,0.0665328158531766,0.0400465386826658));
#6953=CARTESIAN_POINT('',(-0.02,0.0645510897012081,0.0405036051149488));
#6954=CARTESIAN_POINT('',(-0.02,0.0626651742126741,0.0409263668234698));
#6955=CARTESIAN_POINT('',(-0.02,0.0606961298893682,0.0413584508005319));
#6956=CARTESIAN_POINT('',(-0.02,0.0587493763034318,0.0417756453959051));
#6957=CARTESIAN_POINT('',(-0.02,0.0567966722655155,0.0421843377200095));
#6958=CARTESIAN_POINT('',(-0.02,0.0548455608576153,0.0425823724531023));
#6959=CARTESIAN_POINT('',(-0.02,0.0528940195841744,0.0429698963988942));
#6960=CARTESIAN_POINT('',(-0.02,0.0509425907855338,0.043346487735356));
#6961=CARTESIAN_POINT('',(-0.02,0.0489911235372602,0.0437118726584192));
#6962=CARTESIAN_POINT('',(-0.02,0.0470396636588897,0.0440659313834966));
#6963=CARTESIAN_POINT('',(-0.02,0.0450882005719075,0.0444085340903742));
#6964=CARTESIAN_POINT('',(-0.02,0.043136735847156,0.0447395576746661));
#6965=CARTESIAN_POINT('',(-0.02,0.0411852735066143,0.0450589217338208));
#6966=CARTESIAN_POINT('',(-0.02,0.039233841275199,0.0453665951752218));
#6967=CARTESIAN_POINT('',(-0.02,0.0372824095088497,0.0456614830095443));
#6968=CARTESIAN_POINT('',(-0.02,0.0353309721432424,0.0459424521592846));
#6969=CARTESIAN_POINT('',(-0.02,0.0333795263973021,0.0462083476336283));
#6970=CARTESIAN_POINT('',(-0.02,0.031428074746173,0.0464581327755163));
#6971=CARTESIAN_POINT('',(-0.02,0.0294765918016405,0.0466905536034044));
#6972=CARTESIAN_POINT('',(-0.02,0.0275251041476535,0.0469055215945061));
#6973=CARTESIAN_POINT('',(-0.02,0.0255736138258716,0.0471029337760189));
#6974=CARTESIAN_POINT('',(-0.02,0.0236221249231905,0.0472828168884586));
#6975=CARTESIAN_POINT('',(-0.02,0.0216706360595143,0.0474450479718753));
#6976=CARTESIAN_POINT('',(-0.02,0.0197191639357268,0.0475896812024264));
#6977=CARTESIAN_POINT('',(-0.02,0.0177676879831278,0.0477153913232956));
#6978=CARTESIAN_POINT('',(-0.02,0.0158161985520921,0.0478205238882911));
#6979=CARTESIAN_POINT('',(-0.02,0.0138646962531293,0.0479035401215955));
#6980=CARTESIAN_POINT('',(-0.02,0.0119131784255127,0.0479629386127942));
#6981=CARTESIAN_POINT('',(-0.02,0.00996164308593184,0.0479968350873591));
#6982=CARTESIAN_POINT('',(-0.02,0.00801012115676304,0.0480067696457032));
#6983=CARTESIAN_POINT('',(-0.02,0.00605861642138453,0.0479948446746094));
#6984=CARTESIAN_POINT('',(-0.02,0.00410712570165265,0.0479631153816325));
#6985=CARTESIAN_POINT('',(-0.02,0.00215564730759797,0.0479133222947876));
#6986=CARTESIAN_POINT('',(-0.02,0.000204088889380251,0.0478483911317757));
#6987=CARTESIAN_POINT('',(-0.02,-0.00174757373297018,0.0477604805409955));
#6988=CARTESIAN_POINT('',(-0.02,-0.00369935448227504,0.0476397674064061));
#6989=CARTESIAN_POINT('',(-0.02,-0.00565129763234435,0.0474766603854942));
#6990=CARTESIAN_POINT('',(-0.02,-0.00760340043986159,0.0472614746119464));
#6991=CARTESIAN_POINT('',(-0.02,-0.00955546511979578,0.0469831446662456));
#6992=CARTESIAN_POINT('',(-0.02,-0.0115069892060767,0.0466414091700793));
#6993=CARTESIAN_POINT('',(-0.02,-0.013460301372075,0.0462378324221957));
#6994=CARTESIAN_POINT('',(-0.02,-0.0154085169321912,0.0457717564549147));
#6995=CARTESIAN_POINT('',(-0.02,-0.0173786354035173,0.0452176111388801));
#6996=CARTESIAN_POINT('',(-0.02,-0.0192678464695682,0.0446047578901105));
#6997=CARTESIAN_POINT('',(-0.02,-0.0212485434416219,0.0438413704412407));
#6998=CARTESIAN_POINT('',(-0.02,-0.0222168205636075,0.0434008989255724));
#6999=CARTESIAN_POINT('',(-0.02,-0.0232306578000232,0.0428869026904642));
#7000=CARTESIAN_POINT('',(-0.02,-0.0242026363962368,0.04230038713449));
#7001=CARTESIAN_POINT('',(-0.02,-0.0251584268778359,0.0415777715892861));
#7002=CARTESIAN_POINT('',(-0.02,-0.0259395648470771,0.0408131589496509));
#7003=CARTESIAN_POINT('',(-0.02,-0.026325985868072,0.0404248485684594));
#7004=CARTESIAN_POINT('',(-0.02,-0.0267307109242667,0.0399465014529541));
#7005=CARTESIAN_POINT('',(-0.02,-0.0269186475541469,0.0396453263041192));
#7006=CARTESIAN_POINT('',(-0.02,-0.027019776598429,0.0394282367488117));
#7007=CARTESIAN_POINT('',(-0.02,-0.0270725069992105,0.0392919152413294));
#7008=CARTESIAN_POINT('',(-0.02,-0.027100395318834,0.0391451071321669));
#7009=CARTESIAN_POINT('',(-0.02,-0.0271160155534745,0.0390628799796105));
#7010=CARTESIAN_POINT('',(-0.02,-0.027,0.0394684645547275));
#7011=CARTESIAN_POINT('',(-0.02,-0.0271160155534745,0.0390628799796105));
#7012=CARTESIAN_POINT('',(0.25,-0.027,0.0394684645547275));
#7013=CARTESIAN_POINT('',(0.02,-0.027,0.0394684645547275));
#7014=CARTESIAN_POINT('',(0.02,0.0704565942287445,0.0391213552446529));
#7015=CARTESIAN_POINT('',(0.02,0.0701307792118413,0.0391985865353295));
#7016=CARTESIAN_POINT('',(0.02,0.0694791681656949,0.0393530446158419));
#7017=CARTESIAN_POINT('',(0.02,0.0685121144423096,0.0395818637845497));
#7018=CARTESIAN_POINT('',(0.02,0.0675035966068451,0.0398191138685062));
#7019=CARTESIAN_POINT('',(0.02,0.0665328158531766,0.0400465386826658));
#7020=CARTESIAN_POINT('',(0.02,0.0645510897012081,0.0405036051149488));
#7021=CARTESIAN_POINT('',(0.02,0.0626651742126741,0.0409263668234698));
#7022=CARTESIAN_POINT('',(0.02,0.0606961298893682,0.0413584508005319));
#7023=CARTESIAN_POINT('',(0.02,0.0587493763034318,0.0417756453959051));
#7024=CARTESIAN_POINT('',(0.02,0.0567966722655155,0.0421843377200095));
#7025=CARTESIAN_POINT('',(0.02,0.0548455608576153,0.0425823724531023));
#7026=CARTESIAN_POINT('',(0.02,0.0528940195841744,0.0429698963988942));
#7027=CARTESIAN_POINT('',(0.02,0.0509425907855338,0.043346487735356));
#7028=CARTESIAN_POINT('',(0.02,0.0489911235372602,0.0437118726584192));
#7029=CARTESIAN_POINT('',(0.02,0.0470396636588897,0.0440659313834966));
#7030=CARTESIAN_POINT('',(0.02,0.0450882005719075,0.0444085340903742));
#7031=CARTESIAN_POINT('',(0.02,0.043136735847156,0.0447395576746661));
#7032=CARTESIAN_POINT('',(0.02,0.0411852735066143,0.0450589217338208));
#7033=CARTESIAN_POINT('',(0.02,0.039233841275199,0.0453665951752218));
#7034=CARTESIAN_POINT('',(0.02,0.0372824095088497,0.0456614830095443));
#7035=CARTESIAN_POINT('',(0.02,0.0353309721432424,0.0459424521592846));
#7036=CARTESIAN_POINT('',(0.02,0.0333795263973021,0.0462083476336283));
#7037=CARTESIAN_POINT('',(0.02,0.031428074746173,0.0464581327755163));
#7038=CARTESIAN_POINT('',(0.02,0.0294765918016405,0.0466905536034044));
#7039=CARTESIAN_POINT('',(0.02,0.0275251041476535,0.0469055215945061));
#7040=CARTESIAN_POINT('',(0.02,0.0255736138258716,0.0471029337760189));
#7041=CARTESIAN_POINT('',(0.02,0.0236221249231905,0.0472828168884586));
#7042=CARTESIAN_POINT('',(0.02,0.0216706360595143,0.0474450479718753));
#7043=CARTESIAN_POINT('',(0.02,0.0197191639357268,0.0475896812024264));
#7044=CARTESIAN_POINT('',(0.02,0.0177676879831278,0.0477153913232956));
#7045=CARTESIAN_POINT('',(0.02,0.0158161985520921,0.0478205238882911));
#7046=CARTESIAN_POINT('',(0.02,0.0138646962531293,0.0479035401215955));
#7047=CARTESIAN_POINT('',(0.02,0.0119131784255127,0.0479629386127942));
#7048=CARTESIAN_POINT('',(0.02,0.00996164308593184,0.0479968350873591));
#7049=CARTESIAN_POINT('',(0.02,0.00801012115676304,0.0480067696457032));
#7050=CARTESIAN_POINT('',(0.02,0.00605861642138453,0.0479948446746094));
#7051=CARTESIAN_POINT('',(0.02,0.00410712570165265,0.0479631153816325));
#7052=CARTESIAN_POINT('',(0.02,0.00215564730759797,0.0479133222947876));
#7053=CARTESIAN_POINT('',(0.02,0.000204088889380251,0.0478483911317757));
#7054=CARTESIAN_POINT('',(0.02,-0.00174757373297018,0.0477604805409955));
#7055=CARTESIAN_POINT('',(0.02,-0.00369935448227504,0.0476397674064061));
#7056=CARTESIAN_POINT('',(0.02,-0.00565129763234435,0.0474766603854942));
#7057=CARTESIAN_POINT('',(0.02,-0.00760340043986159,0.0472614746119464));
#7058=CARTESIAN_POINT('',(0.02,-0.00955546511979578,0.0469831446662456));
#7059=CARTESIAN_POINT('',(0.02,-0.0115069892060767,0.0466414091700793));
#7060=CARTESIAN_POINT('',(0.02,-0.013460301372075,0.0462378324221957));
#7061=CARTESIAN_POINT('',(0.02,-0.0154085169321912,0.0457717564549147));
#7062=CARTESIAN_POINT('',(0.02,-0.0173786354035173,0.0452176111388801));
#7063=CARTESIAN_POINT('',(0.02,-0.0192678464695682,0.0446047578901105));
#7064=CARTESIAN_POINT('',(0.02,-0.0212485434416219,0.0438413704412407));
#7065=CARTESIAN_POINT('',(0.02,-0.0222168205636075,0.0434008989255724));
#7066=CARTESIAN_POINT('',(0.02,-0.0232306578000232,0.0428869026904642));
#7067=CARTESIAN_POINT('',(0.02,-0.0242026363962368,0.04230038713449));
#7068=CARTESIAN_POINT('',(0.02,-0.0251584268778359,0.0415777715892861));
#7069=CARTESIAN_POINT('',(0.02,-0.0259395648470771,0.0408131589496509));
#7070=CARTESIAN_POINT('',(0.02,-0.026325985868072,0.0404248485684594));
#7071=CARTESIAN_POINT('',(0.02,-0.0267307109242667,0.0399465014529541));
#7072=CARTESIAN_POINT('',(0.02,-0.0269186475541469,0.0396453263041192));
#7073=CARTESIAN_POINT('',(0.02,-0.027019776598429,0.0394282367488117));
#7074=CARTESIAN_POINT('',(0.02,-0.0270725069992105,0.0392919152413294));
#7075=CARTESIAN_POINT('',(0.02,-0.027100395318834,0.0391451071321669));
#7076=CARTESIAN_POINT('',(0.02,-0.0271160155534745,0.0390628799796105));
#7077=CARTESIAN_POINT('',(0.02,-0.0271160155534745,0.0390628799796105));
#7078=CARTESIAN_POINT('',(0.25,-0.0271160155534745,0.0390628799796105));
#7079=CARTESIAN_POINT('',(0.25,-0.0271160155534745,0.0390628799796105));
#7080=CARTESIAN_POINT('',(0.25,0.0704565942287445,0.0391213552446529));
#7081=CARTESIAN_POINT('',(0.25,0.0701307792118413,0.0391985865353295));
#7082=CARTESIAN_POINT('',(0.25,0.0694791681656949,0.0393530446158419));
#7083=CARTESIAN_POINT('',(0.25,0.0685121144423096,0.0395818637845497));
#7084=CARTESIAN_POINT('',(0.25,0.0675035966068451,0.0398191138685062));
#7085=CARTESIAN_POINT('',(0.25,0.0665328158531766,0.0400465386826658));
#7086=CARTESIAN_POINT('',(0.25,0.0645510897012081,0.0405036051149488));
#7087=CARTESIAN_POINT('',(0.25,0.0626651742126741,0.0409263668234698));
#7088=CARTESIAN_POINT('',(0.25,0.0606961298893682,0.0413584508005319));
#7089=CARTESIAN_POINT('',(0.25,0.0587493763034318,0.0417756453959051));
#7090=CARTESIAN_POINT('',(0.25,0.0567966722655155,0.0421843377200095));
#7091=CARTESIAN_POINT('',(0.25,0.0548455608576153,0.0425823724531023));
#7092=CARTESIAN_POINT('',(0.25,0.0528940195841744,0.0429698963988942));
#7093=CARTESIAN_POINT('',(0.25,0.0509425907855338,0.043346487735356));
#7094=CARTESIAN_POINT('',(0.25,0.0489911235372602,0.0437118726584192));
#7095=CARTESIAN_POINT('',(0.25,0.0470396636588897,0.0440659313834966));
#7096=CARTESIAN_POINT('',(0.25,0.0450882005719075,0.0444085340903742));
#7097=CARTESIAN_POINT('',(0.25,0.043136735847156,0.0447395576746661));
#7098=CARTESIAN_POINT('',(0.25,0.0411852735066143,0.0450589217338208));
#7099=CARTESIAN_POINT('',(0.25,0.039233841275199,0.0453665951752218));
#7100=CARTESIAN_POINT('',(0.25,0.0372824095088497,0.0456614830095443));
#7101=CARTESIAN_POINT('',(0.25,0.0353309721432424,0.0459424521592846));
#7102=CARTESIAN_POINT('',(0.25,0.0333795263973021,0.0462083476336283));
#7103=CARTESIAN_POINT('',(0.25,0.031428074746173,0.0464581327755163));
#7104=CARTESIAN_POINT('',(0.25,0.0294765918016405,0.0466905536034044));
#7105=CARTESIAN_POINT('',(0.25,0.0275251041476535,0.0469055215945061));
#7106=CARTESIAN_POINT('',(0.25,0.0255736138258716,0.0471029337760189));
#7107=CARTESIAN_POINT('',(0.25,0.0236221249231905,0.0472828168884586));
#7108=CARTESIAN_POINT('',(0.25,0.0216706360595143,0.0474450479718753));
#7109=CARTESIAN_POINT('',(0.25,0.0197191639357268,0.0475896812024264));
#7110=CARTESIAN_POINT('',(0.25,0.0177676879831278,0.0477153913232956));
#7111=CARTESIAN_POINT('',(0.25,0.0158161985520921,0.0478205238882911));
#7112=CARTESIAN_POINT('',(0.25,0.0138646962531293,0.0479035401215955));
#7113=CARTESIAN_POINT('',(0.25,0.0119131784255127,0.0479629386127942));
#7114=CARTESIAN_POINT('',(0.25,0.00996164308593184,0.0479968350873591));
#7115=CARTESIAN_POINT('',(0.25,0.00801012115676304,0.0480067696457032));
#7116=CARTESIAN_POINT('',(0.25,0.00605861642138453,0.0479948446746094));
#7117=CARTESIAN_POINT('',(0.25,0.00410712570165265,0.0479631153816325));
#7118=CARTESIAN_POINT('',(0.25,0.00215564730759797,0.0479133222947876));
#7119=CARTESIAN_POINT('',(0.25,0.000204088889380251,0.0478483911317757));
#7120=CARTESIAN_POINT('',(0.25,-0.00174757373297018,0.0477604805409955));
#7121=CARTESIAN_POINT('',(0.25,-0.00369935448227504,0.0476397674064061));
#7122=CARTESIAN_POINT('',(0.25,-0.00565129763234435,0.0474766603854942));
#7123=CARTESIAN_POINT('',(0.25,-0.00760340043986159,0.0472614746119464));
#7124=CARTESIAN_POINT('',(0.25,-0.00955546511979578,0.0469831446662456));
#7125=CARTESIAN_POINT('',(0.25,-0.0115069892060767,0.0466414091700793));
#7126=CARTESIAN_POINT('',(0.25,-0.013460301372075,0.0462378324221957));
#7127=CARTESIAN_POINT('',(0.25,-0.0154085169321912,0.0457717564549147));
#7128=CARTESIAN_POINT('',(0.25,-0.0173786354035173,0.0452176111388801));
#7129=CARTESIAN_POINT('',(0.25,-0.0192678464695682,0.0446047578901105));
#7130=CARTESIAN_POINT('',(0.25,-0.0212485434416219,0.0438413704412407));
#7131=CARTESIAN_POINT('',(0.25,-0.0222168205636075,0.0434008989255724));
#7132=CARTESIAN_POINT('',(0.25,-0.0232306578000232,0.0428869026904642));
#7133=CARTESIAN_POINT('',(0.25,-0.0242026363962368,0.04230038713449));
#7134=CARTESIAN_POINT('',(0.25,-0.0251584268778359,0.0415777715892861));
#7135=CARTESIAN_POINT('',(0.25,-0.0259395648470771,0.0408131589496509));
#7136=CARTESIAN_POINT('',(0.25,-0.026325985868072,0.0404248485684594));
#7137=CARTESIAN_POINT('',(0.25,-0.0267307109242667,0.0399465014529541));
#7138=CARTESIAN_POINT('',(0.25,-0.0269186475541469,0.0396453263041192));
#7139=CARTESIAN_POINT('',(0.25,-0.027019776598429,0.0394282367488117));
#7140=CARTESIAN_POINT('',(0.25,-0.0270725069992105,0.0392919152413294));
#7141=CARTESIAN_POINT('',(0.25,-0.027100395318834,0.0391451071321669));
#7142=CARTESIAN_POINT('',(0.25,-0.0271160155534745,0.0390628799796105));
#7143=CARTESIAN_POINT('',(0.25,0.0704565942287445,0.0391213552446529));
#7144=CARTESIAN_POINT('',(0.25,0.0704565942287445,0.0391213552446529));
#7145=CARTESIAN_POINT('',(-0.25,0.0704565942287445,0.0391213552446529));
#7146=CARTESIAN_POINT('',(-0.25,0.0704565942287445,0.0391213552446529));
#7147=CARTESIAN_POINT('',(-0.25,0.0701307792118413,0.0391985865353295));
#7148=CARTESIAN_POINT('',(-0.25,0.0694791681656949,0.0393530446158419));
#7149=CARTESIAN_POINT('',(-0.25,0.0685121144423096,0.0395818637845497));
#7150=CARTESIAN_POINT('',(-0.25,0.0675035966068451,0.0398191138685062));
#7151=CARTESIAN_POINT('',(-0.25,0.0665328158531766,0.0400465386826658));
#7152=CARTESIAN_POINT('',(-0.25,0.0645510897012081,0.0405036051149488));
#7153=CARTESIAN_POINT('',(-0.25,0.0626651742126741,0.0409263668234698));
#7154=CARTESIAN_POINT('',(-0.25,0.0606961298893682,0.0413584508005319));
#7155=CARTESIAN_POINT('',(-0.25,0.0587493763034318,0.0417756453959051));
#7156=CARTESIAN_POINT('',(-0.25,0.0567966722655155,0.0421843377200095));
#7157=CARTESIAN_POINT('',(-0.25,0.0548455608576153,0.0425823724531023));
#7158=CARTESIAN_POINT('',(-0.25,0.0528940195841744,0.0429698963988942));
#7159=CARTESIAN_POINT('',(-0.25,0.0509425907855338,0.043346487735356));
#7160=CARTESIAN_POINT('',(-0.25,0.0489911235372602,0.0437118726584192));
#7161=CARTESIAN_POINT('',(-0.25,0.0470396636588897,0.0440659313834966));
#7162=CARTESIAN_POINT('',(-0.25,0.0450882005719075,0.0444085340903742));
#7163=CARTESIAN_POINT('',(-0.25,0.043136735847156,0.0447395576746661));
#7164=CARTESIAN_POINT('',(-0.25,0.0411852735066143,0.0450589217338208));
#7165=CARTESIAN_POINT('',(-0.25,0.039233841275199,0.0453665951752218));
#7166=CARTESIAN_POINT('',(-0.25,0.0372824095088497,0.0456614830095443));
#7167=CARTESIAN_POINT('',(-0.25,0.0353309721432424,0.0459424521592846));
#7168=CARTESIAN_POINT('',(-0.25,0.0333795263973021,0.0462083476336283));
#7169=CARTESIAN_POINT('',(-0.25,0.031428074746173,0.0464581327755163));
#7170=CARTESIAN_POINT('',(-0.25,0.0294765918016405,0.0466905536034044));
#7171=CARTESIAN_POINT('',(-0.25,0.0275251041476535,0.0469055215945061));
#7172=CARTESIAN_POINT('',(-0.25,0.0255736138258716,0.0471029337760189));
#7173=CARTESIAN_POINT('',(-0.25,0.0236221249231905,0.0472828168884586));
#7174=CARTESIAN_POINT('',(-0.25,0.0216706360595143,0.0474450479718753));
#7175=CARTESIAN_POINT('',(-0.25,0.0197191639357268,0.0475896812024264));
#7176=CARTESIAN_POINT('',(-0.25,0.0177676879831278,0.0477153913232956));
#7177=CARTESIAN_POINT('',(-0.25,0.0158161985520921,0.0478205238882911));
#7178=CARTESIAN_POINT('',(-0.25,0.0138646962531293,0.0479035401215955));
#7179=CARTESIAN_POINT('',(-0.25,0.0119131784255127,0.0479629386127942));
#7180=CARTESIAN_POINT('',(-0.25,0.00996164308593184,0.0479968350873591));
#7181=CARTESIAN_POINT('',(-0.25,0.00801012115676304,0.0480067696457032));
#7182=CARTESIAN_POINT('',(-0.25,0.00605861642138453,0.0479948446746094));
#7183=CARTESIAN_POINT('',(-0.25,0.00410712570165265,0.0479631153816325));
#7184=CARTESIAN_POINT('',(-0.25,0.00215564730759797,0.0479133222947876));
#7185=CARTESIAN_POINT('',(-0.25,0.000204088889380251,0.0478483911317757));
#7186=CARTESIAN_POINT('',(-0.25,-0.00174757373297018,0.0477604805409955));
#7187=CARTESIAN_POINT('',(-0.25,-0.00369935448227504,0.0476397674064061));
#7188=CARTESIAN_POINT('',(-0.25,-0.00565129763234435,0.0474766603854942));
#7189=CARTESIAN_POINT('',(-0.25,-0.00760340043986159,0.0472614746119464));
#7190=CARTESIAN_POINT('',(-0.25,-0.00955546511979578,0.0469831446662456));
#7191=CARTESIAN_POINT('',(-0.25,-0.0115069892060767,0.0466414091700793));
#7192=CARTESIAN_POINT('',(-0.25,-0.013460301372075,0.0462378324221957));
#7193=CARTESIAN_POINT('',(-0.25,-0.0154085169321912,0.0457717564549147));
#7194=CARTESIAN_POINT('',(-0.25,-0.0173786354035173,0.0452176111388801));
#7195=CARTESIAN_POINT('',(-0.25,-0.0192678464695682,0.0446047578901105));
#7196=CARTESIAN_POINT('',(-0.25,-0.0212485434416219,0.0438413704412407));
#7197=CARTESIAN_POINT('',(-0.25,-0.0222168205636075,0.0434008989255724));
#7198=CARTESIAN_POINT('',(-0.25,-0.0232306578000232,0.0428869026904642));
#7199=CARTESIAN_POINT('',(-0.25,-0.0242026363962368,0.04230038713449));
#7200=CARTESIAN_POINT('',(-0.25,-0.0251584268778359,0.0415777715892861));
#7201=CARTESIAN_POINT('',(-0.25,-0.0259395648470771,0.0408131589496509));
#7202=CARTESIAN_POINT('',(-0.25,-0.026325985868072,0.0404248485684594));
#7203=CARTESIAN_POINT('',(-0.25,-0.0267307109242667,0.0399465014529541));
#7204=CARTESIAN_POINT('',(-0.25,-0.0269186475541469,0.0396453263041192));
#7205=CARTESIAN_POINT('',(-0.25,-0.027019776598429,0.0394282367488117));
#7206=CARTESIAN_POINT('',(-0.25,-0.0270725069992105,0.0392919152413294));
#7207=CARTESIAN_POINT('',(-0.25,-0.027100395318834,0.0391451071321669));
#7208=CARTESIAN_POINT('',(-0.25,-0.0271160155534745,0.0390628799796105));
#7209=CARTESIAN_POINT('',(-0.25,-0.0271160155534745,0.0390628799796105));
#7210=CARTESIAN_POINT('',(0.25,-0.0271160155534745,0.0390628799796105));
#7211=CARTESIAN_POINT('',(0.25,-0.0271160155534745,0.0390628799796105));
#7212=CARTESIAN_POINT('',(-0.25,-0.0271160155534745,0.0390628799796105));
#7213=CARTESIAN_POINT('',(0.25,-0.0271033274396533,0.0388845641361066));
#7214=CARTESIAN_POINT('',(-0.25,-0.0271033274396533,0.0388845641361066));
#7215=CARTESIAN_POINT('',(0.25,-0.02708379524995,0.038610063218829));
#7216=CARTESIAN_POINT('',(-0.25,-0.02708379524995,0.038610063218829));
#7217=CARTESIAN_POINT('',(0.25,-0.0270192399946063,0.0384856427227943));
#7218=CARTESIAN_POINT('',(-0.25,-0.0270192399946063,0.0384856427227943));
#7219=CARTESIAN_POINT('',(0.25,-0.0269192365743921,0.0382844784033867));
#7220=CARTESIAN_POINT('',(-0.25,-0.0269192365743921,0.0382844784033867));
#7221=CARTESIAN_POINT('',(0.25,-0.0267331634249901,0.038023351507407));
#7222=CARTESIAN_POINT('',(-0.25,-0.0267331634249901,0.038023351507407));
#7223=CARTESIAN_POINT('',(0.25,-0.026329860005806,0.0376493151065511));
#7224=CARTESIAN_POINT('',(-0.25,-0.026329860005806,0.0376493151065511));
#7225=CARTESIAN_POINT('',(0.25,-0.0259494301492589,0.0373857711489193));
#7226=CARTESIAN_POINT('',(-0.25,-0.0259494301492589,0.0373857711489193));
#7227=CARTESIAN_POINT('',(0.25,-0.0251496686973357,0.0370446845570294));
#7228=CARTESIAN_POINT('',(-0.25,-0.0251496686973357,0.0370446845570294));
#7229=CARTESIAN_POINT('',(0.25,-0.0241861281491107,0.0368580424976633));
#7230=CARTESIAN_POINT('',(-0.25,-0.0241861281491107,0.0368580424976633));
#7231=CARTESIAN_POINT('',(0.25,-0.0232224549996862,0.0366631763389644));
#7232=CARTESIAN_POINT('',(-0.25,-0.0232224549996862,0.0366631763389644));
#7233=CARTESIAN_POINT('',(0.25,-0.022212558072404,0.036512739221885));
#7234=CARTESIAN_POINT('',(-0.25,-0.022212558072404,0.036512739221885));
#7235=CARTESIAN_POINT('',(0.25,-0.0212418368525382,0.0364031196505532));
#7236=CARTESIAN_POINT('',(-0.25,-0.0212418368525382,0.0364031196505532));
#7237=CARTESIAN_POINT('',(0.25,-0.0192589730915848,0.0362769330354283));
#7238=CARTESIAN_POINT('',(-0.25,-0.0192589730915848,0.0362769330354283));
#7239=CARTESIAN_POINT('',(0.25,-0.0173729223080486,0.0361917931585135));
#7240=CARTESIAN_POINT('',(-0.25,-0.0173729223080486,0.0361917931585135));
#7241=CARTESIAN_POINT('',(0.25,-0.0154037491359204,0.0361339661228738));
#7242=CARTESIAN_POINT('',(-0.25,-0.0154037491359204,0.0361339661228738));
#7243=CARTESIAN_POINT('',(0.25,-0.0134568890171095,0.0361080605937971));
#7244=CARTESIAN_POINT('',(-0.25,-0.0134568890171095,0.0361080605937971));
#7245=CARTESIAN_POINT('',(0.25,-0.0115041039875532,0.0361072658002241));
#7246=CARTESIAN_POINT('',(-0.25,-0.0115041039875532,0.0361072658002241));
#7247=CARTESIAN_POINT('',(0.25,-0.00955295180771853,0.036128035481885));
#7248=CARTESIAN_POINT('',(-0.25,-0.00955295180771853,0.036128035481885));
#7249=CARTESIAN_POINT('',(0.25,-0.00760139788111935,0.0361661217047798));
#7250=CARTESIAN_POINT('',(-0.25,-0.00760139788111935,0.0361661217047798));
#7251=CARTESIAN_POINT('',(0.25,-0.00564997232585639,0.0362174677400582));
#7252=CARTESIAN_POINT('',(-0.25,-0.00564997232585639,0.0362174677400582));
#7253=CARTESIAN_POINT('',(0.25,-0.00369852641880533,0.0362790702147456));
#7254=CARTESIAN_POINT('',(-0.25,-0.00369852641880533,0.0362790702147456));
#7255=CARTESIAN_POINT('',(0.25,-0.00174709733809997,0.036348030617465));
#7256=CARTESIAN_POINT('',(-0.25,-0.00174709733809997,0.036348030617465));
#7257=CARTESIAN_POINT('',(0.25,0.000204329115361439,0.0364213832848982));
#7258=CARTESIAN_POINT('',(-0.25,0.000204329115361439,0.0364213832848982));
#7259=CARTESIAN_POINT('',(0.25,0.00215575606091265,0.036496210193553));
#7260=CARTESIAN_POINT('',(-0.25,0.00215575606091265,0.036496210193553));
#7261=CARTESIAN_POINT('',(0.25,0.00410720820078357,0.0365694714386961));
#7262=CARTESIAN_POINT('',(-0.25,0.00410720820078357,0.0365694714386961));
#7263=CARTESIAN_POINT('',(0.25,0.00605866437643216,0.0366414951268977));
#7264=CARTESIAN_POINT('',(-0.25,0.00605866437643216,0.0366414951268977));
#7265=CARTESIAN_POINT('',(0.25,0.00801012021683448,0.0367127182861195));
#7266=CARTESIAN_POINT('',(-0.25,0.00801012021683448,0.0367127182861195));
#7267=CARTESIAN_POINT('',(0.25,0.0099615762800289,0.0367835220838537));
#7268=CARTESIAN_POINT('',(-0.25,0.0099615762800289,0.0367835220838537));
#7269=CARTESIAN_POINT('',(0.25,0.0119130315845162,0.0368543450054605));
#7270=CARTESIAN_POINT('',(-0.25,0.0119130315845162,0.0368543450054605));
#7271=CARTESIAN_POINT('',(0.25,0.0138644837501762,0.0369255691197753));
#7272=CARTESIAN_POINT('',(-0.25,0.0138644837501762,0.0369255691197753));
#7273=CARTESIAN_POINT('',(0.25,0.0158159345637787,0.0369971592898967));
#7274=CARTESIAN_POINT('',(-0.25,0.0158159345637787,0.0369971592898967));
#7275=CARTESIAN_POINT('',(0.25,0.0177673860623694,0.0370689327799277));
#7276=CARTESIAN_POINT('',(-0.25,0.0177673860623694,0.0370689327799277));
#7277=CARTESIAN_POINT('',(0.25,0.0197188371380416,0.0371408363828533));
#7278=CARTESIAN_POINT('',(-0.25,0.0197188371380416,0.0371408363828533));
#7279=CARTESIAN_POINT('',(0.25,0.0216702883568705,0.0372127387043876));
#7280=CARTESIAN_POINT('',(-0.25,0.0216702883568705,0.0372127387043876));
#7281=CARTESIAN_POINT('',(0.25,0.0236217407383757,0.037284516086869));
#7282=CARTESIAN_POINT('',(-0.25,0.0236217407383757,0.037284516086869));
#7283=CARTESIAN_POINT('',(0.25,0.0255731931723719,0.0373562092499236));
#7284=CARTESIAN_POINT('',(-0.25,0.0255731931723719,0.0373562092499236));
#7285=CARTESIAN_POINT('',(0.25,0.0275246457841648,0.0374278373945277));
#7286=CARTESIAN_POINT('',(-0.25,0.0275246457841648,0.0374278373945277));
#7287=CARTESIAN_POINT('',(0.25,0.0294760979863915,0.0374994585838204));
#7288=CARTESIAN_POINT('',(-0.25,0.0294760979863915,0.0374994585838204));
#7289=CARTESIAN_POINT('',(0.25,0.0314275506339593,0.0375710554883552));
#7290=CARTESIAN_POINT('',(-0.25,0.0314275506339593,0.0375710554883552));
#7291=CARTESIAN_POINT('',(0.25,0.0333790026842867,0.0376426979720922));
#7292=CARTESIAN_POINT('',(-0.25,0.0333790026842867,0.0376426979720922));
#7293=CARTESIAN_POINT('',(0.25,0.0353304547711199,0.0377143579844966));
#7294=CARTESIAN_POINT('',(-0.25,0.0353304547711199,0.0377143579844966));
#7295=CARTESIAN_POINT('',(0.25,0.0372819071301265,0.0377860193835717));
#7296=CARTESIAN_POINT('',(-0.25,0.0372819071301265,0.0377860193835717));
#7297=CARTESIAN_POINT('',(0.25,0.0392333589602012,0.0378577162727594));
#7298=CARTESIAN_POINT('',(-0.25,0.0392333589602012,0.0378577162727594));
#7299=CARTESIAN_POINT('',(0.25,0.0411848113213961,0.0379293868537468));
#7300=CARTESIAN_POINT('',(-0.25,0.0411848113213961,0.0379293868537468));
#7301=CARTESIAN_POINT('',(0.25,0.0431362633993868,0.0380010686820597));
#7302=CARTESIAN_POINT('',(-0.25,0.0431362633993868,0.0380010686820597));
#7303=CARTESIAN_POINT('',(0.25,0.0450877156018726,0.038072731811744));
#7304=CARTESIAN_POINT('',(-0.25,0.0450877156018726,0.038072731811744));
#7305=CARTESIAN_POINT('',(0.25,0.047039168245682,0.0381443999691487));
#7306=CARTESIAN_POINT('',(-0.25,0.047039168245682,0.0381443999691487));
#7307=CARTESIAN_POINT('',(0.25,0.0489906187014712,0.0382160667033463));
#7308=CARTESIAN_POINT('',(-0.25,0.0489906187014712,0.0382160667033463));
#7309=CARTESIAN_POINT('',(0.25,0.0509420774083715,0.0382877341004614));
#7310=CARTESIAN_POINT('',(-0.25,0.0509420774083715,0.0382877341004614));
#7311=CARTESIAN_POINT('',(0.25,0.0528935052988474,0.0383594002691136));
#7312=CARTESIAN_POINT('',(-0.25,0.0528935052988474,0.0383594002691136));
#7313=CARTESIAN_POINT('',(0.25,0.0548450482039096,0.0384310706886997));
#7314=CARTESIAN_POINT('',(-0.25,0.0548450482039096,0.0384310706886997));
#7315=CARTESIAN_POINT('',(0.25,0.0567961618670512,0.0385027253330132));
#7316=CARTESIAN_POINT('',(-0.25,0.0567961618670512,0.0385027253330132));
#7317=CARTESIAN_POINT('',(0.25,0.0587488774832889,0.0385744388274836));
#7318=CARTESIAN_POINT('',(-0.25,0.0587488774832889,0.0385744388274836));
#7319=CARTESIAN_POINT('',(0.25,0.0606956145290627,0.0386459326965987));
#7320=CARTESIAN_POINT('',(-0.25,0.0606956145290627,0.0386459326965987));
#7321=CARTESIAN_POINT('',(0.25,0.0626646639035961,0.0387182462169781));
#7322=CARTESIAN_POINT('',(-0.25,0.0626646639035961,0.0387182462169781));
#7323=CARTESIAN_POINT('',(0.25,0.0645504425335548,0.0387875007576555));
#7324=CARTESIAN_POINT('',(-0.25,0.0645504425335548,0.0387875007576555));
#7325=CARTESIAN_POINT('',(0.25,0.0665325403026676,0.0388602955865721));
#7326=CARTESIAN_POINT('',(-0.25,0.0665325403026676,0.0388602955865721));
#7327=CARTESIAN_POINT('',(0.25,0.0675035272699568,0.0388959488809627));
#7328=CARTESIAN_POINT('',(-0.25,0.0675035272699568,0.0388959488809627));
#7329=CARTESIAN_POINT('',(0.25,0.0685120457859553,0.0389329786993862));
#7330=CARTESIAN_POINT('',(-0.25,0.0685120457859553,0.0389329786993862));
#7331=CARTESIAN_POINT('',(0.25,0.0694791422074872,0.0389685035895468));
#7332=CARTESIAN_POINT('',(-0.25,0.0694791422074872,0.0389685035895468));
#7333=CARTESIAN_POINT('',(0.25,0.0701307768883254,0.0389924376728943));
#7334=CARTESIAN_POINT('',(-0.25,0.0701307768883254,0.0389924376728943));
#7335=CARTESIAN_POINT('',(0.25,0.0704565942287445,0.039004404714568));
#7336=CARTESIAN_POINT('',(-0.25,0.0704565942287445,0.039004404714568));
#7337=CARTESIAN_POINT('',(-0.02,-0.0271160155534745,0.0390628799796105));
#7338=CARTESIAN_POINT('',(-0.02,-0.0271033274396533,0.0388845641361066));
#7339=CARTESIAN_POINT('',(-0.02,-0.02708379524995,0.038610063218829));
#7340=CARTESIAN_POINT('',(-0.02,-0.0270192399946063,0.0384856427227943));
#7341=CARTESIAN_POINT('',(-0.02,-0.0269192365743921,0.0382844784033867));
#7342=CARTESIAN_POINT('',(-0.02,-0.0267331634249901,0.038023351507407));
#7343=CARTESIAN_POINT('',(-0.02,-0.026329860005806,0.0376493151065511));
#7344=CARTESIAN_POINT('',(-0.02,-0.0259494301492589,0.0373857711489193));
#7345=CARTESIAN_POINT('',(-0.02,-0.0251496686973357,0.0370446845570294));
#7346=CARTESIAN_POINT('',(-0.02,-0.0241861281491107,0.0368580424976633));
#7347=CARTESIAN_POINT('',(-0.02,-0.0232224549996862,0.0366631763389644));
#7348=CARTESIAN_POINT('',(-0.02,-0.022212558072404,0.036512739221885));
#7349=CARTESIAN_POINT('',(-0.02,-0.0212418368525382,0.0364031196505532));
#7350=CARTESIAN_POINT('',(-0.02,-0.0192589730915848,0.0362769330354283));
#7351=CARTESIAN_POINT('',(-0.02,-0.0173729223080486,0.0361917931585135));
#7352=CARTESIAN_POINT('',(-0.02,-0.0154037491359204,0.0361339661228738));
#7353=CARTESIAN_POINT('',(-0.02,-0.0134568890171095,0.0361080605937971));
#7354=CARTESIAN_POINT('',(-0.02,-0.0115041039875532,0.0361072658002241));
#7355=CARTESIAN_POINT('',(-0.02,-0.00955295180771853,0.036128035481885));
#7356=CARTESIAN_POINT('',(-0.02,-0.00760139788111935,0.0361661217047798));
#7357=CARTESIAN_POINT('',(-0.02,-0.00564997232585639,0.0362174677400582));
#7358=CARTESIAN_POINT('',(-0.02,-0.00369852641880533,0.0362790702147456));
#7359=CARTESIAN_POINT('',(-0.02,-0.00174709733809997,0.036348030617465));
#7360=CARTESIAN_POINT('',(-0.02,0.000204329115361439,0.0364213832848982));
#7361=CARTESIAN_POINT('',(-0.02,0.00215575606091265,0.036496210193553));
#7362=CARTESIAN_POINT('',(-0.02,0.00410720820078357,0.0365694714386961));
#7363=CARTESIAN_POINT('',(-0.02,0.00605866437643216,0.0366414951268977));
#7364=CARTESIAN_POINT('',(-0.02,0.00801012021683448,0.0367127182861195));
#7365=CARTESIAN_POINT('',(-0.02,0.0099615762800289,0.0367835220838537));
#7366=CARTESIAN_POINT('',(-0.02,0.0119130315845162,0.0368543450054605));
#7367=CARTESIAN_POINT('',(-0.02,0.0138644837501762,0.0369255691197753));
#7368=CARTESIAN_POINT('',(-0.02,0.0158159345637787,0.0369971592898967));
#7369=CARTESIAN_POINT('',(-0.02,0.0177673860623694,0.0370689327799277));
#7370=CARTESIAN_POINT('',(-0.02,0.0197188371380416,0.0371408363828533));
#7371=CARTESIAN_POINT('',(-0.02,0.0216702883568705,0.0372127387043876));
#7372=CARTESIAN_POINT('',(-0.02,0.0236217407383757,0.037284516086869));
#7373=CARTESIAN_POINT('',(-0.02,0.0255731931723719,0.0373562092499236));
#7374=CARTESIAN_POINT('',(-0.02,0.0275246457841648,0.0374278373945277));
#7375=CARTESIAN_POINT('',(-0.02,0.0294760979863915,0.0374994585838204));
#7376=CARTESIAN_POINT('',(-0.02,0.0314275506339593,0.0375710554883552));
#7377=CARTESIAN_POINT('',(-0.02,0.0333790026842867,0.0376426979720922));
#7378=CARTESIAN_POINT('',(-0.02,0.0353304547711199,0.0377143579844966));
#7379=CARTESIAN_POINT('',(-0.02,0.0372819071301265,0.0377860193835717));
#7380=CARTESIAN_POINT('',(-0.02,0.0392333589602012,0.0378577162727594));
#7381=CARTESIAN_POINT('',(-0.02,0.0411848113213961,0.0379293868537468));
#7382=CARTESIAN_POINT('',(-0.02,0.0431362633993868,0.0380010686820597));
#7383=CARTESIAN_POINT('',(-0.02,0.0450877156018726,0.038072731811744));
#7384=CARTESIAN_POINT('',(-0.02,0.047039168245682,0.0381443999691487));
#7385=CARTESIAN_POINT('',(-0.02,0.0489906187014712,0.0382160667033463));
#7386=CARTESIAN_POINT('',(-0.02,0.0509420774083715,0.0382877341004614));
#7387=CARTESIAN_POINT('',(-0.02,0.0528935052988474,0.0383594002691136));
#7388=CARTESIAN_POINT('',(-0.02,0.0548450482039096,0.0384310706886997));
#7389=CARTESIAN_POINT('',(-0.02,0.0567961618670512,0.0385027253330132));
#7390=CARTESIAN_POINT('',(-0.02,0.0587488774832889,0.0385744388274836));
#7391=CARTESIAN_POINT('',(-0.02,0.0606956145290627,0.0386459326965987));
#7392=CARTESIAN_POINT('',(-0.02,0.0626646639035961,0.0387182462169781));
#7393=CARTESIAN_POINT('',(-0.02,0.0645504425335548,0.0387875007576555));
#7394=CARTESIAN_POINT('',(-0.02,0.0665325403026676,0.0388602955865721));
#7395=CARTESIAN_POINT('',(-0.02,0.0675035272699568,0.0388959488809627));
#7396=CARTESIAN_POINT('',(-0.02,0.0685120457859553,0.0389329786993862));
#7397=CARTESIAN_POINT('',(-0.02,0.0694791422074872,0.0389685035895468));
#7398=CARTESIAN_POINT('',(-0.02,0.0701307768883254,0.0389924376728943));
#7399=CARTESIAN_POINT('',(-0.02,0.0704565942287445,0.039004404714568));
#7400=CARTESIAN_POINT('',(-0.02,-0.027,0.0384466688742304));
#7401=CARTESIAN_POINT('',(-0.25,-0.0271160155534745,0.0390628799796105));
#7402=CARTESIAN_POINT('',(-0.25,-0.0271033274396533,0.0388845641361066));
#7403=CARTESIAN_POINT('',(-0.25,-0.02708379524995,0.038610063218829));
#7404=CARTESIAN_POINT('',(-0.25,-0.0270192399946063,0.0384856427227943));
#7405=CARTESIAN_POINT('',(-0.25,-0.0269192365743921,0.0382844784033867));
#7406=CARTESIAN_POINT('',(-0.25,-0.0267331634249901,0.038023351507407));
#7407=CARTESIAN_POINT('',(-0.25,-0.026329860005806,0.0376493151065511));
#7408=CARTESIAN_POINT('',(-0.25,-0.0259494301492589,0.0373857711489193));
#7409=CARTESIAN_POINT('',(-0.25,-0.0251496686973357,0.0370446845570294));
#7410=CARTESIAN_POINT('',(-0.25,-0.0241861281491107,0.0368580424976633));
#7411=CARTESIAN_POINT('',(-0.25,-0.0232224549996862,0.0366631763389644));
#7412=CARTESIAN_POINT('',(-0.25,-0.022212558072404,0.036512739221885));
#7413=CARTESIAN_POINT('',(-0.25,-0.0212418368525382,0.0364031196505532));
#7414=CARTESIAN_POINT('',(-0.25,-0.0192589730915848,0.0362769330354283));
#7415=CARTESIAN_POINT('',(-0.25,-0.0173729223080486,0.0361917931585135));
#7416=CARTESIAN_POINT('',(-0.25,-0.0154037491359204,0.0361339661228738));
#7417=CARTESIAN_POINT('',(-0.25,-0.0134568890171095,0.0361080605937971));
#7418=CARTESIAN_POINT('',(-0.25,-0.0115041039875532,0.0361072658002241));
#7419=CARTESIAN_POINT('',(-0.25,-0.00955295180771853,0.036128035481885));
#7420=CARTESIAN_POINT('',(-0.25,-0.00760139788111935,0.0361661217047798));
#7421=CARTESIAN_POINT('',(-0.25,-0.00564997232585639,0.0362174677400582));
#7422=CARTESIAN_POINT('',(-0.25,-0.00369852641880533,0.0362790702147456));
#7423=CARTESIAN_POINT('',(-0.25,-0.00174709733809997,0.036348030617465));
#7424=CARTESIAN_POINT('',(-0.25,0.000204329115361439,0.0364213832848982));
#7425=CARTESIAN_POINT('',(-0.25,0.00215575606091265,0.036496210193553));
#7426=CARTESIAN_POINT('',(-0.25,0.00410720820078357,0.0365694714386961));
#7427=CARTESIAN_POINT('',(-0.25,0.00605866437643216,0.0366414951268977));
#7428=CARTESIAN_POINT('',(-0.25,0.00801012021683448,0.0367127182861195));
#7429=CARTESIAN_POINT('',(-0.25,0.0099615762800289,0.0367835220838537));
#7430=CARTESIAN_POINT('',(-0.25,0.0119130315845162,0.0368543450054605));
#7431=CARTESIAN_POINT('',(-0.25,0.0138644837501762,0.0369255691197753));
#7432=CARTESIAN_POINT('',(-0.25,0.0158159345637787,0.0369971592898967));
#7433=CARTESIAN_POINT('',(-0.25,0.0177673860623694,0.0370689327799277));
#7434=CARTESIAN_POINT('',(-0.25,0.0197188371380416,0.0371408363828533));
#7435=CARTESIAN_POINT('',(-0.25,0.0216702883568705,0.0372127387043876));
#7436=CARTESIAN_POINT('',(-0.25,0.0236217407383757,0.037284516086869));
#7437=CARTESIAN_POINT('',(-0.25,0.0255731931723719,0.0373562092499236));
#7438=CARTESIAN_POINT('',(-0.25,0.0275246457841648,0.0374278373945277));
#7439=CARTESIAN_POINT('',(-0.25,0.0294760979863915,0.0374994585838204));
#7440=CARTESIAN_POINT('',(-0.25,0.0314275506339593,0.0375710554883552));
#7441=CARTESIAN_POINT('',(-0.25,0.0333790026842867,0.0376426979720922));
#7442=CARTESIAN_POINT('',(-0.25,0.0353304547711199,0.0377143579844966));
#7443=CARTESIAN_POINT('',(-0.25,0.0372819071301265,0.0377860193835717));
#7444=CARTESIAN_POINT('',(-0.25,0.0392333589602012,0.0378577162727594));
#7445=CARTESIAN_POINT('',(-0.25,0.0411848113213961,0.0379293868537468));
#7446=CARTESIAN_POINT('',(-0.25,0.0431362633993868,0.0380010686820597));
#7447=CARTESIAN_POINT('',(-0.25,0.0450877156018726,0.038072731811744));
#7448=CARTESIAN_POINT('',(-0.25,0.047039168245682,0.0381443999691487));
#7449=CARTESIAN_POINT('',(-0.25,0.0489906187014712,0.0382160667033463));
#7450=CARTESIAN_POINT('',(-0.25,0.0509420774083715,0.0382877341004614));
#7451=CARTESIAN_POINT('',(-0.25,0.0528935052988474,0.0383594002691136));
#7452=CARTESIAN_POINT('',(-0.25,0.0548450482039096,0.0384310706886997));
#7453=CARTESIAN_POINT('',(-0.25,0.0567961618670512,0.0385027253330132));
#7454=CARTESIAN_POINT('',(-0.25,0.0587488774832889,0.0385744388274836));
#7455=CARTESIAN_POINT('',(-0.25,0.0606956145290627,0.0386459326965987));
#7456=CARTESIAN_POINT('',(-0.25,0.0626646639035961,0.0387182462169781));
#7457=CARTESIAN_POINT('',(-0.25,0.0645504425335548,0.0387875007576555));
#7458=CARTESIAN_POINT('',(-0.25,0.0665325403026676,0.0388602955865721));
#7459=CARTESIAN_POINT('',(-0.25,0.0675035272699568,0.0388959488809627));
#7460=CARTESIAN_POINT('',(-0.25,0.0685120457859553,0.0389329786993862));
#7461=CARTESIAN_POINT('',(-0.25,0.0694791422074872,0.0389685035895468));
#7462=CARTESIAN_POINT('',(-0.25,0.0701307768883254,0.0389924376728943));
#7463=CARTESIAN_POINT('',(-0.25,0.0704565942287445,0.039004404714568));
#7464=CARTESIAN_POINT('',(-0.25,0.0704565942287445,0.039004404714568));
#7465=CARTESIAN_POINT('',(0.25,0.0704565942287445,0.039004404714568));
#7466=CARTESIAN_POINT('',(0.25,0.0704565942287445,0.039004404714568));
#7467=CARTESIAN_POINT('',(0.25,-0.0271160155534745,0.0390628799796105));
#7468=CARTESIAN_POINT('',(0.25,-0.0271033274396533,0.0388845641361066));
#7469=CARTESIAN_POINT('',(0.25,-0.02708379524995,0.038610063218829));
#7470=CARTESIAN_POINT('',(0.25,-0.0270192399946063,0.0384856427227943));
#7471=CARTESIAN_POINT('',(0.25,-0.0269192365743921,0.0382844784033867));
#7472=CARTESIAN_POINT('',(0.25,-0.0267331634249901,0.038023351507407));
#7473=CARTESIAN_POINT('',(0.25,-0.026329860005806,0.0376493151065511));
#7474=CARTESIAN_POINT('',(0.25,-0.0259494301492589,0.0373857711489193));
#7475=CARTESIAN_POINT('',(0.25,-0.0251496686973357,0.0370446845570294));
#7476=CARTESIAN_POINT('',(0.25,-0.0241861281491107,0.0368580424976633));
#7477=CARTESIAN_POINT('',(0.25,-0.0232224549996862,0.0366631763389644));
#7478=CARTESIAN_POINT('',(0.25,-0.022212558072404,0.036512739221885));
#7479=CARTESIAN_POINT('',(0.25,-0.0212418368525382,0.0364031196505532));
#7480=CARTESIAN_POINT('',(0.25,-0.0192589730915848,0.0362769330354283));
#7481=CARTESIAN_POINT('',(0.25,-0.0173729223080486,0.0361917931585135));
#7482=CARTESIAN_POINT('',(0.25,-0.0154037491359204,0.0361339661228738));
#7483=CARTESIAN_POINT('',(0.25,-0.0134568890171095,0.0361080605937971));
#7484=CARTESIAN_POINT('',(0.25,-0.0115041039875532,0.0361072658002241));
#7485=CARTESIAN_POINT('',(0.25,-0.00955295180771853,0.036128035481885));
#7486=CARTESIAN_POINT('',(0.25,-0.00760139788111935,0.0361661217047798));
#7487=CARTESIAN_POINT('',(0.25,-0.00564997232585639,0.0362174677400582));
#7488=CARTESIAN_POINT('',(0.25,-0.00369852641880533,0.0362790702147456));
#7489=CARTESIAN_POINT('',(0.25,-0.00174709733809997,0.036348030617465));
#7490=CARTESIAN_POINT('',(0.25,0.000204329115361439,0.0364213832848982));
#7491=CARTESIAN_POINT('',(0.25,0.00215575606091265,0.036496210193553));
#7492=CARTESIAN_POINT('',(0.25,0.00410720820078357,0.0365694714386961));
#7493=CARTESIAN_POINT('',(0.25,0.00605866437643216,0.0366414951268977));
#7494=CARTESIAN_POINT('',(0.25,0.00801012021683448,0.0367127182861195));
#7495=CARTESIAN_POINT('',(0.25,0.0099615762800289,0.0367835220838537));
#7496=CARTESIAN_POINT('',(0.25,0.0119130315845162,0.0368543450054605));
#7497=CARTESIAN_POINT('',(0.25,0.0138644837501762,0.0369255691197753));
#7498=CARTESIAN_POINT('',(0.25,0.0158159345637787,0.0369971592898967));
#7499=CARTESIAN_POINT('',(0.25,0.0177673860623694,0.0370689327799277));
#7500=CARTESIAN_POINT('',(0.25,0.0197188371380416,0.0371408363828533));
#7501=CARTESIAN_POINT('',(0.25,0.0216702883568705,0.0372127387043876));
#7502=CARTESIAN_POINT('',(0.25,0.0236217407383757,0.037284516086869));
#7503=CARTESIAN_POINT('',(0.25,0.0255731931723719,0.0373562092499236));
#7504=CARTESIAN_POINT('',(0.25,0.0275246457841648,0.0374278373945277));
#7505=CARTESIAN_POINT('',(0.25,0.0294760979863915,0.0374994585838204));
#7506=CARTESIAN_POINT('',(0.25,0.0314275506339593,0.0375710554883552));
#7507=CARTESIAN_POINT('',(0.25,0.0333790026842867,0.0376426979720922));
#7508=CARTESIAN_POINT('',(0.25,0.0353304547711199,0.0377143579844966));
#7509=CARTESIAN_POINT('',(0.25,0.0372819071301265,0.0377860193835717));
#7510=CARTESIAN_POINT('',(0.25,0.0392333589602012,0.0378577162727594));
#7511=CARTESIAN_POINT('',(0.25,0.0411848113213961,0.0379293868537468));
#7512=CARTESIAN_POINT('',(0.25,0.0431362633993868,0.0380010686820597));
#7513=CARTESIAN_POINT('',(0.25,0.0450877156018726,0.038072731811744));
#7514=CARTESIAN_POINT('',(0.25,0.047039168245682,0.0381443999691487));
#7515=CARTESIAN_POINT('',(0.25,0.0489906187014712,0.0382160667033463));
#7516=CARTESIAN_POINT('',(0.25,0.0509420774083715,0.0382877341004614));
#7517=CARTESIAN_POINT('',(0.25,0.0528935052988474,0.0383594002691136));
#7518=CARTESIAN_POINT('',(0.25,0.0548450482039096,0.0384310706886997));
#7519=CARTESIAN_POINT('',(0.25,0.0567961618670512,0.0385027253330132));
#7520=CARTESIAN_POINT('',(0.25,0.0587488774832889,0.0385744388274836));
#7521=CARTESIAN_POINT('',(0.25,0.0606956145290627,0.0386459326965987));
#7522=CARTESIAN_POINT('',(0.25,0.0626646639035961,0.0387182462169781));
#7523=CARTESIAN_POINT('',(0.25,0.0645504425335548,0.0387875007576555));
#7524=CARTESIAN_POINT('',(0.25,0.0665325403026676,0.0388602955865721));
#7525=CARTESIAN_POINT('',(0.25,0.0675035272699568,0.0388959488809627));
#7526=CARTESIAN_POINT('',(0.25,0.0685120457859553,0.0389329786993862));
#7527=CARTESIAN_POINT('',(0.25,0.0694791422074872,0.0389685035895468));
#7528=CARTESIAN_POINT('',(0.25,0.0701307768883254,0.0389924376728943));
#7529=CARTESIAN_POINT('',(0.25,0.0704565942287445,0.039004404714568));
#7530=CARTESIAN_POINT('',(0.02,-0.0271160155534745,0.0390628799796105));
#7531=CARTESIAN_POINT('',(0.02,-0.0271033274396533,0.0388845641361066));
#7532=CARTESIAN_POINT('',(0.02,-0.02708379524995,0.038610063218829));
#7533=CARTESIAN_POINT('',(0.02,-0.0270192399946063,0.0384856427227943));
#7534=CARTESIAN_POINT('',(0.02,-0.0269192365743921,0.0382844784033867));
#7535=CARTESIAN_POINT('',(0.02,-0.0267331634249901,0.038023351507407));
#7536=CARTESIAN_POINT('',(0.02,-0.026329860005806,0.0376493151065511));
#7537=CARTESIAN_POINT('',(0.02,-0.0259494301492589,0.0373857711489193));
#7538=CARTESIAN_POINT('',(0.02,-0.0251496686973357,0.0370446845570294));
#7539=CARTESIAN_POINT('',(0.02,-0.0241861281491107,0.0368580424976633));
#7540=CARTESIAN_POINT('',(0.02,-0.0232224549996862,0.0366631763389644));
#7541=CARTESIAN_POINT('',(0.02,-0.022212558072404,0.036512739221885));
#7542=CARTESIAN_POINT('',(0.02,-0.0212418368525382,0.0364031196505532));
#7543=CARTESIAN_POINT('',(0.02,-0.0192589730915848,0.0362769330354283));
#7544=CARTESIAN_POINT('',(0.02,-0.0173729223080486,0.0361917931585135));
#7545=CARTESIAN_POINT('',(0.02,-0.0154037491359204,0.0361339661228738));
#7546=CARTESIAN_POINT('',(0.02,-0.0134568890171095,0.0361080605937971));
#7547=CARTESIAN_POINT('',(0.02,-0.0115041039875532,0.0361072658002241));
#7548=CARTESIAN_POINT('',(0.02,-0.00955295180771853,0.036128035481885));
#7549=CARTESIAN_POINT('',(0.02,-0.00760139788111935,0.0361661217047798));
#7550=CARTESIAN_POINT('',(0.02,-0.00564997232585639,0.0362174677400582));
#7551=CARTESIAN_POINT('',(0.02,-0.00369852641880533,0.0362790702147456));
#7552=CARTESIAN_POINT('',(0.02,-0.00174709733809997,0.036348030617465));
#7553=CARTESIAN_POINT('',(0.02,0.000204329115361439,0.0364213832848982));
#7554=CARTESIAN_POINT('',(0.02,0.00215575606091265,0.036496210193553));
#7555=CARTESIAN_POINT('',(0.02,0.00410720820078357,0.0365694714386961));
#7556=CARTESIAN_POINT('',(0.02,0.00605866437643216,0.0366414951268977));
#7557=CARTESIAN_POINT('',(0.02,0.00801012021683448,0.0367127182861195));
#7558=CARTESIAN_POINT('',(0.02,0.0099615762800289,0.0367835220838537));
#7559=CARTESIAN_POINT('',(0.02,0.0119130315845162,0.0368543450054605));
#7560=CARTESIAN_POINT('',(0.02,0.0138644837501762,0.0369255691197753));
#7561=CARTESIAN_POINT('',(0.02,0.0158159345637787,0.0369971592898967));
#7562=CARTESIAN_POINT('',(0.02,0.0177673860623694,0.0370689327799277));
#7563=CARTESIAN_POINT('',(0.02,0.0197188371380416,0.0371408363828533));
#7564=CARTESIAN_POINT('',(0.02,0.0216702883568705,0.0372127387043876));
#7565=CARTESIAN_POINT('',(0.02,0.0236217407383757,0.037284516086869));
#7566=CARTESIAN_POINT('',(0.02,0.0255731931723719,0.0373562092499236));
#7567=CARTESIAN_POINT('',(0.02,0.0275246457841648,0.0374278373945277));
#7568=CARTESIAN_POINT('',(0.02,0.0294760979863915,0.0374994585838204));
#7569=CARTESIAN_POINT('',(0.02,0.0314275506339593,0.0375710554883552));
#7570=CARTESIAN_POINT('',(0.02,0.0333790026842867,0.0376426979720922));
#7571=CARTESIAN_POINT('',(0.02,0.0353304547711199,0.0377143579844966));
#7572=CARTESIAN_POINT('',(0.02,0.0372819071301265,0.0377860193835717));
#7573=CARTESIAN_POINT('',(0.02,0.0392333589602012,0.0378577162727594));
#7574=CARTESIAN_POINT('',(0.02,0.0411848113213961,0.0379293868537468));
#7575=CARTESIAN_POINT('',(0.02,0.0431362633993868,0.0380010686820597));
#7576=CARTESIAN_POINT('',(0.02,0.0450877156018726,0.038072731811744));
#7577=CARTESIAN_POINT('',(0.02,0.047039168245682,0.0381443999691487));
#7578=CARTESIAN_POINT('',(0.02,0.0489906187014712,0.0382160667033463));
#7579=CARTESIAN_POINT('',(0.02,0.0509420774083715,0.0382877341004614));
#7580=CARTESIAN_POINT('',(0.02,0.0528935052988474,0.0383594002691136));
#7581=CARTESIAN_POINT('',(0.02,0.0548450482039096,0.0384310706886997));
#7582=CARTESIAN_POINT('',(0.02,0.0567961618670512,0.0385027253330132));
#7583=CARTESIAN_POINT('',(0.02,0.0587488774832889,0.0385744388274836));
#7584=CARTESIAN_POINT('',(0.02,0.0606956145290627,0.0386459326965987));
#7585=CARTESIAN_POINT('',(0.02,0.0626646639035961,0.0387182462169781));
#7586=CARTESIAN_POINT('',(0.02,0.0645504425335548,0.0387875007576555));
#7587=CARTESIAN_POINT('',(0.02,0.0665325403026676,0.0388602955865721));
#7588=CARTESIAN_POINT('',(0.02,0.0675035272699568,0.0388959488809627));
#7589=CARTESIAN_POINT('',(0.02,0.0685120457859553,0.0389329786993862));
#7590=CARTESIAN_POINT('',(0.02,0.0694791422074872,0.0389685035895468));
#7591=CARTESIAN_POINT('',(0.02,0.0701307768883254,0.0389924376728943));
#7592=CARTESIAN_POINT('',(0.02,0.0704565942287445,0.039004404714568));
#7593=CARTESIAN_POINT('',(0.02,-0.027,0.0384466688742304));
#7594=CARTESIAN_POINT('',(0.25,-0.027,0.0384466688742304));
#7595=CARTESIAN_POINT('',(0.25,0.0704565942287445,0.0390628799796105));
#7596=CARTESIAN_POINT('',(-0.25,0.0704565942287445,0.0390628799796105));
#7597=CARTESIAN_POINT('',(0.25,0.0704565942287445,0.0390628799796105));
#7598=CARTESIAN_POINT('',(0.25,0.0216702893376351,0.0420570177229636));
#7599=CARTESIAN_POINT('',(-0.25,0.0216702893376351,0.0420570177229636));
#7600=CARTESIAN_POINT('',(-0.02,-0.067,0.0145833333954215));
#7601=CARTESIAN_POINT('',(-0.02,-0.0477282553911209,-0.00470029748976231));
#7602=CARTESIAN_POINT('',(-0.02,-0.0477282553911209,-0.00570029748976231));
#7603=CARTESIAN_POINT('',(-0.02,-0.067,-0.0104166666045785));
#7604=CARTESIAN_POINT('',(-0.02,-0.0670318759132868,-0.0104166666045785));
#7605=CARTESIAN_POINT('',(-0.02,-0.027,-0.0104166666045785));
#7606=CARTESIAN_POINT('',(-0.02,-0.0670318759132868,0.0045514574821347));
#7607=CARTESIAN_POINT('',(-0.02,-0.0819999807541615,0.00452745440260452));
#7608=CARTESIAN_POINT('',(-0.02,-0.0769301515190165,0.00451348491443801));
#7609=CARTESIAN_POINT('',(-0.02,-0.0769301515190165,0.00958333339542151));
#7610=CARTESIAN_POINT('',(-0.02,-0.082,0.00958333339542151));
#7611=CARTESIAN_POINT('',(-0.02,-0.067,0.0395833333954215));
#7612=CARTESIAN_POINT('',(-0.02,-0.027,0.0395833333954215));
#7613=CARTESIAN_POINT('',(-0.02,-0.027,0.0145833333954215));
#7614=CARTESIAN_POINT('',(-0.02,-0.027,0.0145833333954215));
#7615=CARTESIAN_POINT('',(0.02,-0.067,0.0145833333954215));
#7616=CARTESIAN_POINT('',(0.02,-0.0366953536868096,0.0365855526179076));
#7617=CARTESIAN_POINT('',(0.02,-0.0366953536868096,0.0367445237934589));
#7618=CARTESIAN_POINT('',(0.02,-0.0366953536868096,0.0364265814423561));
#7619=CARTESIAN_POINT('',(0.02,-0.0332377515733242,0.0367445237934589));
#7620=CARTESIAN_POINT('',(0.02,-0.0297801494598388,0.0367445237934589));
#7621=CARTESIAN_POINT('',(0.02,-0.0297801494598388,0.0228743781335652));
#7622=CARTESIAN_POINT('',(0.02,-0.0297801494598388,0.00900423247367144));
#7623=CARTESIAN_POINT('',(0.02,-0.0471078976988792,0.00900423247367144));
#7624=CARTESIAN_POINT('',(0.02,-0.0644356459379196,0.00900423247367144));
#7625=CARTESIAN_POINT('',(0.02,-0.0505654998123646,0.0227154069580138));
#7626=CARTESIAN_POINT('',(0.02,-0.0477282553911209,-0.00470029748976231));
#7627=CARTESIAN_POINT('',(0.02,-0.0477282553911209,-0.00370029748976231));
#7628=CARTESIAN_POINT('',(0.02,-0.0769301515190165,0.00451348491443801));
#7629=CARTESIAN_POINT('',(0.02,-0.0769301515190165,0.00958333339542151));
#7630=CARTESIAN_POINT('',(0.02,-0.0819999807541615,0.00452745440260452));
#7631=CARTESIAN_POINT('',(0.02,-0.0670318759132868,0.0045514574821347));
#7632=CARTESIAN_POINT('',(0.02,-0.0670318759132868,-0.0104166666045785));
#7633=CARTESIAN_POINT('',(0.02,-0.067,-0.0104166666045785));
#7634=CARTESIAN_POINT('',(0.02,-0.027,-0.0104166666045785));
#7635=CARTESIAN_POINT('',(0.02,-0.027,0.0145833333954215));
#7636=CARTESIAN_POINT('',(0.02,-0.027,0.0145833333954215));
#7637=CARTESIAN_POINT('',(0.02,-0.027,0.0395833333954215));
#7638=CARTESIAN_POINT('',(0.02,-0.067,0.0395833333954215));
#7639=CARTESIAN_POINT('',(0.02,-0.082,0.00958333339542151));
#7640=CARTESIAN_POINT('',(-3.46944695195361E-18,-0.027,0.0145833333954215));
#7641=CARTESIAN_POINT('',(0.,-0.027,0.0395833333954215));
#7642=CARTESIAN_POINT('',(-3.46944695195361E-18,-0.027,0.0145833333954215));
#7643=CARTESIAN_POINT('',(-6.93889390390723E-18,-0.027,-0.0104166666045785));
#7644=CARTESIAN_POINT('',(0.,-0.067,0.0395833333954215));
#7645=CARTESIAN_POINT('',(-6.93889390390723E-18,-0.067,-0.0104166666045785));
#7646=CARTESIAN_POINT('',(0.0125,-0.0670318759132868,-0.0104166666045785));
#7647=CARTESIAN_POINT('',(-3.46944695195361E-18,-0.082,0.00958333339542151));
#7648=CARTESIAN_POINT('',(-0.0125,-0.0769301515190165,0.00958333339542151));
#7649=CARTESIAN_POINT('',(-0.0125,-0.077,0.));
#7650=CARTESIAN_POINT('',(-0.0125,-0.0769301515190165,0.00451348491443801));
#7651=CARTESIAN_POINT('',(-0.0125,-0.077,0.00958285221320765));
#7652=CARTESIAN_POINT('',(-0.0125,-0.0819999807541615,0.00452745440260452));
#7653=CARTESIAN_POINT('',(-0.0125,-0.0670318759132868,0.0045514574821347));
#7654=CARTESIAN_POINT('',(-0.0125,-0.077,-0.00661461796392656));
#7655=CARTESIAN_POINT('',(-0.0125,-0.077,0.));
#7656=CARTESIAN_POINT('',(0.0125,-0.077,1.7347234759768E-18));
#7657=CARTESIAN_POINT('',(0.0125,-0.077,1.7347234759768E-18));
#7658=CARTESIAN_POINT('',(0.0125,-0.077,0.00958285221320765));
#7659=CARTESIAN_POINT('',(0.0125,-0.077,-0.00661461796392656));
#7660=CARTESIAN_POINT('',(0.0125,-0.0670318759132868,0.0045514574821347));
#7661=CARTESIAN_POINT('',(0.0125,-0.0819999807541615,0.00452745440260452));
#7662=CARTESIAN_POINT('',(0.0125,-0.0769301515190165,0.00451348491443801));
#7663=CARTESIAN_POINT('',(-6.93889390390723E-18,-0.077,0.));
#7664=CARTESIAN_POINT('',(-0.0125,-0.077,-0.00661461796392656));
#7665=CARTESIAN_POINT('',(0.0125,-0.077,0.00958285221320765));
#7666=CARTESIAN_POINT('',(-6.93889390390723E-18,-0.0769301515190165,0.00451348491443801));
#7667=CARTESIAN_POINT('',(0.01625,-0.0819999807541615,0.00452745440260452));
#7668=CARTESIAN_POINT('',(-0.02,-0.0819999807541615,0.00452745440260452));
#7669=CARTESIAN_POINT('',(-6.93889390390723E-18,-0.0670318759132868,0.0045514574821347));
#7670=CARTESIAN_POINT('',(0.,-0.087,0.00148411712464054));
#7671=CARTESIAN_POINT('',(-0.0004,-0.0841589942574501,8.67689959704876E-6));
#7672=CARTESIAN_POINT('',(-0.0004,-0.081764817237854,-0.00470977602526546));
#7673=CARTESIAN_POINT('',(-0.005,-0.081764817237854,-0.00470977602526546));
#7674=CARTESIAN_POINT('',(-0.005,-0.0841589942574501,8.67689959704876E-6));
#7675=CARTESIAN_POINT('',(-0.0004,-0.0810657888650894,-0.00470977602526546));
#7676=CARTESIAN_POINT('',(-0.0004,-0.0803667604923248,-0.00470977602526546));
#7677=CARTESIAN_POINT('',(-0.005,-0.0803667604923248,-0.00470977602526546));
#7678=CARTESIAN_POINT('',(-0.005,-0.0810657888650894,-0.00470977602526546));
#7679=CARTESIAN_POINT('',(-0.0004,-0.0827609375119209,7.85798765718937E-5));
#7680=CARTESIAN_POINT('',(-0.0004,-0.085155114531517,0.00486693577840924));
#7681=CARTESIAN_POINT('',(-0.005,-0.085155114531517,0.00486693577840924));
#7682=CARTESIAN_POINT('',(-0.005,-0.0827609375119209,7.85798765718937E-5));
#7683=CARTESIAN_POINT('',(-0.0004,-0.0858541429042816,0.0047970328014344));
#7684=CARTESIAN_POINT('',(-0.0004,-0.0865531712770462,0.00472712982445955));
#7685=CARTESIAN_POINT('',(-0.005,-0.0865531712770462,0.00472712982445955));
#7686=CARTESIAN_POINT('',(-0.005,-0.0858541429042816,0.0047970328014344));
#7687=CARTESIAN_POINT('',(-0.0004,-0.0841589942574501,8.67689959704876E-6));
#7688=CARTESIAN_POINT('',(-0.005,-0.0841589942574501,8.67689959704876E-6));
#7689=CARTESIAN_POINT('',(-0.0004,-0.0827609375119209,7.85798765718937E-5));
#7690=CARTESIAN_POINT('',(-0.005,-0.0827609375119209,7.85798765718937E-5));
#7691=CARTESIAN_POINT('',(-0.005,-0.081764817237854,-0.00470977602526546));
#7692=CARTESIAN_POINT('',(-0.035,-0.0865004435181618,-0.00454238802194595));
#7693=CARTESIAN_POINT('',(-0.0358471060147339,-0.0866341627683478,-0.00453766150913241));
#7694=CARTESIAN_POINT('',(-0.005,-0.0825614086705896,-0.00313985068351031));
#7695=CARTESIAN_POINT('',(-0.035,-0.0860203976432482,-0.003023874014616));
#7696=CARTESIAN_POINT('',(-0.0358471060147339,-0.0861180686553695,-0.00302059919682303));
#7697=CARTESIAN_POINT('',(-0.005,-0.0833572673275344,-0.00157136949899373));
#7698=CARTESIAN_POINT('',(-0.035,-0.0855399105859432,-0.00150396442891273));
#7699=CARTESIAN_POINT('',(-0.0358471060147339,-0.0856015415936838,-0.0015020611209031));
#7700=CARTESIAN_POINT('',(-0.005,-0.0849533833165226,0.00157426179519162));
#7701=CARTESIAN_POINT('',(-0.035,-0.084579818430278,0.00153306486952234));
#7702=CARTESIAN_POINT('',(-0.0358471060147339,-0.0845692701282103,0.00153190159740491));
#7703=CARTESIAN_POINT('',(-0.005,-0.0857536446967177,0.00315141988297301));
#7704=CARTESIAN_POINT('',(-0.035,-0.0841002141435941,0.00305018201470376));
#7705=CARTESIAN_POINT('',(-0.0358471060147339,-0.0840535264447109,0.0030473233744661));
#7706=CARTESIAN_POINT('',(-0.005,-0.0865531712770462,0.00472712982445955));
#7707=CARTESIAN_POINT('',(-0.035,-0.0836201682686806,0.00456869602203369));
#7708=CARTESIAN_POINT('',(-0.0358471060147339,-0.0835373494523599,0.00456422234780129));
#7709=CARTESIAN_POINT('',(-0.0267517658569507,-0.0844265714548904,0.00461225597961284));
#7710=CARTESIAN_POINT('',(-0.0271074121644678,-0.0843918010653077,0.00461037776690593));
#7711=CARTESIAN_POINT('',(-0.0275867410918529,-0.0843456899964688,0.00459934307405909));
#7712=CARTESIAN_POINT('',(-0.0280440981158226,-0.0843040473979457,0.00457302129708589));
#7713=CARTESIAN_POINT('',(-0.0282844725400064,-0.0842831590128594,0.00455312786377415));
#7714=CARTESIAN_POINT('',(-0.0284810537672274,-0.0842665935014532,0.0045337175902342));
#7715=CARTESIAN_POINT('',(-0.0288733363177979,-0.0842358832080422,0.00448184953852059));
#7716=CARTESIAN_POINT('',(-0.0294217901401506,-0.084199552981156,0.00437916656755697));
#7717=CARTESIAN_POINT('',(-0.0300792340422163,-0.0841670955730553,0.00421072969650223));
#7718=CARTESIAN_POINT('',(-0.030938331593072,-0.0841553742761018,0.00388932365056711));
#7719=CARTESIAN_POINT('',(-0.0319424198569803,-0.0841914787396856,0.00336830020249818));
#7720=CARTESIAN_POINT('',(-0.0325906480032694,-0.0842781813458293,0.00285881187133299));
#7721=CARTESIAN_POINT('',(-0.0329701821914273,-0.084364255300182,0.00246806951004843));
#7722=CARTESIAN_POINT('',(-0.0267517658569153,-0.0844265714538596,0.00461225599198662));
#7723=CARTESIAN_POINT('',(-0.0329701752661664,-0.0843642700667305,0.00246806603625552));
#7724=CARTESIAN_POINT('',(-0.0329701679453518,-0.0843642592043715,0.00246805656744382));
#7725=CARTESIAN_POINT('',(-0.0331123263613351,-0.0843964755445584,0.00232179108178304));
#7726=CARTESIAN_POINT('',(-0.0333449707907033,-0.0844579657932871,0.00205936342095367));
#7727=CARTESIAN_POINT('',(-0.0336790142425873,-0.0845649194296998,0.00164412700082577));
#7728=CARTESIAN_POINT('',(-0.0339713977339833,-0.0846708555996528,0.00125894355330306));
#7729=CARTESIAN_POINT('',(-0.0341859302767164,-0.0847563188694645,0.000964547070315656));
#7730=CARTESIAN_POINT('',(-0.0344099013973502,-0.0848516963606947,0.000647831773450596));
#7731=CARTESIAN_POINT('',(-0.0346254646285691,-0.0849516104738016,0.000330109124380361));
#7732=CARTESIAN_POINT('',(-0.0348167163130712,-0.0850459257094785,3.91209380640867E-5));
#7733=CARTESIAN_POINT('',(-0.0350651175473805,-0.0851793023696857,-0.000357531328310516));
#7734=CARTESIAN_POINT('',(-0.0352605348795732,-0.0852963744184801,-0.000693650445723206));
#7735=CARTESIAN_POINT('',(-0.0354020151791473,-0.0853897066540432,-0.000956125199624795));
#7736=CARTESIAN_POINT('',(-0.0355027597995912,-0.0854631023345517,-0.00115994710638012));
#7737=CARTESIAN_POINT('',(-0.0355607974721611,-0.0855075690304527,-0.0012828702541163));
#7738=CARTESIAN_POINT('',(-0.0356500313675498,-0.0855826070246491,-0.00148934348810151));
#7739=CARTESIAN_POINT('',(-0.03571496479002,-0.0856466393700697,-0.00166528356178326));
#7740=CARTESIAN_POINT('',(-0.0357648423788252,-0.0857020805297124,-0.00181793084377134));
#7741=CARTESIAN_POINT('',(-0.0358359622373096,-0.0858050226133697,-0.00210395373456012));
#7742=CARTESIAN_POINT('',(-0.035861422933011,-0.0859173560193611,-0.00242604054587445));
#7743=CARTESIAN_POINT('',(-0.0357910317897264,-0.0860266989329512,-0.00276906540205227));
#7744=CARTESIAN_POINT('',(-0.0356408413083534,-0.0861004362236265,-0.00303832315023063));
#7745=CARTESIAN_POINT('',(-0.0353993284110521,-0.0861602497433053,-0.00330651977707477));
#7746=CARTESIAN_POINT('',(-0.0351178113819357,-0.0861917743229082,-0.00351592876318402));
#7747=CARTESIAN_POINT('',(-0.0348601757721635,-0.0862062510949241,-0.00367052489779708));
#7748=CARTESIAN_POINT('',(-0.0346093450908008,-0.0862113371112714,-0.00379836648566266));
#7749=CARTESIAN_POINT('',(-0.0344697921639517,-0.0862109449883849,-0.00386157719394739));
#7750=CARTESIAN_POINT('',(-0.0342339865712371,-0.0862077771456099,-0.00396223996386656));
#7751=CARTESIAN_POINT('',(-0.0339349435683885,-0.0861965241549831,-0.00407202588504245));
#7752=CARTESIAN_POINT('',(-0.033552342194682,-0.0861733542553954,-0.00419048236517109));
#7753=CARTESIAN_POINT('',(-0.0331130306371937,-0.086136494876146,-0.00430010223333342));
#7754=CARTESIAN_POINT('',(-0.0327657427010577,-0.0861013792159494,-0.00437065826328367));
#7755=CARTESIAN_POINT('',(-0.0323779825436127,-0.0860573700557694,-0.00443550591450455));
#7756=CARTESIAN_POINT('',(-0.0320452784967672,-0.0860152278283962,-0.00447767750315439));
#7757=CARTESIAN_POINT('',(-0.0317816457861579,-0.0859799142369643,-0.004504644037304));
#7758=CARTESIAN_POINT('',(-0.0315515657859896,-0.0859478212518161,-0.00452369422336703));
#7759=CARTESIAN_POINT('',(-0.0314293049005693,-0.0859302234288828,-0.00453174163272322));
#7760=CARTESIAN_POINT('',(-0.0312053390592804,-0.0858974622502969,-0.00454435927760395));
#7761=CARTESIAN_POINT('',(-0.0307847572803091,-0.0858341223175341,-0.00456076955083072));
#7762=CARTESIAN_POINT('',(-0.0303342167716949,-0.0857639299956917,-0.00456842122657797));
#7763=CARTESIAN_POINT('',(-0.0299983869510313,-0.0857109178448743,-0.00457029502266741));
#7764=CARTESIAN_POINT('',(-0.0299984132827713,-0.0857107510291782,-0.00457029487574681));
#7765=CARTESIAN_POINT('',(-0.005,-0.081764817237854,-0.00470977602526546));
#7766=CARTESIAN_POINT('',(-0.02,-0.0850866697728634,0.00464791292324662));
#7767=CARTESIAN_POINT('',(-2.64335035925026E-5,0.,-0.00473752653743914));
#7768=CARTESIAN_POINT('',(-0.0299984396145114,-0.0857105842134823,-0.00457029472882625));
#7769=CARTESIAN_POINT('',(-0.0300101139486526,-0.0851775928278623,-0.00457022959071019));
#7770=CARTESIAN_POINT('',(-0.0300217882827939,-0.0846446014422424,-0.00457016445259412));
#7771=CARTESIAN_POINT('',(-0.0300334626169351,-0.0841116100566225,-0.00457009931447806));
#7772=CARTESIAN_POINT('',(-0.0300334626169367,-0.084111610056593,-0.00457009931447804));
#7773=CARTESIAN_POINT('',(-0.02,-0.0826106667518616,-0.00462608202360571));
#7774=CARTESIAN_POINT('',(-0.005,-0.085155114531517,0.00486693577840924));
#7775=CARTESIAN_POINT('',(-0.035,-0.0823269784450531,0.00456869602203369));
#7776=CARTESIAN_POINT('',(-0.0357311120081075,-0.0822580556366072,0.00456142779979432));
#7777=CARTESIAN_POINT('',(-0.005,-0.0843439588839842,0.00324462385227282));
#7778=CARTESIAN_POINT('',(-0.035,-0.0827482442061106,0.00305018201470375));
#7779=CARTESIAN_POINT('',(-0.0357311120081075,-0.0827093560006938,0.0030454433892929));
#7780=CARTESIAN_POINT('',(-0.005,-0.08352617364857,0.00160905274521582));
#7781=CARTESIAN_POINT('',(-0.035,-0.0831660390531757,0.00154417942416338));
#7782=CARTESIAN_POINT('',(-0.0357311120081075,-0.0831572624289348,0.00154259843536248));
#7783=CARTESIAN_POINT('',(-0.005,-0.081930216847474,-0.00158286209861415));
#7784=CARTESIAN_POINT('',(-0.035,-0.0840085989393212,-0.00149295083278955));
#7785=CARTESIAN_POINT('',(-0.0357311120081075,-0.084059249942814,-0.0014907596592526));
#7786=CARTESIAN_POINT('',(-0.005,-0.0811517228578561,-0.00313985068351031));
#7787=CARTESIAN_POINT('',(-0.035,-0.0844333072503408,-0.00302387401461602));
#7788=CARTESIAN_POINT('',(-0.0357311120081075,-0.0845132807755062,-0.00302104761677306));
#7789=CARTESIAN_POINT('',(-0.005,-0.0803667604923248,-0.00470977602526546));
#7790=CARTESIAN_POINT('',(-0.035,-0.0848545730113983,-0.00454238802194596));
#7791=CARTESIAN_POINT('',(-0.0357311120081075,-0.084963942798826,-0.00453830870930462));
#7792=CARTESIAN_POINT('',(-0.0300334626169367,-0.084111610056593,-0.00457009931447805));
#7793=CARTESIAN_POINT('',(-0.030358277609627,-0.0841602003496141,-0.0045682869767215));
#7794=CARTESIAN_POINT('',(-0.0307939048332342,-0.0842246224698338,-0.00456089526614565));
#7795=CARTESIAN_POINT('',(-0.0312002293256298,-0.0842829170181739,-0.00454505490019357));
#7796=CARTESIAN_POINT('',(-0.0314165733062676,-0.0843131553429784,-0.00453286717797348));
#7797=CARTESIAN_POINT('',(-0.0315344045431573,-0.0843293901749609,-0.00452511604249094));
#7798=CARTESIAN_POINT('',(-0.031757151868345,-0.0843592257552313,-0.00450665579933962));
#7799=CARTESIAN_POINT('',(-0.0320121058423818,-0.0843921478644767,-0.00448050219291512));
#7800=CARTESIAN_POINT('',(-0.0323337545671376,-0.0844316426123791,-0.00443956316229816));
#7801=CARTESIAN_POINT('',(-0.0327085203291815,-0.0844733234206696,-0.00437647951337409));
#7802=CARTESIAN_POINT('',(-0.0330432917605069,-0.0845069222146492,-0.00430799002850055));
#7803=CARTESIAN_POINT('',(-0.033469138072535,-0.0845431440074583,-0.00420068914502304));
#7804=CARTESIAN_POINT('',(-0.0338397369358955,-0.0845669266184047,-0.00408445677263803));
#7805=CARTESIAN_POINT('',(-0.0341299535563119,-0.0845795802212041,-0.00397629848590021));
#7806=CARTESIAN_POINT('',(-0.0343583014982862,-0.0845846106490596,-0.00387729591732638));
#7807=CARTESIAN_POINT('',(-0.0344951127899632,-0.0845862757169132,-0.00381419954252784));
#7808=CARTESIAN_POINT('',(-0.0347335719598272,-0.0845843456861158,-0.00369067998324002));
#7809=CARTESIAN_POINT('',(-0.034981526900095,-0.0845745924780055,-0.00354001451084303));
#7810=CARTESIAN_POINT('',(-0.0352543670223358,-0.0845509913626353,-0.0033365530376131));
#7811=CARTESIAN_POINT('',(-0.0354953619480918,-0.0845021569610744,-0.00307071274398063));
#7812=CARTESIAN_POINT('',(-0.0356487138357162,-0.0844448035713348,-0.00281802007086525));
#7813=CARTESIAN_POINT('',(-0.0357301102142744,-0.0843586846433861,-0.00250011467731068));
#7814=CARTESIAN_POINT('',(-0.0357318806161272,-0.084285346994626,-0.00225283439563014));
#7815=CARTESIAN_POINT('',(-0.0357142628110327,-0.0842245399918172,-0.00205327491717189));
#7816=CARTESIAN_POINT('',(-0.0356636782668864,-0.0841484189241658,-0.00181030570353037));
#7817=CARTESIAN_POINT('',(-0.0355874294757417,-0.0840702208595867,-0.00156384739936187));
#7818=CARTESIAN_POINT('',(-0.0355010967430659,-0.0839975578375367,-0.00133517785772108));
#7819=CARTESIAN_POINT('',(-0.0354514436115825,-0.083960613556291,-0.00121861468468516));
#7820=CARTESIAN_POINT('',(-0.0353599942246995,-0.0838957067076621,-0.00101311686066489));
#7821=CARTESIAN_POINT('',(-0.0352309028054116,-0.0838140354646708,-0.000751728420855272));
#7822=CARTESIAN_POINT('',(-0.0350498996875188,-0.0837109395995848,-0.000415399798999175));
#7823=CARTESIAN_POINT('',(-0.0348170460945243,-0.0835933739425919,-1.83787575937221E-5));
#7824=CARTESIAN_POINT('',(-0.0346378161854986,-0.0835108524134912,0.000270766261499909));
#7825=CARTESIAN_POINT('',(-0.0344338621322395,-0.0834229964380396,0.00058825956289127));
#7826=CARTESIAN_POINT('',(-0.0342211958345459,-0.0833393088281524,0.000904498649168995));
#7827=CARTESIAN_POINT('',(-0.0340141175214246,-0.0832635310921563,0.0012022999199309));
#7828=CARTESIAN_POINT('',(-0.0337394143770491,-0.0831725746571241,0.0015806299534652));
#7829=CARTESIAN_POINT('',(-0.0334215428578127,-0.083079970309622,0.00199310792356607));
#7830=CARTESIAN_POINT('',(-0.0331986168497318,-0.083026757564504,0.00225527575299974));
#7831=CARTESIAN_POINT('',(-0.0330612086389513,-0.0829987240297167,0.00240286376734293));
#7832=CARTESIAN_POINT('',(-0.0330612090528401,-0.0829987243382229,0.00240286420978555));
#7833=CARTESIAN_POINT('',(-0.0330612094556359,-0.0829987238383664,0.00240286448994728));
#7834=CARTESIAN_POINT('',(-0.0326955034958902,-0.0829241347698433,0.00279556986696977));
#7835=CARTESIAN_POINT('',(-0.0320371858565332,-0.0828464847963234,0.0033365726889374));
#7836=CARTESIAN_POINT('',(-0.0310390634203067,-0.0828211821061604,0.00387505562059553));
#7837=CARTESIAN_POINT('',(-0.0301675287515375,-0.082838759746797,0.00421462451504337));
#7838=CARTESIAN_POINT('',(-0.0295111482441397,-0.082873094026737,0.00439231027587159));
#7839=CARTESIAN_POINT('',(-0.0290086469456385,-0.0829073249306715,0.00449034842663574));
#7840=CARTESIAN_POINT('',(-0.0287272156745594,-0.0829284731650496,0.0045348157854543));
#7841=CARTESIAN_POINT('',(-0.0284868086097336,-0.08294763541382,0.00456635754094897));
#7842=CARTESIAN_POINT('',(-0.0283445516099978,-0.0829594948120552,0.0045815176043424));
#7843=CARTESIAN_POINT('',(-0.0281005073589,-0.0829803573608041,0.00460355270756589));
#7844=CARTESIAN_POINT('',(-0.027639360086061,-0.0830214053489967,0.00463293654977567));
#7845=CARTESIAN_POINT('',(-0.0271518216203749,-0.0830668356615604,0.00464671731215646));
#7846=CARTESIAN_POINT('',(-0.0267895500262775,-0.0831009874404922,0.00465031877144402));
#7847=CARTESIAN_POINT('',(-0.0267895500262963,-0.0831009874402777,0.00465031877536339));
#7848=CARTESIAN_POINT('',(-0.02,-0.0837410464882851,0.00471781590022147));
#7849=CARTESIAN_POINT('',(-0.005,-0.0865531712770462,0.00472712982445955));
#7850=CARTESIAN_POINT('',(-0.0269202873454903,-0.0844100956527608,0.00461136600864577));
#7851=CARTESIAN_POINT('',(-0.005,-0.0860871523618697,0.00477373180910946));
#7852=CARTESIAN_POINT('',(-0.0269202873454903,-0.0839696179938191,0.00462391703014914));
#7853=CARTESIAN_POINT('',(-0.005,-0.0856211334466935,0.00482033379375934));
#7854=CARTESIAN_POINT('',(-0.0269202873454903,-0.0835291403348774,0.0046364680516525));
#7855=CARTESIAN_POINT('',(-0.005,-0.085155114531517,0.00486693577840924));
#7856=CARTESIAN_POINT('',(-0.0269202873454903,-0.0830886626759357,0.00464901907315587));
#7857=CARTESIAN_POINT('',(-0.026789550045219,-0.0831009876416444,0.00465031876929504));
#7858=CARTESIAN_POINT('',(-0.0267769553729689,-0.0835428048813152,0.00463768987022017));
#7859=CARTESIAN_POINT('',(-0.0267643607007188,-0.0839846661464628,0.00462500227748203));
#7860=CARTESIAN_POINT('',(-0.0267517660284686,-0.0844265714370874,0.00461225599108062));
#7861=CARTESIAN_POINT('',(-0.0267974628093953,-0.0828234242345056,0.00465824507734618));
#7862=CARTESIAN_POINT('',(-0.0267821369696092,-0.0833610103248886,0.00464290799708118));
#7863=CARTESIAN_POINT('',(-0.0267668132624389,-0.083898593875007,0.00462748593581964));
#7864=CARTESIAN_POINT('',(-0.0267514923848986,-0.0844361748387972,0.00461197896932017));
#7865=CARTESIAN_POINT('',(-0.0270870615514721,-0.0828233102496725,0.0046543034035698));
#7866=CARTESIAN_POINT('',(-0.0270722630541445,-0.0833609113564157,0.00463949280416271));
#7867=CARTESIAN_POINT('',(-0.0270574665494587,-0.0838985100868436,0.00462460000413074));
#7868=CARTESIAN_POINT('',(-0.0270426727119187,-0.0844361063960068,0.00460962507465779));
#7869=CARTESIAN_POINT('',(-0.0273773295292343,-0.0828231884281163,0.00465009073052421));
#7870=CARTESIAN_POINT('',(-0.0273630621857463,-0.0833608045969904,0.00463580869009969));
#7871=CARTESIAN_POINT('',(-0.027348796699647,-0.0838984185547854,0.0046214472624113));
#7872=CARTESIAN_POINT('',(-0.027334533722261,-0.0844360302576862,0.00460700651419928));
#7873=CARTESIAN_POINT('',(-0.0279686529136578,-0.0828223686788773,0.00462174323949059));
#7874=CARTESIAN_POINT('',(-0.0279554740786019,-0.0833600134511897,0.00460850214158715));
#7875=CARTESIAN_POINT('',(-0.0279422968540489,-0.0838976563421102,0.0045951873351982));
#7876=CARTESIAN_POINT('',(-0.0279291218430632,-0.0844352973101784,0.00458179887855709));
#7877=CARTESIAN_POINT('',(-0.0282696032544627,-0.0828216723003393,0.00459766199199343));
#7878=CARTESIAN_POINT('',(-0.0282569815590879,-0.0833593306141647,0.0045849331868151));
#7879=CARTESIAN_POINT('',(-0.0282443613624738,-0.0838969872110101,0.00457213353774324));
#7880=CARTESIAN_POINT('',(-0.0282317432426141,-0.0844346420506352,0.00455926309894781));
#7881=CARTESIAN_POINT('',(-0.028881347727116,-0.0828193607811447,0.00451772807287726));
#7882=CARTESIAN_POINT('',(-0.0288698640709378,-0.0833570433129981,0.0045059828545206));
#7883=CARTESIAN_POINT('',(-0.0288583817169265,-0.0838947244498003,0.00449417249270799));
#7884=CARTESIAN_POINT('',(-0.0288469011914093,-0.0844324041538335,0.00448229703395056));
#7885=CARTESIAN_POINT('',(-0.0291920367931081,-0.0828177471896328,0.00446192897174911));
#7886=CARTESIAN_POINT('',(-0.029181133821534,-0.0833554403982068,0.00445065495667563));
#7887=CARTESIAN_POINT('',(-0.0291702320671656,-0.0838931323692074,0.00443931863316641));
#7888=CARTESIAN_POINT('',(-0.0291593320297445,-0.0844308230662188,0.00442792004413699));
#7889=CARTESIAN_POINT('',(-0.0298152845902986,-0.0828134267925523,0.00431252667770853));
#7890=CARTESIAN_POINT('',(-0.0298055501651072,-0.0833511374070066,0.00430212766192522));
#7891=CARTESIAN_POINT('',(-0.0297958168099553,-0.0838888470843365,0.00429167185773032));
#7892=CARTESIAN_POINT('',(-0.0297860849708755,-0.0844265557907754,0.00428115930137588));
#7893=CARTESIAN_POINT('',(-0.0301277382556408,-0.0828107215361283,0.00421897705528695));
#7894=CARTESIAN_POINT('',(-0.0301185914773164,-0.0833484388799481,0.00420898174469729));
#7895=CARTESIAN_POINT('',(-0.0301094457067171,-0.0838861554295754,0.00419893232987453));
#7896=CARTESIAN_POINT('',(-0.0301003013627622,-0.0844238711525906,0.00418882884400276));
#7897=CARTESIAN_POINT('',(-0.0307426626134021,-0.0828041650869935,0.0039922505477882));
#7898=CARTESIAN_POINT('',(-0.0307346740289292,-0.0833418911148663,0.00398296997060016));
#7899=CARTESIAN_POINT('',(-0.030726686342055,-0.0838796166119605,0.0039736403705449));
#7900=CARTESIAN_POINT('',(-0.0307186999182266,-0.0844173415485394,0.0039642617752332));
#7901=CARTESIAN_POINT('',(-0.031045028239965,-0.0828003154434275,0.00385912723320189));
#7902=CARTESIAN_POINT('',(-0.031037609987565,-0.0833380434261933,0.00385015759340847));
#7903=CARTESIAN_POINT('',(-0.0310301925848423,-0.0838757709986237,0.00384114132710976));
#7904=CARTESIAN_POINT('',(-0.0310227763708953,-0.084413498132317,0.00383207845941116));
#7905=CARTESIAN_POINT('',(-0.0316271973454351,-0.0827914927531418,0.00355403255256769));
#7906=CARTESIAN_POINT('',(-0.031620877133189,-0.0833292192931776,0.00354557070420764));
#7907=CARTESIAN_POINT('',(-0.0316145576801921,-0.0838669456342091,0.00353706660715762));
#7908=CARTESIAN_POINT('',(-0.0316082392748881,-0.084404671750436,0.00352852028208801));
#7909=CARTESIAN_POINT('',(-0.0319068957584861,-0.0827865212555668,0.00338211475701066));
#7910=CARTESIAN_POINT('',(-0.0319011030394095,-0.0833242443981852,0.00337384967187601));
#7911=CARTESIAN_POINT('',(-0.0318953110369659,-0.0838619674326483,0.00336554431867932));
#7912=CARTESIAN_POINT('',(-0.0318895200153032,-0.0843996903344213,0.00335719871616129));
#7913=CARTESIAN_POINT('',(-0.0324335767012862,-0.0827755061714146,0.00300120559296849));
#7914=CARTESIAN_POINT('',(-0.0324287760207397,-0.0833132168319555,0.00299320513229909));
#7915=CARTESIAN_POINT('',(-0.0324239759703713,-0.0838509275313891,0.00298516785581729));
#7916=CARTESIAN_POINT('',(-0.0324191767687595,-0.0843886382475944,0.00297709377897423));
#7917=CARTESIAN_POINT('',(-0.032680454165179,-0.0827694641339821,0.0027922677949742));
#7918=CARTESIAN_POINT('',(-0.0326761178150817,-0.0833071657100687,0.00278433510473131));
#7919=CARTESIAN_POINT('',(-0.0326717820512142,-0.0838448673812076,0.00277636706947227));
#7920=CARTESIAN_POINT('',(-0.0326674470708916,-0.0843825691264262,0.00276836370328828));
#7921=CARTESIAN_POINT('',(-0.0329709243637387,-0.0827611135995653,0.00250350058812223));
#7922=CARTESIAN_POINT('',(-0.0329671333893501,-0.08329879993256,0.00249556861846939));
#7923=CARTESIAN_POINT('',(-0.0329633429439069,-0.083836486408812,0.00248760282917709));
#7924=CARTESIAN_POINT('',(-0.0329595531998149,-0.0843741730087238,0.0024796032329543));
#7925=CARTESIAN_POINT('',(-0.0330318042523383,-0.082759284909901,0.00244026324543276));
#7926=CARTESIAN_POINT('',(-0.0330281275290589,-0.0832969677602216,0.00243232643396835));
#7927=CARTESIAN_POINT('',(-0.0330244513223948,-0.0838346507627744,0.0024243561096363));
#7928=CARTESIAN_POINT('',(-0.0330207757995373,-0.0843723338982517,0.00241635228486967));
#7929=CARTESIAN_POINT('',(-0.0330913177427126,-0.0827574178320082,0.00237569841147279));
#7930=CARTESIAN_POINT('',(-0.0330877526579963,-0.0832950969866724,0.00236775181964854));
#7931=CARTESIAN_POINT('',(-0.0330841880775492,-0.0838327763012032,0.00235977200181678));
#7932=CARTESIAN_POINT('',(-0.0330806241634705,-0.0843704557565775,0.00235175897015473));
#7933=CARTESIAN_POINT('',(-0.0330611972421616,-0.0829987240919217,0.00240285324456686));
#7934=CARTESIAN_POINT('',(-0.0330321025811964,-0.0834487448098005,0.00242408306265537));
#7935=CARTESIAN_POINT('',(-0.0330017814035722,-0.0839039271208072,0.00244583912209816));
#7936=CARTESIAN_POINT('',(-0.032970164707388,-0.0843642696443142,0.00246805976127888));
#7937=CARTESIAN_POINT('',(-0.0330624505335678,-0.0829795079165386,0.00240195758870105));
#7938=CARTESIAN_POINT('',(-0.0329926563558642,-0.0840598791420044,0.00245289825907711));
#7939=CARTESIAN_POINT('',(-0.0329176905091767,-0.0851404725173118,0.00250547112434236));
#7940=CARTESIAN_POINT('',(-0.0328375401072685,-0.0862207884178882,0.00255864104784362));
#7941=CARTESIAN_POINT('',(-0.0332268002766252,-0.0829828467843508,0.00222599021460704));
#7942=CARTESIAN_POINT('',(-0.0331617452705631,-0.0840634367743362,0.00227780156356163));
#7943=CARTESIAN_POINT('',(-0.0330919023942895,-0.0851442902556096,0.00233134389581138));
#7944=CARTESIAN_POINT('',(-0.0330175971222795,-0.0862248953740782,0.00238532393903977));
#7945=CARTESIAN_POINT('',(-0.0333945812896271,-0.0829862529911473,0.0020255580070056));
#7946=CARTESIAN_POINT('',(-0.0333351411731723,-0.08406708200617,0.00207724904302817));
#7947=CARTESIAN_POINT('',(-0.0332714271341437,-0.0851482210851659,0.00213069674949704));
#7948=CARTESIAN_POINT('',(-0.0332040608145467,-0.0862291457362937,0.00218443270033008));
#7949=CARTESIAN_POINT('',(-0.0337332155022345,-0.0829931244748379,0.00159206462007944));
#7950=CARTESIAN_POINT('',(-0.0336863479885485,-0.0840744609915713,0.00164194405351969));
#7951=CARTESIAN_POINT('',(-0.0336364406546329,-0.0851562085900101,0.00169351689441014));
#7952=CARTESIAN_POINT('',(-0.0335846290543282,-0.0862378169034072,0.00174511202496674));
#7953=CARTESIAN_POINT('',(-0.0339040144915222,-0.0829965886473889,0.00135903495965004));
#7954=CARTESIAN_POINT('',(-0.0338641024314671,-0.0840781935547023,0.00140722662179715));
#7955=CARTESIAN_POINT('',(-0.0338218703316575,-0.0851602639683395,0.00145702306855492));
#7956=CARTESIAN_POINT('',(-0.0337786715272559,-0.0862422362902374,0.00150672533425879));
#7957=CARTESIAN_POINT('',(-0.0342402189101634,-0.083003404882854,0.000876495145234685));
#7958=CARTESIAN_POINT('',(-0.0342149957971064,-0.0840855582940778,0.000920331393494629));
#7959=CARTESIAN_POINT('',(-0.0341890192719262,-0.0851682898166029,0.000965528763567667));
#7960=CARTESIAN_POINT('',(-0.0341640088217649,-0.086251009573998,0.00101044109881753));
#7961=CARTESIAN_POINT('',(-0.034405570129199,-0.083006755841425,0.000627016510144065));
#7962=CARTESIAN_POINT('',(-0.0343880782499786,-0.0840891892798857,0.000668188634167123));
#7963=CARTESIAN_POINT('',(-0.0343706794315599,-0.0851722589895784,0.000710567167352978));
#7964=CARTESIAN_POINT('',(-0.0343552415687596,-0.0862553620528605,0.000752586300029924));
#7965=CARTESIAN_POINT('',(-0.0347194725977177,-0.0830131142363135,0.000126566402797985));
#7966=CARTESIAN_POINT('',(-0.0347175725756253,-0.0840960978186166,0.000162089024149077));
#7967=CARTESIAN_POINT('',(-0.0347174934121557,-0.0851798327583436,0.00019849661354596));
#7968=CARTESIAN_POINT('',(-0.0347213412842493,-0.0862636914030645,0.000234442604136343));
#7969=CARTESIAN_POINT('',(-0.034867969636883,-0.0830161205682878,-0.000124373550562152));
#7970=CARTESIAN_POINT('',(-0.0348739279785513,-0.084099374181103,-9.18327892889828E-5));
#7971=CARTESIAN_POINT('',(-0.0348825881295075,-0.0851834360571748,-5.85734611290201E-5));
#7972=CARTESIAN_POINT('',(-0.0348961461781578,-0.0862676668563379,-2.58035470239306E-5));
#7973=CARTESIAN_POINT('',(-0.0351354429825002,-0.0830215311947787,-0.000614865026690291));
#7974=CARTESIAN_POINT('',(-0.0351565827103146,-0.0841052920029127,-0.000587988661697814));
#7975=CARTESIAN_POINT('',(-0.0351821269386274,-0.085189968402959,-0.000560687784760078));
#7976=CARTESIAN_POINT('',(-0.0352144046773585,-0.0862749003947412,-0.000533886158538635));
#7977=CARTESIAN_POINT('',(-0.0352543650786343,-0.083023934384952,-0.000854385030562971));
#7978=CARTESIAN_POINT('',(-0.0352828255693034,-0.0841079322717994,-0.000830187683416105));
#7979=CARTESIAN_POINT('',(-0.0353165119267853,-0.0851928961529533,-0.000805693150798808));
#7980=CARTESIAN_POINT('',(-0.035357796208064,-0.0862781570618031,-0.000781679872947362));
#7981=CARTESIAN_POINT('',(-0.0354502797310226,-0.0830278862403434,-0.0013122072954536));
#7982=CARTESIAN_POINT('',(-0.0354922333805626,-0.0841123037249508,-0.00129259167179358));
#7983=CARTESIAN_POINT('',(-0.0355409117368934,-0.08519777662923,-0.00127285746238389));
#7984=CARTESIAN_POINT('',(-0.0355987373253744,-0.0862836221661989,-0.00125352916678865));
#7985=CARTESIAN_POINT('',(-0.0355272180769589,-0.0830294338012182,-0.00153047803757622));
#7986=CARTESIAN_POINT('',(-0.0355753418629845,-0.0841140337187788,-0.00151276160120027));
#7987=CARTESIAN_POINT('',(-0.0356308674552333,-0.0851997280585537,-0.00149497752501289));
#7988=CARTESIAN_POINT('',(-0.0356962248373927,-0.0862858291854649,-0.0014775420002755));
#7989=CARTESIAN_POINT('',(-0.0356286946873169,-0.0830314610685164,-0.00193996998905819));
#7990=CARTESIAN_POINT('',(-0.0356875168452942,-0.0841163534422718,-0.00192504776717564));
#7991=CARTESIAN_POINT('',(-0.0357548870396784,-0.0852024029332756,-0.00191006971484853));
#7992=CARTESIAN_POINT('',(-0.0358332243540722,-0.0862889175737603,-0.00189529881142773));
#7993=CARTESIAN_POINT('',(-0.0356531787414206,-0.0830319396705965,-0.0021311596795222));
#7994=CARTESIAN_POINT('',(-0.0357165268753336,-0.0841169419814999,-0.00211712896649183));
#7995=CARTESIAN_POINT('',(-0.0357888918021733,-0.085203125081715,-0.00210300295913782));
#7996=CARTESIAN_POINT('',(-0.035872674284147,-0.0862897975247219,-0.00208900004314741));
#7997=CARTESIAN_POINT('',(-0.0356428408015475,-0.0830316879791052,-0.00248560082699206));
#7998=CARTESIAN_POINT('',(-0.0357132927293289,-0.0841168263312685,-0.00247247581489456));
#7999=CARTESIAN_POINT('',(-0.0357934587518066,-0.0852031751548355,-0.00245910556472796));
#8000=CARTESIAN_POINT('',(-0.0358856844035075,-0.0862900503390153,-0.00244568303161611));
#8001=CARTESIAN_POINT('',(-0.0356079645972526,-0.0830309565811904,-0.00264882076510259));
#8002=CARTESIAN_POINT('',(-0.0356809920834365,-0.0841161209513721,-0.00263570642672863));
#8003=CARTESIAN_POINT('',(-0.0357639618353349,-0.085202501782558,-0.00262223604311146));
#8004=CARTESIAN_POINT('',(-0.0358591825182067,-0.0862894217842792,-0.00260862204241944));
#8005=CARTESIAN_POINT('',(-0.0354771910586225,-0.0830282492670997,-0.00295232236324397));
#8006=CARTESIAN_POINT('',(-0.0355533703097382,-0.084113379426482,-0.00293893914073724));
#8007=CARTESIAN_POINT('',(-0.035639718775128,-0.0851997202035545,-0.00292496922420827));
#8008=CARTESIAN_POINT('',(-0.0357384563408041,-0.0862866146749371,-0.00291069244997356));
#8009=CARTESIAN_POINT('',(-0.0353813625226172,-0.0830262746971246,-0.00309312922393791));
#8010=CARTESIAN_POINT('',(-0.0354581270719671,-0.0841113448578253,-0.00307950968933339));
#8011=CARTESIAN_POINT('',(-0.0355450619008114,-0.0851976138798817,-0.00306518786550711));
#8012=CARTESIAN_POINT('',(-0.0356443348645672,-0.0862844383932135,-0.00305048851192878));
#8013=CARTESIAN_POINT('',(-0.0351327041504928,-0.083021162487124,-0.00335801383432325));
#8014=CARTESIAN_POINT('',(-0.0352088024023405,-0.0841060326187059,-0.00334431519188712));
#8015=CARTESIAN_POINT('',(-0.0352948826542508,-0.0851920619912328,-0.00332974281285109));
#8016=CARTESIAN_POINT('',(-0.0353929938905658,-0.0862786408019331,-0.00331469266740029));
#8017=CARTESIAN_POINT('',(-0.0349799186402041,-0.0830180257610072,-0.00348202152135255));
#8018=CARTESIAN_POINT('',(-0.0350547659135154,-0.0841027559086226,-0.00346847557236268));
#8019=CARTESIAN_POINT('',(-0.0351394057997348,-0.0851886174399988,-0.00345399957312699));
#8020=CARTESIAN_POINT('',(-0.0352358204187375,-0.0862750205586993,-0.00343901604014311));
#8021=CARTESIAN_POINT('',(-0.0346250348499034,-0.0830107463599368,-0.00371343873302819));
#8022=CARTESIAN_POINT('',(-0.0346957552052146,-0.0840951265550837,-0.00370074679095295));
#8023=CARTESIAN_POINT('',(-0.0347757289697799,-0.085180568484514,-0.0036870864753226));
#8024=CARTESIAN_POINT('',(-0.0348667891213323,-0.0862665279107051,-0.00367290060695382));
#8025=CARTESIAN_POINT('',(-0.0344229808957217,-0.083006604598892,-0.00382077819501243));
#8026=CARTESIAN_POINT('',(-0.0344908259287692,-0.0840907748720075,-0.00380878305558564));
#8027=CARTESIAN_POINT('',(-0.034567574512069,-0.0851759650940053,-0.00379583707147305));
#8028=CARTESIAN_POINT('',(-0.0346549773216917,-0.0862616565722676,-0.00378237708024825));
#8029=CARTESIAN_POINT('',(-0.0339796366185788,-0.0829975213695094,-0.0040162040932736));
#8030=CARTESIAN_POINT('',(-0.0340403658873646,-0.0840812146665941,-0.00400600847629269));
#8031=CARTESIAN_POINT('',(-0.0341091654719348,-0.0851658329697566,-0.00399495498058316));
#8032=CARTESIAN_POINT('',(-0.0341876051207124,-0.0862509129178682,-0.00398344017723623));
#8033=CARTESIAN_POINT('',(-0.0337383906214479,-0.0829925808150803,-0.00410422046688844));
#8034=CARTESIAN_POINT('',(-0.0337948800654356,-0.0840760071046364,-0.00409512305888503));
#8035=CARTESIAN_POINT('',(-0.0338589564072398,-0.0851603052497586,-0.00408524274777356));
#8036=CARTESIAN_POINT('',(-0.0339320907453101,-0.0862450416682293,-0.00407494208015632));
#8037=CARTESIAN_POINT('',(-0.0332277967549945,-0.0829821279435456,-0.00425766139300575));
#8038=CARTESIAN_POINT('',(-0.0332747306629936,-0.0840649773498693,-0.00425086113529942));
#8039=CARTESIAN_POINT('',(-0.0333281762367112,-0.0851485836855515,-0.00424345232547425));
#8040=CARTESIAN_POINT('',(-0.0333893904510377,-0.0862325757034338,-0.0042357165279837));
#8041=CARTESIAN_POINT('',(-0.0329584932115023,-0.0829766165403486,-0.00432301588284613));
#8042=CARTESIAN_POINT('',(-0.0330001120255109,-0.0840591561174393,-0.00431741005563945));
#8043=CARTESIAN_POINT('',(-0.0330476506486059,-0.0851423908550846,-0.00431129459021528));
#8044=CARTESIAN_POINT('',(-0.033102250558104,-0.0862259820546002,-0.00430490435211753));
#8045=CARTESIAN_POINT('',(-0.0324026470696488,-0.0829652442017089,-0.00442921219379201));
#8046=CARTESIAN_POINT('',(-0.0324328599187742,-0.0840471355330553,-0.00442576361778357));
#8047=CARTESIAN_POINT('',(-0.0324677250703509,-0.0851295925859301,-0.00442199085395056));
#8048=CARTESIAN_POINT('',(-0.0325081368150877,-0.0862123431417341,-0.00441804091967835));
#8049=CARTESIAN_POINT('',(-0.0321161487971178,-0.0829593841801749,-0.00446998395223542));
#8050=CARTESIAN_POINT('',(-0.0321402713925506,-0.0840409371414808,-0.00446749368610562));
#8051=CARTESIAN_POINT('',(-0.0321683705979293,-0.0851229881609848,-0.00446476530717556));
#8052=CARTESIAN_POINT('',(-0.0322012089909413,-0.0862052989440249,-0.00446190494233188));
#8053=CARTESIAN_POINT('',(-0.0315351745603343,-0.0829475037038492,-0.00452861378041061));
#8054=CARTESIAN_POINT('',(-0.031546633341118,-0.0840283642416737,-0.00452758434935515));
#8055=CARTESIAN_POINT('',(-0.0315606589138128,-0.0851095841035707,-0.00452645037631215));
#8056=CARTESIAN_POINT('',(-0.0315777367218149,-0.0861909931323472,-0.0045252555931599));
#8057=CARTESIAN_POINT('',(-0.0312407429219121,-0.0829414841629663,-0.00454640178748029));
#8058=CARTESIAN_POINT('',(-0.0312456287589394,-0.0840219906938206,-0.00454587037080059));
#8059=CARTESIAN_POINT('',(-0.0312523472198459,-0.085102785484844,-0.00454528144645449));
#8060=CARTESIAN_POINT('',(-0.0312612383027712,-0.0861837325847019,-0.00454465750056093));
#8061=CARTESIAN_POINT('',(-0.0306502320874095,-0.0829294131982303,-0.00456628480044026));
#8062=CARTESIAN_POINT('',(-0.0306417550434458,-0.0840092061644813,-0.00456631294480601));
#8063=CARTESIAN_POINT('',(-0.0306336112472435,-0.085089143913006,-0.00456633728843654));
#8064=CARTESIAN_POINT('',(-0.0306258411520704,-0.0861691586310206,-0.00456635863923747));
#8065=CARTESIAN_POINT('',(-0.0303541972171595,-0.0829233626882859,-0.00456830974366846));
#8066=CARTESIAN_POINT('',(-0.0303389308531611,-0.0840027961433744,-0.00456839492388397));
#8067=CARTESIAN_POINT('',(-0.0303232324863361,-0.0850823019736367,-0.004568482514507));
#8068=CARTESIAN_POINT('',(-0.0303069884463497,-0.0861618462913078,-0.00456857314973952));
#8069=CARTESIAN_POINT('',(-0.0300583731331153,-0.0829173165290212,-0.0045699603237592));
#8070=CARTESIAN_POINT('',(-0.0300363197733092,-0.0839963906813529,-0.00457008337268801));
#8071=CARTESIAN_POINT('',(-0.030013068990392,-0.0850754648337333,-0.00457021310275893));
#8072=CARTESIAN_POINT('',(-0.0299883528353392,-0.0861545389859524,-0.0045703510090204));
#8073=CARTESIAN_POINT('',(0.,-0.0432411758466652,0.0326350507675698));
#8074=CARTESIAN_POINT('',(-0.0167377423495054,-0.0432411758466652,0.0326350507675698));
#8075=CARTESIAN_POINT('',(-0.0167377423495054,-0.0432411758466652,0.0326350507675698));
#8076=CARTESIAN_POINT('',(0.,-0.0432411758466652,0.0326350507675698));
#8077=CARTESIAN_POINT('',(0.0167377423495054,-0.0432411758466652,0.0326350507675698));
#8078=CARTESIAN_POINT('',(0.0167377423495054,-0.0432411758466652,0.0326350507675698));
#8079=CARTESIAN_POINT('',(-0.0167377423495054,-0.0534975538267782,0.0223786727874568));
#8080=CARTESIAN_POINT('',(-0.0167377423495054,-0.0637539318068913,0.0121222948073437));
#8081=CARTESIAN_POINT('',(-0.0167377423495054,-0.0637539318068913,0.0121222948073437));
#8082=CARTESIAN_POINT('',(-0.0167377423495054,-0.0534975538267782,0.0223786727874568));
#8083=CARTESIAN_POINT('',(0.,-0.0637539318068913,0.0121222948073437));
#8084=CARTESIAN_POINT('',(0.0167377423495054,-0.0637539318068913,0.0121222948073437));
#8085=CARTESIAN_POINT('',(0.0167377423495054,-0.0637539318068913,0.0121222948073437));
#8086=CARTESIAN_POINT('',(0.,-0.0637539318068913,0.0121222948073437));
#8087=CARTESIAN_POINT('',(0.0167377423495054,-0.0534975538267782,0.0223786727874568));
#8088=CARTESIAN_POINT('',(0.0167377423495054,-0.0534975538267782,0.0223786727874568));
#8089=CARTESIAN_POINT('',(0.,-0.0516464466094068,0.0242297800048282));
#8090=CARTESIAN_POINT('',(0.0254670009016991,-0.0477302819490433,-0.0047));
#8091=CARTESIAN_POINT('',(0.0254670009016991,-0.0477302819490433,-0.0297));
#8092=CARTESIAN_POINT('',(0.0255,-0.0487297373304943,-0.0297));
#8093=CARTESIAN_POINT('',(0.0260214014700606,-0.0468980319807042,-0.0297));
#8094=CARTESIAN_POINT('',(0.0255,-0.0487297373304943,-0.0047));
#8095=CARTESIAN_POINT('',(0.0255,-0.0487297373304943,-0.0292139552698815));
#8096=CARTESIAN_POINT('',(0.0260214014700606,-0.0468980319807042,-0.0297));
#8097=CARTESIAN_POINT('',(0.0260467367151269,-0.0469149089705494,-0.0294444651488113));
#8098=CARTESIAN_POINT('',(0.0262628608955443,-0.0470666898133763,-0.0291304471222182));
#8099=CARTESIAN_POINT('',(0.0264476205897877,-0.0474501972047905,-0.0288446200866875));
#8100=CARTESIAN_POINT('',(0.0264879676573983,-0.0478283542385038,-0.0287426081012871));
#8101=CARTESIAN_POINT('',(0.0263737936185243,-0.0482044409007811,-0.0287941868656806));
#8102=CARTESIAN_POINT('',(0.0260788758440329,-0.0485765434922832,-0.0289863477127349));
#8103=CARTESIAN_POINT('',(0.0257574570420984,-0.0487212368507349,-0.0292011127776112));
#8104=CARTESIAN_POINT('',(0.0255,-0.0487297373304943,-0.0292139552698815));
#8105=CARTESIAN_POINT('',(0.025530633418768,-0.0487282553468708,-0.0047));
#8106=CARTESIAN_POINT('',(0.0255303835872907,-0.0487282712765597,-0.00475354701304847));
#8107=CARTESIAN_POINT('',(0.0256173228472578,-0.0487215547957761,-0.00483186871292827));
#8108=CARTESIAN_POINT('',(0.0257518541841521,-0.0486929185127921,-0.00498293554336345));
#8109=CARTESIAN_POINT('',(0.0259335273506354,-0.0486256242144713,-0.00516185530935107));
#8110=CARTESIAN_POINT('',(0.0261332120023277,-0.0484894849980712,-0.00536467544983678));
#8111=CARTESIAN_POINT('',(0.0262489661038418,-0.0483603919370967,-0.00548064305292613));
#8112=CARTESIAN_POINT('',(0.0263,-0.0482835562953036,-0.00553194699875865));
#8113=CARTESIAN_POINT('',(0.025530633418768,-0.0487282553468708,-0.0047));
#8114=CARTESIAN_POINT('',(0.0263,-0.0482835562953036,-0.00553194699875865));
#8115=CARTESIAN_POINT('',(0.0263,-0.0487282553468708,-0.0047));
#8116=CARTESIAN_POINT('',(0.0254033683846301,-0.0487282553468708,-0.0047));
#8117=CARTESIAN_POINT('',(0.0263,-0.0471770076027829,-0.00553463907200095));
#8118=CARTESIAN_POINT('',(0.026248569667204,-0.0470995750936959,-0.00548347957055894));
#8119=CARTESIAN_POINT('',(0.0261331980602256,-0.0469708262092636,-0.00536850233016473));
#8120=CARTESIAN_POINT('',(0.0259305165317591,-0.0468334955414642,-0.00516811779882311));
#8121=CARTESIAN_POINT('',(0.0257495031504988,-0.0467662268180633,-0.00498689139429991));
#8122=CARTESIAN_POINT('',(0.025604419990327,-0.0467372879982689,-0.00485302378320611));
#8123=CARTESIAN_POINT('',(0.0254696033676091,-0.0467269198601848,-0.00472062103599036));
#8124=CARTESIAN_POINT('',(0.0253335459678281,-0.0467367414729767,-0.00484833788924121));
#8125=CARTESIAN_POINT('',(0.025189870772986,-0.0467647317396403,-0.00498220709661322));
#8126=CARTESIAN_POINT('',(0.0250073861801872,-0.0468315657701588,-0.00516404993637978));
#8127=CARTESIAN_POINT('',(0.0248078495000252,-0.0469653351286116,-0.00536156862020909));
#8128=CARTESIAN_POINT('',(0.0245726058079378,-0.0472203242443454,-0.00559579382674499));
#8129=CARTESIAN_POINT('',(0.0243971575510323,-0.0477265657538374,-0.00577018832071721));
#8130=CARTESIAN_POINT('',(0.0245709445249044,-0.0482377950757149,-0.00559512746249598));
#8131=CARTESIAN_POINT('',(0.024804900491454,-0.0484923226127194,-0.00536049413134826));
#8132=CARTESIAN_POINT('',(0.0250015493046947,-0.0486260905675246,-0.00516082266186832));
#8133=CARTESIAN_POINT('',(0.0251833836127863,-0.0486932861747719,-0.00498153752967241));
#8134=CARTESIAN_POINT('',(0.025317415552105,-0.0487216254381159,-0.00483130508360814));
#8135=CARTESIAN_POINT('',(0.0254036152853186,-0.0487282710896875,-0.0047529188496419));
#8136=CARTESIAN_POINT('',(0.0254033683846302,-0.0487282553468708,-0.0047));
#8137=CARTESIAN_POINT('',(0.0263,-0.0471770076027829,-0.00553463907200095));
#8138=CARTESIAN_POINT('',(0.0263,-0.0471770076027829,-0.0047));
#8139=CARTESIAN_POINT('',(0.0263,-0.0471770076027829,-0.0047));
#8140=CARTESIAN_POINT('',(0.0254670009016991,-0.0477302819490433,-0.0047));
#8141=CARTESIAN_POINT('',(0.0263,-0.0482835562953036,-0.0047));
#8142=CARTESIAN_POINT('',(0.0263,-0.0482835562953036,-0.0047));
#8143=CARTESIAN_POINT('',(0.0255,-0.0478958580698655,-0.0297659021683177));
#8144=CARTESIAN_POINT('',(0.0305,-0.0478958580698655,-0.0297659021683177));
#8145=CARTESIAN_POINT('',(0.0305,-0.0478958580698655,-0.0307659021683177));
#8146=CARTESIAN_POINT('',(0.0255,-0.0478958580698655,-0.0297659021683177));
#8147=CARTESIAN_POINT('',(0.0255,-0.0468980319807042,-0.0297));
#8148=CARTESIAN_POINT('',(0.0255,-0.0468980319807042,-0.0297));
#8149=CARTESIAN_POINT('',(0.0255,-0.0478958580698655,-0.0297659021683178));
#8150=CARTESIAN_POINT('',(0.0255,-0.0478958580698655,-0.0297));
#8151=CARTESIAN_POINT('',(0.03,-0.0478958580698655,-0.0297659021683177));
#8152=CARTESIAN_POINT('',(0.03,-0.0519631569675914,-0.0392016721297638));
#8153=CARTESIAN_POINT('',(0.03,-0.0480286798553476,-0.0400262116735114));
#8154=CARTESIAN_POINT('',(0.03,-0.0441064839529551,-0.0392857525345536));
#8155=CARTESIAN_POINT('',(0.03,-0.0407915003041839,-0.0371682388603362));
#8156=CARTESIAN_POINT('',(0.03,-0.038500654630798,-0.0338894821858559));
#8157=CARTESIAN_POINT('',(0.03,-0.0376376797091864,-0.0299803769006178));
#8158=CARTESIAN_POINT('',(0.03,-0.0383364798994301,-0.0260384238809588));
#8159=CARTESIAN_POINT('',(0.03,-0.0404905817717092,-0.022663945782236));
#8160=CARTESIAN_POINT('',(0.03,-0.0437720776077228,-0.0203706735132991));
#8161=CARTESIAN_POINT('',(0.03,-0.0476813794732314,-0.0195077401942231));
#8162=CARTESIAN_POINT('',(0.03,-0.0516233349190805,-0.0202065190552244));
#8163=CARTESIAN_POINT('',(0.03,-0.054997813355942,-0.0223606267300546));
#8164=CARTESIAN_POINT('',(0.03,-0.0572910921162969,-0.0256421228876024));
#8165=CARTESIAN_POINT('',(0.03,-0.0581539995638441,-0.0295514179626951));
#8166=CARTESIAN_POINT('',(0.03,-0.0574553177117888,-0.033493400270711));
#8167=CARTESIAN_POINT('',(0.03,-0.0553008478729404,-0.0368677780506119));
#8168=CARTESIAN_POINT('',(0.03,-0.0519631569675914,-0.0392016721297638));
#8169=CARTESIAN_POINT('',(0.03,-0.0480286798553476,-0.0400262116735114));
#8170=CARTESIAN_POINT('',(0.03,-0.0441064839529551,-0.0392857525345536));
#8171=CARTESIAN_POINT('',(0.03,-0.0478958580698655,-0.0397659021683177));
#8172=CARTESIAN_POINT('',(0.03,-0.0478958580698655,-0.0297659021683177));
#8173=CARTESIAN_POINT('',(0.03,-0.0478958580698655,-0.0347659021683177));
#8174=CARTESIAN_POINT('',(0.035,-0.0478958580698655,-0.0297659021683177));
#8175=CARTESIAN_POINT('',(0.035,-0.043828559172149,-0.0392016721297667));
#8176=CARTESIAN_POINT('',(0.035,-0.0477630362843811,-0.0400262116735106));
#8177=CARTESIAN_POINT('',(0.035,-0.0516852321867764,-0.039285752534554));
#8178=CARTESIAN_POINT('',(0.035,-0.0550002158355497,-0.0371682388603351));
#8179=CARTESIAN_POINT('',(0.035,-0.0572910615089339,-0.0338894821858541));
#8180=CARTESIAN_POINT('',(0.035,-0.0581540364305465,-0.0299803769006125));
#8181=CARTESIAN_POINT('',(0.035,-0.0574552362402977,-0.0260384238809625));
#8182=CARTESIAN_POINT('',(0.035,-0.055301134368027,-0.0226639457822374));
#8183=CARTESIAN_POINT('',(0.035,-0.0520196385320042,-0.0203706735132976));
#8184=CARTESIAN_POINT('',(0.035,-0.0481103366665007,-0.0195077401942233));
#8185=CARTESIAN_POINT('',(0.035,-0.0441683812206499,-0.0202065190552247));
#8186=CARTESIAN_POINT('',(0.035,-0.0407939027837944,-0.0223606267300531));
#8187=CARTESIAN_POINT('',(0.035,-0.0385006240234354,-0.025642122887597));
#8188=CARTESIAN_POINT('',(0.035,-0.0376377165758864,-0.0295514179626971));
#8189=CARTESIAN_POINT('',(0.035,-0.0383363984279429,-0.0334934002707052));
#8190=CARTESIAN_POINT('',(0.035,-0.0404908682667883,-0.036867778050617));
#8191=CARTESIAN_POINT('',(0.035,-0.043828559172149,-0.0392016721297667));
#8192=CARTESIAN_POINT('',(0.035,-0.0477630362843811,-0.0400262116735106));
#8193=CARTESIAN_POINT('',(0.035,-0.0516852321867764,-0.039285752534554));
#8194=CARTESIAN_POINT('',(0.035,-0.0478958580698655,-0.0397659021683177));
#8195=CARTESIAN_POINT('',(0.035,-0.0478958580698655,-0.0297659021683177));
#8196=CARTESIAN_POINT('',(0.035,-0.0478958580698655,-0.0247659021683177));
#8197=CARTESIAN_POINT('',(0.0345,-0.0478958580698655,-0.0297659021683177));
#8198=CARTESIAN_POINT('',(0.0345,-0.0478958580698655,-0.0297659021683177));
#8199=CARTESIAN_POINT('',(0.0345,-0.0478958580698655,-0.0247659021683177));
#8200=CARTESIAN_POINT('',(0.0345,-0.0478958580698655,-0.0297659021683177));
#8201=CARTESIAN_POINT('',(0.0305,-0.0478958580698655,-0.0297659021683177));
#8202=CARTESIAN_POINT('',(0.0305,-0.0478958580698655,-0.0297659021683177));
#8203=CARTESIAN_POINT('',(0.0305,-0.0478958580698655,-0.0347659021683177));
#8204=CARTESIAN_POINT('',(0.0305,-0.0478958580698655,-0.0297659021683177));
#8205=CARTESIAN_POINT('',(0.0325,-0.0478958580698655,-0.0422659021683177));
#8206=CARTESIAN_POINT('',(0.0325,-0.0462598320806364,-0.0422659021683177));
#8207=CARTESIAN_POINT('',(0.0325,-0.0429877801021781,-0.0416150505630933));
#8208=CARTESIAN_POINT('',(0.0325,-0.0388269125132335,-0.0388348477249498));
#8209=CARTESIAN_POINT('',(0.0325,-0.0360467096750899,-0.0346739801360051));
#8210=CARTESIAN_POINT('',(0.0325,-0.0350704322672533,-0.0297659021683177));
#8211=CARTESIAN_POINT('',(0.0325,-0.03604670967509,-0.0248578242006303));
#8212=CARTESIAN_POINT('',(0.0325,-0.0388269125132335,-0.0206969566116857));
#8213=CARTESIAN_POINT('',(0.0325,-0.0429877801021781,-0.0179167537735422));
#8214=CARTESIAN_POINT('',(0.0325,-0.0478958580698655,-0.0169404763657055));
#8215=CARTESIAN_POINT('',(0.0325,-0.0528039360375529,-0.0179167537735422));
#8216=CARTESIAN_POINT('',(0.0325,-0.0569648036264976,-0.0206969566116858));
#8217=CARTESIAN_POINT('',(0.0325,-0.0597450064646411,-0.0248578242006303));
#8218=CARTESIAN_POINT('',(0.0325,-0.0607212838724778,-0.0297659021683179));
#8219=CARTESIAN_POINT('',(0.0325,-0.0597450064646411,-0.0346739801360052));
#8220=CARTESIAN_POINT('',(0.0325,-0.0569648036264975,-0.0388348477249498));
#8221=CARTESIAN_POINT('',(0.0325,-0.0528039360375529,-0.0416150505630933));
#8222=CARTESIAN_POINT('',(0.0325,-0.0495318840590947,-0.0422659021683177));
#8223=CARTESIAN_POINT('',(0.0325,-0.0478958580698655,-0.0422659021683177));
#8224=CARTESIAN_POINT('',(0.032578125,-0.0478958580698655,-0.0422659021683177));
#8225=CARTESIAN_POINT('',(0.032578125,-0.0462598320806364,-0.0422659021683177));
#8226=CARTESIAN_POINT('',(0.032578125,-0.0429877801021781,-0.0416150505630933));
#8227=CARTESIAN_POINT('',(0.032578125,-0.0388269125132335,-0.0388348477249498));
#8228=CARTESIAN_POINT('',(0.032578125,-0.0360467096750899,-0.0346739801360051));
#8229=CARTESIAN_POINT('',(0.032578125,-0.0350704322672533,-0.0297659021683177));
#8230=CARTESIAN_POINT('',(0.032578125,-0.03604670967509,-0.0248578242006303));
#8231=CARTESIAN_POINT('',(0.032578125,-0.0388269125132335,-0.0206969566116857));
#8232=CARTESIAN_POINT('',(0.032578125,-0.0429877801021781,-0.0179167537735422));
#8233=CARTESIAN_POINT('',(0.032578125,-0.0478958580698655,-0.0169404763657055));
#8234=CARTESIAN_POINT('',(0.032578125,-0.0528039360375529,-0.0179167537735422));
#8235=CARTESIAN_POINT('',(0.032578125,-0.0569648036264976,-0.0206969566116858));
#8236=CARTESIAN_POINT('',(0.032578125,-0.0597450064646411,-0.0248578242006303));
#8237=CARTESIAN_POINT('',(0.032578125,-0.0607212838724778,-0.0297659021683179));
#8238=CARTESIAN_POINT('',(0.032578125,-0.0597450064646411,-0.0346739801360052));
#8239=CARTESIAN_POINT('',(0.032578125,-0.0569648036264975,-0.0388348477249498));
#8240=CARTESIAN_POINT('',(0.032578125,-0.0528039360375529,-0.0416150505630933));
#8241=CARTESIAN_POINT('',(0.032578125,-0.0495318840590947,-0.0422659021683177));
#8242=CARTESIAN_POINT('',(0.032578125,-0.0478958580698655,-0.0422659021683177));
#8243=CARTESIAN_POINT('',(0.0326563432481554,-0.0478958580698655,-0.04226583859003));
#8244=CARTESIAN_POINT('',(0.0326563432481554,-0.0462598404018949,-0.04226583859003));
#8245=CARTESIAN_POINT('',(0.0326563432481554,-0.0429878050659536,-0.041614990295208));
#8246=CARTESIAN_POINT('',(0.0326563432481554,-0.038826958640276,-0.0388348015979073));
#8247=CARTESIAN_POINT('',(0.0326563432481554,-0.0360467699429752,-0.0346739551722297));
#8248=CARTESIAN_POINT('',(0.0326563432481554,-0.0350704975007423,-0.0297659021683177));
#8249=CARTESIAN_POINT('',(0.0326563432481554,-0.0360467699429753,-0.0248578491644058));
#8250=CARTESIAN_POINT('',(0.0326563432481554,-0.038826958640276,-0.0206970027387281));
#8251=CARTESIAN_POINT('',(0.0326563432481554,-0.0429878050659536,-0.0179168140414275));
#8252=CARTESIAN_POINT('',(0.0326563432481554,-0.0478958580698655,-0.0169405415991945));
#8253=CARTESIAN_POINT('',(0.0326563432481554,-0.0528039110737774,-0.0179168140414275));
#8254=CARTESIAN_POINT('',(0.0326563432481554,-0.0569647574994552,-0.0206970027387282));
#8255=CARTESIAN_POINT('',(0.0326563432481554,-0.0597449461967558,-0.0248578491644058));
#8256=CARTESIAN_POINT('',(0.0326563432481554,-0.0607212186389888,-0.0297659021683179));
#8257=CARTESIAN_POINT('',(0.0326563432481554,-0.0597449461967558,-0.0346739551722297));
#8258=CARTESIAN_POINT('',(0.0326563432481554,-0.0569647574994551,-0.0388348015979074));
#8259=CARTESIAN_POINT('',(0.0326563432481554,-0.0528039110737775,-0.0416149902952079));
#8260=CARTESIAN_POINT('',(0.0326563432481554,-0.0495318757378362,-0.04226583859003));
#8261=CARTESIAN_POINT('',(0.0326563432481554,-0.0478958580698655,-0.04226583859003));
#8262=CARTESIAN_POINT('',(0.0328150770399306,-0.0478958580698655,-0.0422614771194896));
#8263=CARTESIAN_POINT('',(0.0328150770399306,-0.0462604112402273,-0.0422614771194896));
#8264=CARTESIAN_POINT('',(0.0328150770399306,-0.0429895175809508,-0.0416108559182758));
#8265=CARTESIAN_POINT('',(0.0328150770399306,-0.0388301229553862,-0.0388316372827971));
#8266=CARTESIAN_POINT('',(0.0328150770399306,-0.0360509043199074,-0.0346722426572324));
#8267=CARTESIAN_POINT('',(0.0328150770399306,-0.0350749725180867,-0.0297659021683177));
#8268=CARTESIAN_POINT('',(0.0328150770399306,-0.0360509043199074,-0.024859561679403));
#8269=CARTESIAN_POINT('',(0.0328150770399306,-0.0388301229553862,-0.0207001670538383));
#8270=CARTESIAN_POINT('',(0.0328150770399306,-0.0429895175809508,-0.0179209484183597));
#8271=CARTESIAN_POINT('',(0.0328150770399306,-0.0478958580698655,-0.016945016616539));
#8272=CARTESIAN_POINT('',(0.0328150770399306,-0.0528021985587802,-0.0179209484183596));
#8273=CARTESIAN_POINT('',(0.0328150770399306,-0.056961593184345,-0.0207001670538384));
#8274=CARTESIAN_POINT('',(0.0328150770399306,-0.0597408118198236,-0.024859561679403));
#8275=CARTESIAN_POINT('',(0.0328150770399306,-0.0607167436216443,-0.0297659021683179));
#8276=CARTESIAN_POINT('',(0.0328150770399306,-0.0597408118198236,-0.0346722426572324));
#8277=CARTESIAN_POINT('',(0.0328150770399306,-0.0569615931843449,-0.0388316372827972));
#8278=CARTESIAN_POINT('',(0.0328150770399306,-0.0528021985587802,-0.0416108559182758));
#8279=CARTESIAN_POINT('',(0.0328150770399306,-0.0495313048995038,-0.0422614771194896));
#8280=CARTESIAN_POINT('',(0.0328150770399306,-0.0478958580698655,-0.0422614771194896));
#8281=CARTESIAN_POINT('',(0.0328955756293403,-0.0478958580698655,-0.042257187704342));
#8282=CARTESIAN_POINT('',(0.0328955756293403,-0.0462609726478001,-0.042257187704342));
#8283=CARTESIAN_POINT('',(0.0328955756293403,-0.0429912018036693,-0.041606789844947));
#8284=CARTESIAN_POINT('',(0.0328955756293403,-0.0388332349931816,-0.0388285252450017));
#8285=CARTESIAN_POINT('',(0.0328955756293403,-0.0360549703932362,-0.034670558434514));
#8286=CARTESIAN_POINT('',(0.0328955756293403,-0.0350793736041437,-0.0297659021683177));
#8287=CARTESIAN_POINT('',(0.0328955756293403,-0.0360549703932363,-0.0248612459021214));
#8288=CARTESIAN_POINT('',(0.0328955756293403,-0.0388332349931816,-0.0207032790916338));
#8289=CARTESIAN_POINT('',(0.0328955756293403,-0.0429912018036692,-0.0179250144916885));
#8290=CARTESIAN_POINT('',(0.0328955756293403,-0.0478958580698655,-0.0169494177025959));
#8291=CARTESIAN_POINT('',(0.0328955756293403,-0.0528005143360618,-0.0179250144916885));
#8292=CARTESIAN_POINT('',(0.0328955756293403,-0.0569584811465496,-0.0207032790916338));
#8293=CARTESIAN_POINT('',(0.0328955756293403,-0.0597367457464948,-0.0248612459021214));
#8294=CARTESIAN_POINT('',(0.0328955756293403,-0.0607123425355874,-0.0297659021683179));
#8295=CARTESIAN_POINT('',(0.0328955756293403,-0.0597367457464948,-0.034670558434514));
#8296=CARTESIAN_POINT('',(0.0328955756293403,-0.0569584811465495,-0.0388285252450018));
#8297=CARTESIAN_POINT('',(0.0328955756293403,-0.0528005143360618,-0.0416067898449469));
#8298=CARTESIAN_POINT('',(0.0328955756293403,-0.049530743491931,-0.042257187704342));
#8299=CARTESIAN_POINT('',(0.0328955756293403,-0.0478958580698655,-0.042257187704342));
#8300=CARTESIAN_POINT('',(0.0331407335069444,-0.0478958580698655,-0.0422338926197066));
#8301=CARTESIAN_POINT('',(0.0331407335069444,-0.0462640215569109,-0.0422338926197066));
#8302=CARTESIAN_POINT('',(0.0331407335069444,-0.0430003485310016,-0.0415847076917699));
#8303=CARTESIAN_POINT('',(0.0331407335069445,-0.0388501359415253,-0.038811624296658));
#8304=CARTESIAN_POINT('',(0.0331407335069444,-0.0360770525464134,-0.0346614117071816));
#8305=CARTESIAN_POINT('',(0.0331407335069445,-0.0351032751545083,-0.0297659021683177));
#8306=CARTESIAN_POINT('',(0.0331407335069444,-0.0360770525464134,-0.0248703926294538));
#8307=CARTESIAN_POINT('',(0.0331407335069445,-0.0388501359415253,-0.0207201800399774));
#8308=CARTESIAN_POINT('',(0.0331407335069444,-0.0430003485310016,-0.0179470966448656));
#8309=CARTESIAN_POINT('',(0.0331407335069445,-0.0478958580698655,-0.0169733192529605));
#8310=CARTESIAN_POINT('',(0.0331407335069444,-0.0527913676087294,-0.0179470966448656));
#8311=CARTESIAN_POINT('',(0.0331407335069445,-0.0569415801982059,-0.0207201800399775));
#8312=CARTESIAN_POINT('',(0.0331407335069444,-0.0597146635933177,-0.0248703926294538));
#8313=CARTESIAN_POINT('',(0.0331407335069445,-0.0606884409852228,-0.0297659021683179));
#8314=CARTESIAN_POINT('',(0.0331407335069444,-0.0597146635933177,-0.0346614117071816));
#8315=CARTESIAN_POINT('',(0.0331407335069445,-0.0569415801982058,-0.0388116242966581));
#8316=CARTESIAN_POINT('',(0.0331407335069444,-0.0527913676087294,-0.0415847076917698));
#8317=CARTESIAN_POINT('',(0.0331407335069444,-0.0495276945828202,-0.0422338926197066));
#8318=CARTESIAN_POINT('',(0.0331407335069444,-0.0478958580698655,-0.0422338926197066));
#8319=CARTESIAN_POINT('',(0.0333094618055556,-0.0478958580698655,-0.0422040532099844));
#8320=CARTESIAN_POINT('',(0.0333094618055556,-0.0462679270008956,-0.0422040532099844));
#8321=CARTESIAN_POINT('',(0.0333094618055556,-0.0430120648629557,-0.041556421964265));
#8322=CARTESIAN_POINT('',(0.0333094618055556,-0.0388717849001023,-0.038789975338081));
#8323=CARTESIAN_POINT('',(0.0333094618055556,-0.0361053382739182,-0.0346496953752275));
#8324=CARTESIAN_POINT('',(0.0333094618055556,-0.0351338914053391,-0.0297659021683177));
#8325=CARTESIAN_POINT('',(0.0333094618055556,-0.0361053382739183,-0.0248821089614079));
#8326=CARTESIAN_POINT('',(0.0333094618055556,-0.0388717849001023,-0.0207418289985544));
#8327=CARTESIAN_POINT('',(0.0333094618055556,-0.0430120648629557,-0.0179753823723705));
#8328=CARTESIAN_POINT('',(0.0333094618055556,-0.0478958580698655,-0.0170039355037913));
#8329=CARTESIAN_POINT('',(0.0333094618055556,-0.0527796512767753,-0.0179753823723705));
#8330=CARTESIAN_POINT('',(0.0333094618055556,-0.0569199312396289,-0.0207418289985545));
#8331=CARTESIAN_POINT('',(0.0333094618055556,-0.0596863778658128,-0.0248821089614079));
#8332=CARTESIAN_POINT('',(0.0333094618055555,-0.0606578247343919,-0.0297659021683179));
#8333=CARTESIAN_POINT('',(0.0333094618055556,-0.0596863778658128,-0.0346496953752275));
#8334=CARTESIAN_POINT('',(0.0333094618055556,-0.0569199312396288,-0.0387899753380811));
#8335=CARTESIAN_POINT('',(0.0333094618055556,-0.0527796512767753,-0.0415564219642649));
#8336=CARTESIAN_POINT('',(0.0333094618055556,-0.0495237891388355,-0.0422040532099844));
#8337=CARTESIAN_POINT('',(0.0333094618055556,-0.0478958580698655,-0.0422040532099844));
#8338=CARTESIAN_POINT('',(0.0336436631944445,-0.0478958580698655,-0.0421063969599844));
#8339=CARTESIAN_POINT('',(0.0336436631944445,-0.0462807084539364,-0.0421063969599844));
#8340=CARTESIAN_POINT('',(0.0336436631944445,-0.0430504092220783,-0.0414638504924308));
#8341=CARTESIAN_POINT('',(0.0336436631944445,-0.0389426360372635,-0.0387191242009198));
#8342=CARTESIAN_POINT('',(0.0336436631944445,-0.0361979097457524,-0.034611351016105));
#8343=CARTESIAN_POINT('',(0.0336436631944444,-0.0352340900444221,-0.0297659021683177));
#8344=CARTESIAN_POINT('',(0.0336436631944445,-0.0361979097457525,-0.0249204533205305));
#8345=CARTESIAN_POINT('',(0.0336436631944444,-0.0389426360372635,-0.0208126801357156));
#8346=CARTESIAN_POINT('',(0.0336436631944445,-0.0430504092220783,-0.0180679538442047));
#8347=CARTESIAN_POINT('',(0.0336436631944445,-0.0478958580698655,-0.0171041341428743));
#8348=CARTESIAN_POINT('',(0.0336436631944445,-0.0527413069176528,-0.0180679538442047));
#8349=CARTESIAN_POINT('',(0.0336436631944445,-0.0568490801024677,-0.0208126801357157));
#8350=CARTESIAN_POINT('',(0.0336436631944444,-0.0595938063939786,-0.0249204533205305));
#8351=CARTESIAN_POINT('',(0.0336436631944445,-0.060557626095309,-0.0297659021683179));
#8352=CARTESIAN_POINT('',(0.0336436631944444,-0.0595938063939786,-0.034611351016105));
#8353=CARTESIAN_POINT('',(0.0336436631944444,-0.0568490801024676,-0.0387191242009199));
#8354=CARTESIAN_POINT('',(0.0336436631944445,-0.0527413069176527,-0.0414638504924308));
#8355=CARTESIAN_POINT('',(0.0336436631944445,-0.0495110076857946,-0.0421063969599844));
#8356=CARTESIAN_POINT('',(0.0336436631944445,-0.0478958580698655,-0.0421063969599844));
#8357=CARTESIAN_POINT('',(0.03380859375,-0.0478958580698655,-0.0420388513870677));
#8358=CARTESIAN_POINT('',(0.03380859375,-0.0462895489589564,-0.0420388513870677));
#8359=CARTESIAN_POINT('',(0.03380859375,-0.043076930737138,-0.0413998218910788));
#8360=CARTESIAN_POINT('',(0.03380859375,-0.0389916414071333,-0.03867011883105));
#8361=CARTESIAN_POINT('',(0.03380859375,-0.0362619383471044,-0.0345848295010452));
#8362=CARTESIAN_POINT('',(0.03380859375,-0.0353033941031211,-0.0297659021683177));
#8363=CARTESIAN_POINT('',(0.03380859375,-0.0362619383471044,-0.0249469748355902));
#8364=CARTESIAN_POINT('',(0.03380859375,-0.0389916414071333,-0.0208616855055855));
#8365=CARTESIAN_POINT('',(0.03380859375,-0.043076930737138,-0.0181319824455567));
#8366=CARTESIAN_POINT('',(0.03380859375,-0.0478958580698655,-0.0171734382015733));
#8367=CARTESIAN_POINT('',(0.03380859375,-0.052714785402593,-0.0181319824455566));
#8368=CARTESIAN_POINT('',(0.03380859375,-0.0568000747325978,-0.0208616855055855));
#8369=CARTESIAN_POINT('',(0.03380859375,-0.0595297777926266,-0.0249469748355902));
#8370=CARTESIAN_POINT('',(0.03380859375,-0.06048832203661,-0.0297659021683179));
#8371=CARTESIAN_POINT('',(0.03380859375,-0.0595297777926266,-0.0345848295010452));
#8372=CARTESIAN_POINT('',(0.03380859375,-0.0568000747325978,-0.03867011883105));
#8373=CARTESIAN_POINT('',(0.03380859375,-0.052714785402593,-0.0413998218910788));
#8374=CARTESIAN_POINT('',(0.03380859375,-0.0495021671807747,-0.0420388513870677));
#8375=CARTESIAN_POINT('',(0.03380859375,-0.0478958580698655,-0.0420388513870677));
#8376=CARTESIAN_POINT('',(0.03411376953125,-0.0478958580698655,-0.0418667322464427));
#8377=CARTESIAN_POINT('',(0.03411376953125,-0.0463120762699409,-0.0418667322464427));
#8378=CARTESIAN_POINT('',(0.03411376953125,-0.0431445126700916,-0.0412366646719711));
#8379=CARTESIAN_POINT('',(0.03411376953125,-0.0391165165363799,-0.0385452437018034));
#8380=CARTESIAN_POINT('',(0.03411376953125,-0.0364250955662122,-0.0345172475680917));
#8381=CARTESIAN_POINT('',(0.03411376953125,-0.0354799942045047,-0.0297659021683177));
#8382=CARTESIAN_POINT('',(0.03411376953125,-0.0364250955662122,-0.0250145567685437));
#8383=CARTESIAN_POINT('',(0.03411376953125,-0.0391165165363799,-0.020986560634832));
#8384=CARTESIAN_POINT('',(0.03411376953125,-0.0431445126700915,-0.0182951396646644));
#8385=CARTESIAN_POINT('',(0.03411376953125,-0.0478958580698655,-0.0173500383029569));
#8386=CARTESIAN_POINT('',(0.03411376953125,-0.0526472034696395,-0.0182951396646644));
#8387=CARTESIAN_POINT('',(0.03411376953125,-0.0566751996033512,-0.0209865606348321));
#8388=CARTESIAN_POINT('',(0.03411376953125,-0.0593666205735189,-0.0250145567685437));
#8389=CARTESIAN_POINT('',(0.03411376953125,-0.0603117219352264,-0.0297659021683179));
#8390=CARTESIAN_POINT('',(0.03411376953125,-0.0593666205735188,-0.0345172475680917));
#8391=CARTESIAN_POINT('',(0.03411376953125,-0.0566751996033513,-0.0385452437018034));
#8392=CARTESIAN_POINT('',(0.03411376953125,-0.0526472034696394,-0.0412366646719711));
#8393=CARTESIAN_POINT('',(0.03411376953125,-0.0494796398697902,-0.0418667322464427));
#8394=CARTESIAN_POINT('',(0.03411376953125,-0.0478958580698655,-0.0418667322464427));
#8395=CARTESIAN_POINT('',(0.0342534722222222,-0.0478958580698655,-0.0417624299460955));
#8396=CARTESIAN_POINT('',(0.0342534722222222,-0.0463257275718692,-0.0417624299460955));
#8397=CARTESIAN_POINT('',(0.0342534722222222,-0.0431854665758766,-0.0411377931971926));
#8398=CARTESIAN_POINT('',(0.0342534722222222,-0.0391921894870423,-0.038469570751141));
#8399=CARTESIAN_POINT('',(0.0342534722222222,-0.0365239670409906,-0.0344762936623066));
#8400=CARTESIAN_POINT('',(0.0342534722222222,-0.0355870119176363,-0.0297659021683177));
#8401=CARTESIAN_POINT('',(0.0342534722222222,-0.0365239670409907,-0.0250555106743288));
#8402=CARTESIAN_POINT('',(0.0342534722222222,-0.0391921894870423,-0.0210622335854945));
#8403=CARTESIAN_POINT('',(0.0342534722222222,-0.0431854665758766,-0.0183940111394429));
#8404=CARTESIAN_POINT('',(0.0342534722222222,-0.0478958580698655,-0.0174570560160885));
#8405=CARTESIAN_POINT('',(0.0342534722222222,-0.0526062495638544,-0.0183940111394428));
#8406=CARTESIAN_POINT('',(0.0342534722222222,-0.0565995266526888,-0.0210622335854945));
#8407=CARTESIAN_POINT('',(0.0342534722222222,-0.0592677490987404,-0.0250555106743288));
#8408=CARTESIAN_POINT('',(0.0342534722222222,-0.0602047042220947,-0.0297659021683179));
#8409=CARTESIAN_POINT('',(0.0342534722222222,-0.0592677490987404,-0.0344762936623066));
#8410=CARTESIAN_POINT('',(0.0342534722222222,-0.0565995266526888,-0.038469570751141));
#8411=CARTESIAN_POINT('',(0.0342534722222222,-0.0526062495638544,-0.0411377931971926));
#8412=CARTESIAN_POINT('',(0.0342534722222222,-0.0494659885678618,-0.0417624299460955));
#8413=CARTESIAN_POINT('',(0.0342534722222222,-0.0478958580698655,-0.0417624299460955));
#8414=CARTESIAN_POINT('',(0.0344965277777778,-0.0478958580698655,-0.0415193743905399));
#8415=CARTESIAN_POINT('',(0.0344965277777778,-0.0463575391883264,-0.0415193743905399));
#8416=CARTESIAN_POINT('',(0.0344965277777778,-0.0432809014252483,-0.0409073930895164));
#8417=CARTESIAN_POINT('',(0.0344965277777778,-0.039368530095088,-0.0382932301430953));
#8418=CARTESIAN_POINT('',(0.0344965277777778,-0.0367543671486668,-0.0343808588129349));
#8419=CARTESIAN_POINT('',(0.0344965277777778,-0.0358363951971316,-0.0297659021683177));
#8420=CARTESIAN_POINT('',(0.0344965277777778,-0.0367543671486669,-0.0251509455237005));
#8421=CARTESIAN_POINT('',(0.0344965277777778,-0.0393685300950879,-0.0212385741935401));
#8422=CARTESIAN_POINT('',(0.0344965277777778,-0.0432809014252483,-0.018624411247119));
#8423=CARTESIAN_POINT('',(0.0344965277777778,-0.0478958580698655,-0.0177064392955837));
#8424=CARTESIAN_POINT('',(0.0344965277777778,-0.0525108147144827,-0.018624411247119));
#8425=CARTESIAN_POINT('',(0.0344965277777778,-0.0564231860446432,-0.0212385741935402));
#8426=CARTESIAN_POINT('',(0.0344965277777778,-0.0590373489910642,-0.0251509455237005));
#8427=CARTESIAN_POINT('',(0.0344965277777778,-0.0599553209425995,-0.0297659021683179));
#8428=CARTESIAN_POINT('',(0.0344965277777778,-0.0590373489910642,-0.0343808588129349));
#8429=CARTESIAN_POINT('',(0.0344965277777778,-0.0564231860446432,-0.0382932301430954));
#8430=CARTESIAN_POINT('',(0.0344965277777778,-0.0525108147144827,-0.0409073930895164));
#8431=CARTESIAN_POINT('',(0.0344965277777778,-0.0494341769514046,-0.0415193743905399));
#8432=CARTESIAN_POINT('',(0.0344965277777778,-0.0478958580698655,-0.0415193743905399));
#8433=CARTESIAN_POINT('',(0.034600830078125,-0.0478958580698655,-0.0413796716995677));
#8434=CARTESIAN_POINT('',(0.034600830078125,-0.0463758237669821,-0.0413796716995677));
#8435=CARTESIAN_POINT('',(0.034600830078125,-0.0433357551612153,-0.0407749644561981));
#8436=CARTESIAN_POINT('',(0.034600830078125,-0.0394698865829713,-0.038191873655212));
#8437=CARTESIAN_POINT('',(0.034600830078125,-0.0368867957819852,-0.0343260050769679));
#8438=CARTESIAN_POINT('',(0.034600830078125,-0.0359797349169307,-0.0297659021683177));
#8439=CARTESIAN_POINT('',(0.034600830078125,-0.0368867957819852,-0.0252057992596675));
#8440=CARTESIAN_POINT('',(0.034600830078125,-0.0394698865829713,-0.0213399306814234));
#8441=CARTESIAN_POINT('',(0.034600830078125,-0.0433357551612153,-0.0187568398804374));
#8442=CARTESIAN_POINT('',(0.034600830078125,-0.0478958580698655,-0.0178497790153829));
#8443=CARTESIAN_POINT('',(0.034600830078125,-0.0524559609785157,-0.0187568398804374));
#8444=CARTESIAN_POINT('',(0.034600830078125,-0.0563218295567598,-0.0213399306814235));
#8445=CARTESIAN_POINT('',(0.034600830078125,-0.0589049203577459,-0.0252057992596675));
#8446=CARTESIAN_POINT('',(0.034600830078125,-0.0598119812228003,-0.0297659021683178));
#8447=CARTESIAN_POINT('',(0.034600830078125,-0.0589049203577459,-0.034326005076968));
#8448=CARTESIAN_POINT('',(0.034600830078125,-0.0563218295567598,-0.038191873655212));
#8449=CARTESIAN_POINT('',(0.034600830078125,-0.0524559609785157,-0.0407749644561981));
#8450=CARTESIAN_POINT('',(0.034600830078125,-0.049415892372749,-0.0413796716995677));
#8451=CARTESIAN_POINT('',(0.034600830078125,-0.0478958580698655,-0.0413796716995677));
#8452=CARTESIAN_POINT('',(0.03477294921875,-0.0478958580698655,-0.0410744959183177));
#8453=CARTESIAN_POINT('',(0.03477294921875,-0.0464157658077348,-0.0410744959183177));
#8454=CARTESIAN_POINT('',(0.03477294921875,-0.0434555812834733,-0.0404856786067163));
#8455=CARTESIAN_POINT('',(0.03477294921875,-0.0396912963866,-0.0379704638515832));
#8456=CARTESIAN_POINT('',(0.03477294921875,-0.037176081631467,-0.0342061789547099));
#8457=CARTESIAN_POINT('',(0.03477294921875,-0.0362928556640648,-0.0297659021683177));
#8458=CARTESIAN_POINT('',(0.03477294921875,-0.037176081631467,-0.0253256253819255));
#8459=CARTESIAN_POINT('',(0.03477294921875,-0.0396912963866,-0.0215613404850521));
#8460=CARTESIAN_POINT('',(0.03477294921875,-0.0434555812834733,-0.0190461257299192));
#8461=CARTESIAN_POINT('',(0.03477294921875,-0.0478958580698655,-0.018162899762517));
#8462=CARTESIAN_POINT('',(0.03477294921875,-0.0523361348562577,-0.0190461257299192));
#8463=CARTESIAN_POINT('',(0.03477294921875,-0.0561004197531311,-0.0215613404850522));
#8464=CARTESIAN_POINT('',(0.03477294921875,-0.0586156345082641,-0.0253256253819255));
#8465=CARTESIAN_POINT('',(0.03477294921875,-0.0594988604756662,-0.0297659021683178));
#8466=CARTESIAN_POINT('',(0.03477294921875,-0.058615634508264,-0.03420617895471));
#8467=CARTESIAN_POINT('',(0.03477294921875,-0.0561004197531311,-0.0379704638515833));
#8468=CARTESIAN_POINT('',(0.03477294921875,-0.0523361348562577,-0.0404856786067162));
#8469=CARTESIAN_POINT('',(0.03477294921875,-0.0493759503319963,-0.0410744959183177));
#8470=CARTESIAN_POINT('',(0.03477294921875,-0.0478958580698655,-0.0410744959183177));
#8471=CARTESIAN_POINT('',(0.0348404947916667,-0.0478958580698655,-0.0409095653627622));
#8472=CARTESIAN_POINT('',(0.0348404947916667,-0.0464373522617593,-0.0409095653627622));
#8473=CARTESIAN_POINT('',(0.0348404947916667,-0.043520340645547,-0.0403293356765074));
#8474=CARTESIAN_POINT('',(0.0348404947916667,-0.0398109560849167,-0.0378508041532666));
#8475=CARTESIAN_POINT('',(0.0348404947916667,-0.0373324245616758,-0.0341414195926363));
#8476=CARTESIAN_POINT('',(0.0348404947916667,-0.0364620800322937,-0.0297659021683177));
#8477=CARTESIAN_POINT('',(0.0348404947916667,-0.0373324245616759,-0.0253903847439992));
#8478=CARTESIAN_POINT('',(0.0348404947916667,-0.0398109560849167,-0.0216810001833688));
#8479=CARTESIAN_POINT('',(0.0348404947916667,-0.043520340645547,-0.0192024686601281));
#8480=CARTESIAN_POINT('',(0.0348404947916667,-0.0478958580698655,-0.0183321241307459));
#8481=CARTESIAN_POINT('',(0.0348404947916667,-0.0522713754941841,-0.019202468660128));
#8482=CARTESIAN_POINT('',(0.0348404947916667,-0.0559807600548144,-0.0216810001833689));
#8483=CARTESIAN_POINT('',(0.0348404947916667,-0.0584592915780552,-0.0253903847439992));
#8484=CARTESIAN_POINT('',(0.0348404947916667,-0.0593296361074373,-0.0297659021683178));
#8485=CARTESIAN_POINT('',(0.0348404947916667,-0.0584592915780552,-0.0341414195926363));
#8486=CARTESIAN_POINT('',(0.0348404947916667,-0.0559807600548144,-0.0378508041532666));
#8487=CARTESIAN_POINT('',(0.0348404947916667,-0.0522713754941841,-0.0403293356765074));
#8488=CARTESIAN_POINT('',(0.0348404947916667,-0.0493543638779717,-0.0409095653627622));
#8489=CARTESIAN_POINT('',(0.0348404947916667,-0.0478958580698655,-0.0409095653627622));
#8490=CARTESIAN_POINT('',(0.0349381510416667,-0.0478958580698655,-0.0405753639738733));
#8491=CARTESIAN_POINT('',(0.0349381510416667,-0.046481093234388,-0.0405753639738733));
#8492=CARTESIAN_POINT('',(0.0349381510416667,-0.0436515635634331,-0.0400125355284526));
#8493=CARTESIAN_POINT('',(0.0349381510416667,-0.0400534244209794,-0.0376083358172038));
#8494=CARTESIAN_POINT('',(0.0349381510416667,-0.0376492247097306,-0.0340101966747502));
#8495=CARTESIAN_POINT('',(0.0349381510416667,-0.0368049820415997,-0.0297659021683177));
#8496=CARTESIAN_POINT('',(0.0349381510416667,-0.0376492247097306,-0.0255216076618852));
#8497=CARTESIAN_POINT('',(0.0349381510416667,-0.0400534244209794,-0.0219234685194316));
#8498=CARTESIAN_POINT('',(0.0349381510416667,-0.043651563563433,-0.0195192688081828));
#8499=CARTESIAN_POINT('',(0.0349381510416667,-0.0478958580698655,-0.0186750261400518));
#8500=CARTESIAN_POINT('',(0.0349381510416667,-0.052140152576298,-0.0195192688081828));
#8501=CARTESIAN_POINT('',(0.0349381510416666,-0.0557382917187517,-0.0219234685194316));
#8502=CARTESIAN_POINT('',(0.0349381510416667,-0.0581424914300005,-0.0255216076618852));
#8503=CARTESIAN_POINT('',(0.0349381510416667,-0.0589867340981314,-0.0297659021683178));
#8504=CARTESIAN_POINT('',(0.0349381510416667,-0.0581424914300004,-0.0340101966747502));
#8505=CARTESIAN_POINT('',(0.0349381510416667,-0.0557382917187517,-0.0376083358172039));
#8506=CARTESIAN_POINT('',(0.0349381510416667,-0.052140152576298,-0.0400125355284527));
#8507=CARTESIAN_POINT('',(0.0349381510416667,-0.049310622905343,-0.0405753639738733));
#8508=CARTESIAN_POINT('',(0.0349381510416667,-0.0478958580698655,-0.0405753639738733));
#8509=CARTESIAN_POINT('',(0.0349679904513889,-0.0478958580698655,-0.0404066356752622));
#8510=CARTESIAN_POINT('',(0.0349679904513889,-0.0465031767449197,-0.0404066356752622));
#8511=CARTESIAN_POINT('',(0.0349679904513889,-0.0437178140950282,-0.0398525925965614));
#8512=CARTESIAN_POINT('',(0.0349679904513889,-0.0401758394412968,-0.0374859207968864));
#8513=CARTESIAN_POINT('',(0.0349679904513889,-0.0378091676416219,-0.0339439461431551));
#8514=CARTESIAN_POINT('',(0.0349679904513889,-0.0369781030235707,-0.0297659021683177));
#8515=CARTESIAN_POINT('',(0.0349679904513889,-0.0378091676416219,-0.0255878581934803));
#8516=CARTESIAN_POINT('',(0.0349679904513889,-0.0401758394412968,-0.022045883539749));
#8517=CARTESIAN_POINT('',(0.0349679904513889,-0.0437178140950281,-0.0196792117400741));
#8518=CARTESIAN_POINT('',(0.0349679904513889,-0.0478958580698655,-0.0188481471220229));
#8519=CARTESIAN_POINT('',(0.0349679904513889,-0.0520739020447029,-0.0196792117400741));
#8520=CARTESIAN_POINT('',(0.0349679904513889,-0.0556158766984343,-0.022045883539749));
#8521=CARTESIAN_POINT('',(0.0349679904513889,-0.0579825484981092,-0.0255878581934803));
#8522=CARTESIAN_POINT('',(0.0349679904513889,-0.0588136131161604,-0.0297659021683178));
#8523=CARTESIAN_POINT('',(0.0349679904513889,-0.0579825484981091,-0.0339439461431551));
#8524=CARTESIAN_POINT('',(0.0349679904513889,-0.0556158766984343,-0.0374859207968865));
#8525=CARTESIAN_POINT('',(0.0349679904513889,-0.0520739020447029,-0.0398525925965614));
#8526=CARTESIAN_POINT('',(0.0349679904513889,-0.0492885393948113,-0.0404066356752622));
#8527=CARTESIAN_POINT('',(0.0349679904513889,-0.0478958580698655,-0.0404066356752622));
#8528=CARTESIAN_POINT('',(0.0349912855360243,-0.0478958580698655,-0.040161477797658));
#8529=CARTESIAN_POINT('',(0.0349912855360243,-0.0465352635176577,-0.040161477797658));
#8530=CARTESIAN_POINT('',(0.0349912855360243,-0.0438140744132421,-0.039620199630811));
#8531=CARTESIAN_POINT('',(0.0349912855360243,-0.0403537053168785,-0.0373080549213047));
#8532=CARTESIAN_POINT('',(0.0349912855360243,-0.0380415606073723,-0.0338476858249412));
#8533=CARTESIAN_POINT('',(0.0349912855360243,-0.0372296433571017,-0.0297659021683177));
#8534=CARTESIAN_POINT('',(0.0349912855360243,-0.0380415606073723,-0.0256841185116942));
#8535=CARTESIAN_POINT('',(0.0349912855360243,-0.0403537053168785,-0.0222237494153307));
#8536=CARTESIAN_POINT('',(0.0349912855360243,-0.0438140744132421,-0.0199116047058245));
#8537=CARTESIAN_POINT('',(0.0349912855360243,-0.0478958580698655,-0.0190996874555539));
#8538=CARTESIAN_POINT('',(0.0349912855360243,-0.051977641726489,-0.0199116047058245));
#8539=CARTESIAN_POINT('',(0.0349912855360243,-0.0554380108228526,-0.0222237494153308));
#8540=CARTESIAN_POINT('',(0.0349912855360243,-0.0577501555323588,-0.0256841185116942));
#8541=CARTESIAN_POINT('',(0.0349912855360243,-0.0585620727826293,-0.0297659021683178));
#8542=CARTESIAN_POINT('',(0.0349912855360243,-0.0577501555323588,-0.0338476858249412));
#8543=CARTESIAN_POINT('',(0.0349912855360243,-0.0554380108228525,-0.0373080549213048));
#8544=CARTESIAN_POINT('',(0.0349912855360243,-0.051977641726489,-0.039620199630811));
#8545=CARTESIAN_POINT('',(0.0349912855360243,-0.0492564526220734,-0.040161477797658));
#8546=CARTESIAN_POINT('',(0.0349912855360243,-0.0478958580698655,-0.040161477797658));
#8547=CARTESIAN_POINT('',(0.0349955749511719,-0.0478958580698655,-0.0400809792082483));
#8548=CARTESIAN_POINT('',(0.0349955749511719,-0.0465457993404073,-0.0400809792082483));
#8549=CARTESIAN_POINT('',(0.0349955749511719,-0.043845681881491,-0.0395438924522921));
#8550=CARTESIAN_POINT('',(0.0349955749511719,-0.0404121083028579,-0.0372496519353254));
#8551=CARTESIAN_POINT('',(0.0349955749511719,-0.0381178677858912,-0.0338160783566922));
#8552=CARTESIAN_POINT('',(0.0349955749511719,-0.0373122376519569,-0.0297659021683177));
#8553=CARTESIAN_POINT('',(0.0349955749511719,-0.0381178677858912,-0.0257157259799432));
#8554=CARTESIAN_POINT('',(0.0349955749511719,-0.0404121083028579,-0.0222821524013101));
#8555=CARTESIAN_POINT('',(0.0349955749511719,-0.043845681881491,-0.0199879118843434));
#8556=CARTESIAN_POINT('',(0.0349955749511719,-0.0478958580698655,-0.0191822817504091));
#8557=CARTESIAN_POINT('',(0.0349955749511719,-0.0519460342582401,-0.0199879118843434));
#8558=CARTESIAN_POINT('',(0.0349955749511719,-0.0553796078368732,-0.0222821524013102));
#8559=CARTESIAN_POINT('',(0.0349955749511719,-0.0576738483538399,-0.0257157259799432));
#8560=CARTESIAN_POINT('',(0.0349955749511719,-0.0584794784877742,-0.0297659021683178));
#8561=CARTESIAN_POINT('',(0.0349955749511719,-0.0576738483538399,-0.0338160783566923));
#8562=CARTESIAN_POINT('',(0.0349955749511719,-0.0553796078368731,-0.0372496519353254));
#8563=CARTESIAN_POINT('',(0.0349955749511719,-0.05194603425824,-0.0395438924522921));
#8564=CARTESIAN_POINT('',(0.0349955749511719,-0.0492459167993237,-0.0400809792082483));
#8565=CARTESIAN_POINT('',(0.0349955749511719,-0.0478958580698655,-0.0400809792082483));
#8566=CARTESIAN_POINT('',(0.0349999364217122,-0.0478958580698655,-0.0399222454164731));
#8567=CARTESIAN_POINT('',(0.0349999364217122,-0.0465665747491044,-0.0399222454164731));
#8568=CARTESIAN_POINT('',(0.0349999364217122,-0.0439080081075821,-0.0393934236319713));
#8569=CARTESIAN_POINT('',(0.0349999364217122,-0.0405272721521065,-0.0371344880860768));
#8570=CARTESIAN_POINT('',(0.0349999364217122,-0.0382683366062119,-0.0337537521306011));
#8571=CARTESIAN_POINT('',(0.0349999364217122,-0.0374751039294593,-0.0297659021683177));
#8572=CARTESIAN_POINT('',(0.0349999364217122,-0.0382683366062119,-0.0257780522060343));
#8573=CARTESIAN_POINT('',(0.0349999364217122,-0.0405272721521065,-0.0223973162505586));
#8574=CARTESIAN_POINT('',(0.0349999364217122,-0.0439080081075821,-0.0201383807046642));
#8575=CARTESIAN_POINT('',(0.0349999364217122,-0.0478958580698655,-0.0193451480279115));
#8576=CARTESIAN_POINT('',(0.0349999364217122,-0.0518837080321489,-0.0201383807046641));
#8577=CARTESIAN_POINT('',(0.0349999364217122,-0.0552644439876246,-0.0223973162505587));
#8578=CARTESIAN_POINT('',(0.0349999364217122,-0.0575233795335191,-0.0257780522060343));
#8579=CARTESIAN_POINT('',(0.0349999364217122,-0.0583166122102718,-0.0297659021683178));
#8580=CARTESIAN_POINT('',(0.0349999364217122,-0.0575233795335191,-0.0337537521306011));
#8581=CARTESIAN_POINT('',(0.0349999364217122,-0.0552644439876246,-0.0371344880860768));
#8582=CARTESIAN_POINT('',(0.0349999364217122,-0.0518837080321489,-0.0393934236319713));
#8583=CARTESIAN_POINT('',(0.0349999364217122,-0.0492251413906267,-0.0399222454164731));
#8584=CARTESIAN_POINT('',(0.0349999364217122,-0.0478958580698655,-0.0399222454164731));
#8585=CARTESIAN_POINT('',(0.035,-0.0478958580698655,-0.0398440271683177));
#8586=CARTESIAN_POINT('',(0.035,-0.0465768121160495,-0.0398440271683177));
#8587=CARTESIAN_POINT('',(0.035,-0.0439387202084175,-0.0393192780616055));
#8588=CARTESIAN_POINT('',(0.035,-0.040584020714831,-0.0370777395233523));
#8589=CARTESIAN_POINT('',(0.035,-0.0383424821765777,-0.0337230400297657));
#8590=CARTESIAN_POINT('',(0.035,-0.0375553585165094,-0.0297659021683177));
#8591=CARTESIAN_POINT('',(0.035,-0.0383424821765778,-0.0258087643068697));
#8592=CARTESIAN_POINT('',(0.035,-0.040584020714831,-0.0224540648132831));
#8593=CARTESIAN_POINT('',(0.035,-0.0439387202084175,-0.02021252627503));
#8594=CARTESIAN_POINT('',(0.035,-0.0478958580698655,-0.0194254026149616));
#8595=CARTESIAN_POINT('',(0.035,-0.0518529959313135,-0.0202125262750299));
#8596=CARTESIAN_POINT('',(0.035,-0.0552076954249001,-0.0224540648132832));
#8597=CARTESIAN_POINT('',(0.035,-0.0574492339631534,-0.0258087643068697));
#8598=CARTESIAN_POINT('',(0.035,-0.0582363576232216,-0.0297659021683178));
#8599=CARTESIAN_POINT('',(0.035,-0.0574492339631533,-0.0337230400297657));
#8600=CARTESIAN_POINT('',(0.035,-0.0552076954249001,-0.0370777395233523));
#8601=CARTESIAN_POINT('',(0.035,-0.0518529959313135,-0.0393192780616056));
#8602=CARTESIAN_POINT('',(0.035,-0.0492149040236815,-0.0398440271683177));
#8603=CARTESIAN_POINT('',(0.035,-0.0478958580698655,-0.0398440271683177));
#8604=CARTESIAN_POINT('',(0.035,-0.0478958580698655,-0.0397659021683177));
#8605=CARTESIAN_POINT('',(0.035,-0.0465870372784822,-0.0397659021683177));
#8606=CARTESIAN_POINT('',(0.035,-0.0439693956957156,-0.0392452208841382));
#8607=CARTESIAN_POINT('',(0.035,-0.0406407016245599,-0.0370210586136234));
#8608=CARTESIAN_POINT('',(0.035,-0.0384165393540451,-0.0336923645424676));
#8609=CARTESIAN_POINT('',(0.035,-0.0376355174277757,-0.0297659021683177));
#8610=CARTESIAN_POINT('',(0.035,-0.0384165393540451,-0.0258394397941678));
#8611=CARTESIAN_POINT('',(0.035,-0.04064070162456,-0.0225107457230121));
#8612=CARTESIAN_POINT('',(0.035,-0.0439693956957155,-0.0202865834524973));
#8613=CARTESIAN_POINT('',(0.035,-0.0478958580698655,-0.0195055615262279));
#8614=CARTESIAN_POINT('',(0.035,-0.0518223204440155,-0.0202865834524973));
#8615=CARTESIAN_POINT('',(0.035,-0.0551510145151711,-0.0225107457230122));
#8616=CARTESIAN_POINT('',(0.035,-0.057375176785686,-0.0258394397941678));
#8617=CARTESIAN_POINT('',(0.035,-0.0581561987119553,-0.0297659021683178));
#8618=CARTESIAN_POINT('',(0.035,-0.057375176785686,-0.0336923645424677));
#8619=CARTESIAN_POINT('',(0.035,-0.0551510145151712,-0.0370210586136234));
#8620=CARTESIAN_POINT('',(0.035,-0.0518223204440154,-0.0392452208841382));
#8621=CARTESIAN_POINT('',(0.035,-0.0492046788612488,-0.0397659021683177));
#8622=CARTESIAN_POINT('',(0.035,-0.0478958580698655,-0.0397659021683177));
#8623=CARTESIAN_POINT('',(0.0325,-0.0528039360375529,-0.0416150505630932));
#8624=CARTESIAN_POINT('',(0.0325,-0.0478958580698655,-0.04259132797093));
#8625=CARTESIAN_POINT('',(0.0325,-0.0429877801021781,-0.0416150505630933));
#8626=CARTESIAN_POINT('',(0.0325,-0.0388269125132335,-0.0388348477249497));
#8627=CARTESIAN_POINT('',(0.0325,-0.0360467096750899,-0.0346739801360051));
#8628=CARTESIAN_POINT('',(0.0325,-0.0350704322672533,-0.0297659021683177));
#8629=CARTESIAN_POINT('',(0.0325,-0.03604670967509,-0.0248578242006303));
#8630=CARTESIAN_POINT('',(0.0325,-0.0388269125132336,-0.0206969566116857));
#8631=CARTESIAN_POINT('',(0.0325,-0.0429877801021781,-0.0179167537735422));
#8632=CARTESIAN_POINT('',(0.0325,-0.0478958580698655,-0.0169404763657055));
#8633=CARTESIAN_POINT('',(0.0325,-0.0528039360375529,-0.0179167537735422));
#8634=CARTESIAN_POINT('',(0.0325,-0.0569648036264976,-0.0206969566116858));
#8635=CARTESIAN_POINT('',(0.0325,-0.0597450064646411,-0.0248578242006303));
#8636=CARTESIAN_POINT('',(0.0325,-0.0607212838724778,-0.0297659021683179));
#8637=CARTESIAN_POINT('',(0.0325,-0.0597450064646411,-0.0346739801360052));
#8638=CARTESIAN_POINT('',(0.0325,-0.0569648036264976,-0.0388348477249498));
#8639=CARTESIAN_POINT('',(0.0325,-0.0528039360375529,-0.0416150505630932));
#8640=CARTESIAN_POINT('',(0.0325,-0.0478958580698655,-0.04259132797093));
#8641=CARTESIAN_POINT('',(0.0325,-0.0429877801021781,-0.0416150505630933));
#8642=CARTESIAN_POINT('',(0.0325,-0.0478958580698655,-0.0422659021683177));
#8643=CARTESIAN_POINT('',(0.03,-0.0478958580698655,-0.0397659021683177));
#8644=CARTESIAN_POINT('',(0.03,-0.0465870372784822,-0.0397659021683177));
#8645=CARTESIAN_POINT('',(0.03,-0.0439693956957156,-0.0392452208841382));
#8646=CARTESIAN_POINT('',(0.03,-0.0406407016245599,-0.0370210586136234));
#8647=CARTESIAN_POINT('',(0.03,-0.0384165393540451,-0.0336923645424676));
#8648=CARTESIAN_POINT('',(0.03,-0.0376355174277757,-0.0297659021683177));
#8649=CARTESIAN_POINT('',(0.03,-0.0384165393540451,-0.0258394397941678));
#8650=CARTESIAN_POINT('',(0.03,-0.04064070162456,-0.0225107457230121));
#8651=CARTESIAN_POINT('',(0.03,-0.0439693956957155,-0.0202865834524973));
#8652=CARTESIAN_POINT('',(0.03,-0.0478958580698655,-0.0195055615262279));
#8653=CARTESIAN_POINT('',(0.03,-0.0518223204440155,-0.0202865834524973));
#8654=CARTESIAN_POINT('',(0.03,-0.0551510145151711,-0.0225107457230122));
#8655=CARTESIAN_POINT('',(0.03,-0.057375176785686,-0.0258394397941678));
#8656=CARTESIAN_POINT('',(0.03,-0.0581561987119553,-0.0297659021683178));
#8657=CARTESIAN_POINT('',(0.03,-0.057375176785686,-0.0336923645424677));
#8658=CARTESIAN_POINT('',(0.03,-0.0551510145151712,-0.0370210586136234));
#8659=CARTESIAN_POINT('',(0.03,-0.0518223204440154,-0.0392452208841382));
#8660=CARTESIAN_POINT('',(0.03,-0.0492046788612488,-0.0397659021683177));
#8661=CARTESIAN_POINT('',(0.03,-0.0478958580698655,-0.0397659021683177));
#8662=CARTESIAN_POINT('',(0.03,-0.0478958580698655,-0.0398440271683177));
#8663=CARTESIAN_POINT('',(0.03,-0.0465768121160495,-0.0398440271683177));
#8664=CARTESIAN_POINT('',(0.03,-0.0439387202084175,-0.0393192780616055));
#8665=CARTESIAN_POINT('',(0.03,-0.040584020714831,-0.0370777395233523));
#8666=CARTESIAN_POINT('',(0.03,-0.0383424821765777,-0.0337230400297657));
#8667=CARTESIAN_POINT('',(0.03,-0.0375553585165094,-0.0297659021683177));
#8668=CARTESIAN_POINT('',(0.03,-0.0383424821765778,-0.0258087643068697));
#8669=CARTESIAN_POINT('',(0.03,-0.040584020714831,-0.0224540648132831));
#8670=CARTESIAN_POINT('',(0.03,-0.0439387202084175,-0.02021252627503));
#8671=CARTESIAN_POINT('',(0.03,-0.0478958580698655,-0.0194254026149616));
#8672=CARTESIAN_POINT('',(0.03,-0.0518529959313135,-0.0202125262750299));
#8673=CARTESIAN_POINT('',(0.03,-0.0552076954249001,-0.0224540648132832));
#8674=CARTESIAN_POINT('',(0.03,-0.0574492339631534,-0.0258087643068697));
#8675=CARTESIAN_POINT('',(0.03,-0.0582363576232216,-0.0297659021683178));
#8676=CARTESIAN_POINT('',(0.03,-0.0574492339631533,-0.0337230400297657));
#8677=CARTESIAN_POINT('',(0.03,-0.0552076954249001,-0.0370777395233523));
#8678=CARTESIAN_POINT('',(0.03,-0.0518529959313135,-0.0393192780616056));
#8679=CARTESIAN_POINT('',(0.03,-0.0492149040236815,-0.0398440271683177));
#8680=CARTESIAN_POINT('',(0.03,-0.0478958580698655,-0.0398440271683177));
#8681=CARTESIAN_POINT('',(0.0300000635782878,-0.0478958580698655,-0.0399222454164731));
#8682=CARTESIAN_POINT('',(0.0300000635782878,-0.0465665747491044,-0.0399222454164731));
#8683=CARTESIAN_POINT('',(0.0300000635782878,-0.0439080081075821,-0.0393934236319713));
#8684=CARTESIAN_POINT('',(0.0300000635782878,-0.0405272721521065,-0.0371344880860768));
#8685=CARTESIAN_POINT('',(0.0300000635782878,-0.0382683366062119,-0.0337537521306011));
#8686=CARTESIAN_POINT('',(0.0300000635782878,-0.0374751039294593,-0.0297659021683177));
#8687=CARTESIAN_POINT('',(0.0300000635782878,-0.0382683366062119,-0.0257780522060343));
#8688=CARTESIAN_POINT('',(0.0300000635782878,-0.0405272721521065,-0.0223973162505586));
#8689=CARTESIAN_POINT('',(0.0300000635782878,-0.0439080081075821,-0.0201383807046642));
#8690=CARTESIAN_POINT('',(0.0300000635782878,-0.0478958580698655,-0.0193451480279115));
#8691=CARTESIAN_POINT('',(0.0300000635782878,-0.0518837080321489,-0.0201383807046641));
#8692=CARTESIAN_POINT('',(0.0300000635782878,-0.0552644439876246,-0.0223973162505587));
#8693=CARTESIAN_POINT('',(0.0300000635782878,-0.0575233795335191,-0.0257780522060343));
#8694=CARTESIAN_POINT('',(0.0300000635782877,-0.0583166122102718,-0.0297659021683178));
#8695=CARTESIAN_POINT('',(0.0300000635782878,-0.0575233795335191,-0.0337537521306011));
#8696=CARTESIAN_POINT('',(0.0300000635782878,-0.0552644439876246,-0.0371344880860768));
#8697=CARTESIAN_POINT('',(0.0300000635782878,-0.0518837080321489,-0.0393934236319713));
#8698=CARTESIAN_POINT('',(0.0300000635782878,-0.0492251413906267,-0.0399222454164731));
#8699=CARTESIAN_POINT('',(0.0300000635782878,-0.0478958580698655,-0.0399222454164731));
#8700=CARTESIAN_POINT('',(0.0300044250488281,-0.0478958580698655,-0.0400809792082483));
#8701=CARTESIAN_POINT('',(0.0300044250488281,-0.0465457993404073,-0.0400809792082483));
#8702=CARTESIAN_POINT('',(0.0300044250488281,-0.043845681881491,-0.0395438924522921));
#8703=CARTESIAN_POINT('',(0.0300044250488281,-0.0404121083028579,-0.0372496519353254));
#8704=CARTESIAN_POINT('',(0.0300044250488281,-0.0381178677858912,-0.0338160783566922));
#8705=CARTESIAN_POINT('',(0.0300044250488281,-0.0373122376519569,-0.0297659021683177));
#8706=CARTESIAN_POINT('',(0.0300044250488281,-0.0381178677858912,-0.0257157259799432));
#8707=CARTESIAN_POINT('',(0.0300044250488281,-0.0404121083028579,-0.0222821524013101));
#8708=CARTESIAN_POINT('',(0.0300044250488281,-0.043845681881491,-0.0199879118843434));
#8709=CARTESIAN_POINT('',(0.0300044250488281,-0.0478958580698655,-0.0191822817504091));
#8710=CARTESIAN_POINT('',(0.0300044250488281,-0.0519460342582401,-0.0199879118843434));
#8711=CARTESIAN_POINT('',(0.0300044250488281,-0.0553796078368732,-0.0222821524013102));
#8712=CARTESIAN_POINT('',(0.0300044250488281,-0.0576738483538399,-0.0257157259799432));
#8713=CARTESIAN_POINT('',(0.0300044250488281,-0.0584794784877742,-0.0297659021683179));
#8714=CARTESIAN_POINT('',(0.0300044250488281,-0.0576738483538399,-0.0338160783566923));
#8715=CARTESIAN_POINT('',(0.0300044250488281,-0.0553796078368731,-0.0372496519353254));
#8716=CARTESIAN_POINT('',(0.0300044250488281,-0.05194603425824,-0.0395438924522921));
#8717=CARTESIAN_POINT('',(0.0300044250488281,-0.0492459167993237,-0.0400809792082483));
#8718=CARTESIAN_POINT('',(0.0300044250488281,-0.0478958580698655,-0.0400809792082483));
#8719=CARTESIAN_POINT('',(0.0300087144639757,-0.0478958580698655,-0.040161477797658));
#8720=CARTESIAN_POINT('',(0.0300087144639757,-0.0465352635176577,-0.040161477797658));
#8721=CARTESIAN_POINT('',(0.0300087144639757,-0.0438140744132421,-0.039620199630811));
#8722=CARTESIAN_POINT('',(0.0300087144639757,-0.0403537053168785,-0.0373080549213047));
#8723=CARTESIAN_POINT('',(0.0300087144639757,-0.0380415606073723,-0.0338476858249412));
#8724=CARTESIAN_POINT('',(0.0300087144639757,-0.0372296433571017,-0.0297659021683177));
#8725=CARTESIAN_POINT('',(0.0300087144639757,-0.0380415606073723,-0.0256841185116942));
#8726=CARTESIAN_POINT('',(0.0300087144639757,-0.0403537053168786,-0.0222237494153307));
#8727=CARTESIAN_POINT('',(0.0300087144639757,-0.043814074413242,-0.0199116047058245));
#8728=CARTESIAN_POINT('',(0.0300087144639757,-0.0478958580698655,-0.0190996874555539));
#8729=CARTESIAN_POINT('',(0.0300087144639757,-0.051977641726489,-0.0199116047058245));
#8730=CARTESIAN_POINT('',(0.0300087144639757,-0.0554380108228526,-0.0222237494153308));
#8731=CARTESIAN_POINT('',(0.0300087144639757,-0.0577501555323588,-0.0256841185116942));
#8732=CARTESIAN_POINT('',(0.0300087144639757,-0.0585620727826293,-0.0297659021683178));
#8733=CARTESIAN_POINT('',(0.0300087144639757,-0.0577501555323588,-0.0338476858249412));
#8734=CARTESIAN_POINT('',(0.0300087144639757,-0.0554380108228525,-0.0373080549213048));
#8735=CARTESIAN_POINT('',(0.0300087144639757,-0.051977641726489,-0.039620199630811));
#8736=CARTESIAN_POINT('',(0.0300087144639757,-0.0492564526220734,-0.040161477797658));
#8737=CARTESIAN_POINT('',(0.0300087144639757,-0.0478958580698655,-0.040161477797658));
#8738=CARTESIAN_POINT('',(0.0300320095486111,-0.0478958580698655,-0.0404066356752622));
#8739=CARTESIAN_POINT('',(0.0300320095486111,-0.0465031767449197,-0.0404066356752622));
#8740=CARTESIAN_POINT('',(0.0300320095486111,-0.0437178140950282,-0.0398525925965614));
#8741=CARTESIAN_POINT('',(0.0300320095486111,-0.0401758394412968,-0.0374859207968864));
#8742=CARTESIAN_POINT('',(0.0300320095486111,-0.0378091676416219,-0.0339439461431551));
#8743=CARTESIAN_POINT('',(0.0300320095486111,-0.0369781030235707,-0.0297659021683177));
#8744=CARTESIAN_POINT('',(0.0300320095486111,-0.0378091676416219,-0.0255878581934803));
#8745=CARTESIAN_POINT('',(0.0300320095486111,-0.0401758394412968,-0.022045883539749));
#8746=CARTESIAN_POINT('',(0.0300320095486111,-0.0437178140950281,-0.0196792117400741));
#8747=CARTESIAN_POINT('',(0.0300320095486111,-0.0478958580698655,-0.0188481471220229));
#8748=CARTESIAN_POINT('',(0.0300320095486111,-0.0520739020447029,-0.0196792117400741));
#8749=CARTESIAN_POINT('',(0.0300320095486111,-0.0556158766984343,-0.022045883539749));
#8750=CARTESIAN_POINT('',(0.0300320095486111,-0.0579825484981092,-0.0255878581934803));
#8751=CARTESIAN_POINT('',(0.0300320095486111,-0.0588136131161604,-0.0297659021683178));
#8752=CARTESIAN_POINT('',(0.0300320095486111,-0.0579825484981091,-0.0339439461431552));
#8753=CARTESIAN_POINT('',(0.0300320095486111,-0.0556158766984343,-0.0374859207968865));
#8754=CARTESIAN_POINT('',(0.0300320095486111,-0.0520739020447029,-0.0398525925965614));
#8755=CARTESIAN_POINT('',(0.0300320095486111,-0.0492885393948113,-0.0404066356752622));
#8756=CARTESIAN_POINT('',(0.0300320095486111,-0.0478958580698655,-0.0404066356752622));
#8757=CARTESIAN_POINT('',(0.0300618489583333,-0.0478958580698655,-0.0405753639738733));
#8758=CARTESIAN_POINT('',(0.0300618489583333,-0.046481093234388,-0.0405753639738733));
#8759=CARTESIAN_POINT('',(0.0300618489583333,-0.0436515635634331,-0.0400125355284526));
#8760=CARTESIAN_POINT('',(0.0300618489583333,-0.0400534244209794,-0.0376083358172039));
#8761=CARTESIAN_POINT('',(0.0300618489583333,-0.0376492247097306,-0.0340101966747502));
#8762=CARTESIAN_POINT('',(0.0300618489583333,-0.0368049820415997,-0.0297659021683177));
#8763=CARTESIAN_POINT('',(0.0300618489583333,-0.0376492247097306,-0.0255216076618852));
#8764=CARTESIAN_POINT('',(0.0300618489583333,-0.0400534244209794,-0.0219234685194316));
#8765=CARTESIAN_POINT('',(0.0300618489583333,-0.043651563563433,-0.0195192688081828));
#8766=CARTESIAN_POINT('',(0.0300618489583333,-0.0478958580698655,-0.0186750261400518));
#8767=CARTESIAN_POINT('',(0.0300618489583333,-0.052140152576298,-0.0195192688081828));
#8768=CARTESIAN_POINT('',(0.0300618489583333,-0.0557382917187517,-0.0219234685194316));
#8769=CARTESIAN_POINT('',(0.0300618489583333,-0.0581424914300004,-0.0255216076618852));
#8770=CARTESIAN_POINT('',(0.0300618489583333,-0.0589867340981314,-0.0297659021683179));
#8771=CARTESIAN_POINT('',(0.0300618489583333,-0.0581424914300004,-0.0340101966747502));
#8772=CARTESIAN_POINT('',(0.0300618489583333,-0.0557382917187517,-0.0376083358172039));
#8773=CARTESIAN_POINT('',(0.0300618489583333,-0.052140152576298,-0.0400125355284527));
#8774=CARTESIAN_POINT('',(0.0300618489583333,-0.049310622905343,-0.0405753639738733));
#8775=CARTESIAN_POINT('',(0.0300618489583333,-0.0478958580698655,-0.0405753639738733));
#8776=CARTESIAN_POINT('',(0.0301595052083333,-0.0478958580698655,-0.0409095653627622));
#8777=CARTESIAN_POINT('',(0.0301595052083333,-0.0464373522617593,-0.0409095653627622));
#8778=CARTESIAN_POINT('',(0.0301595052083333,-0.043520340645547,-0.0403293356765074));
#8779=CARTESIAN_POINT('',(0.0301595052083333,-0.0398109560849167,-0.0378508041532666));
#8780=CARTESIAN_POINT('',(0.0301595052083333,-0.0373324245616758,-0.0341414195926363));
#8781=CARTESIAN_POINT('',(0.0301595052083333,-0.0364620800322937,-0.0297659021683177));
#8782=CARTESIAN_POINT('',(0.0301595052083333,-0.0373324245616759,-0.0253903847439991));
#8783=CARTESIAN_POINT('',(0.0301595052083333,-0.0398109560849167,-0.0216810001833688));
#8784=CARTESIAN_POINT('',(0.0301595052083333,-0.0435203406455469,-0.0192024686601281));
#8785=CARTESIAN_POINT('',(0.0301595052083333,-0.0478958580698655,-0.0183321241307459));
#8786=CARTESIAN_POINT('',(0.0301595052083333,-0.0522713754941841,-0.019202468660128));
#8787=CARTESIAN_POINT('',(0.0301595052083333,-0.0559807600548144,-0.0216810001833689));
#8788=CARTESIAN_POINT('',(0.0301595052083333,-0.0584592915780552,-0.0253903847439991));
#8789=CARTESIAN_POINT('',(0.0301595052083333,-0.0593296361074373,-0.0297659021683179));
#8790=CARTESIAN_POINT('',(0.0301595052083333,-0.0584592915780552,-0.0341414195926363));
#8791=CARTESIAN_POINT('',(0.0301595052083333,-0.0559807600548144,-0.0378508041532667));
#8792=CARTESIAN_POINT('',(0.0301595052083333,-0.0522713754941841,-0.0403293356765074));
#8793=CARTESIAN_POINT('',(0.0301595052083333,-0.0493543638779717,-0.0409095653627622));
#8794=CARTESIAN_POINT('',(0.0301595052083333,-0.0478958580698655,-0.0409095653627622));
#8795=CARTESIAN_POINT('',(0.03022705078125,-0.0478958580698655,-0.0410744959183177));
#8796=CARTESIAN_POINT('',(0.03022705078125,-0.0464157658077348,-0.0410744959183177));
#8797=CARTESIAN_POINT('',(0.03022705078125,-0.0434555812834733,-0.0404856786067163));
#8798=CARTESIAN_POINT('',(0.03022705078125,-0.0396912963866,-0.0379704638515833));
#8799=CARTESIAN_POINT('',(0.03022705078125,-0.037176081631467,-0.0342061789547099));
#8800=CARTESIAN_POINT('',(0.03022705078125,-0.0362928556640648,-0.0297659021683177));
#8801=CARTESIAN_POINT('',(0.03022705078125,-0.037176081631467,-0.0253256253819255));
#8802=CARTESIAN_POINT('',(0.03022705078125,-0.0396912963866,-0.0215613404850521));
#8803=CARTESIAN_POINT('',(0.03022705078125,-0.0434555812834733,-0.0190461257299192));
#8804=CARTESIAN_POINT('',(0.03022705078125,-0.0478958580698655,-0.018162899762517));
#8805=CARTESIAN_POINT('',(0.03022705078125,-0.0523361348562577,-0.0190461257299192));
#8806=CARTESIAN_POINT('',(0.03022705078125,-0.0561004197531311,-0.0215613404850522));
#8807=CARTESIAN_POINT('',(0.03022705078125,-0.0586156345082641,-0.0253256253819255));
#8808=CARTESIAN_POINT('',(0.03022705078125,-0.0594988604756662,-0.0297659021683179));
#8809=CARTESIAN_POINT('',(0.03022705078125,-0.058615634508264,-0.03420617895471));
#8810=CARTESIAN_POINT('',(0.03022705078125,-0.0561004197531311,-0.0379704638515833));
#8811=CARTESIAN_POINT('',(0.03022705078125,-0.0523361348562577,-0.0404856786067163));
#8812=CARTESIAN_POINT('',(0.03022705078125,-0.0493759503319963,-0.0410744959183177));
#8813=CARTESIAN_POINT('',(0.03022705078125,-0.0478958580698655,-0.0410744959183177));
#8814=CARTESIAN_POINT('',(0.030399169921875,-0.0478958580698655,-0.0413796716995677));
#8815=CARTESIAN_POINT('',(0.030399169921875,-0.0463758237669821,-0.0413796716995677));
#8816=CARTESIAN_POINT('',(0.030399169921875,-0.0433357551612153,-0.0407749644561981));
#8817=CARTESIAN_POINT('',(0.030399169921875,-0.0394698865829713,-0.038191873655212));
#8818=CARTESIAN_POINT('',(0.030399169921875,-0.0368867957819852,-0.0343260050769679));
#8819=CARTESIAN_POINT('',(0.030399169921875,-0.0359797349169307,-0.0297659021683177));
#8820=CARTESIAN_POINT('',(0.030399169921875,-0.0368867957819852,-0.0252057992596675));
#8821=CARTESIAN_POINT('',(0.030399169921875,-0.0394698865829713,-0.0213399306814234));
#8822=CARTESIAN_POINT('',(0.030399169921875,-0.0433357551612153,-0.0187568398804374));
#8823=CARTESIAN_POINT('',(0.030399169921875,-0.0478958580698655,-0.0178497790153829));
#8824=CARTESIAN_POINT('',(0.030399169921875,-0.0524559609785157,-0.0187568398804374));
#8825=CARTESIAN_POINT('',(0.030399169921875,-0.0563218295567598,-0.0213399306814235));
#8826=CARTESIAN_POINT('',(0.030399169921875,-0.0589049203577459,-0.0252057992596675));
#8827=CARTESIAN_POINT('',(0.030399169921875,-0.0598119812228003,-0.0297659021683179));
#8828=CARTESIAN_POINT('',(0.030399169921875,-0.0589049203577459,-0.0343260050769679));
#8829=CARTESIAN_POINT('',(0.030399169921875,-0.0563218295567598,-0.038191873655212));
#8830=CARTESIAN_POINT('',(0.030399169921875,-0.0524559609785157,-0.0407749644561981));
#8831=CARTESIAN_POINT('',(0.030399169921875,-0.049415892372749,-0.0413796716995677));
#8832=CARTESIAN_POINT('',(0.030399169921875,-0.0478958580698655,-0.0413796716995677));
#8833=CARTESIAN_POINT('',(0.0305034722222222,-0.0478958580698655,-0.0415193743905399));
#8834=CARTESIAN_POINT('',(0.0305034722222222,-0.0463575391883264,-0.0415193743905399));
#8835=CARTESIAN_POINT('',(0.0305034722222222,-0.0432809014252483,-0.0409073930895164));
#8836=CARTESIAN_POINT('',(0.0305034722222222,-0.039368530095088,-0.0382932301430953));
#8837=CARTESIAN_POINT('',(0.0305034722222222,-0.0367543671486668,-0.0343808588129349));
#8838=CARTESIAN_POINT('',(0.0305034722222222,-0.0358363951971315,-0.0297659021683177));
#8839=CARTESIAN_POINT('',(0.0305034722222222,-0.0367543671486669,-0.0251509455237005));
#8840=CARTESIAN_POINT('',(0.0305034722222222,-0.039368530095088,-0.0212385741935401));
#8841=CARTESIAN_POINT('',(0.0305034722222222,-0.0432809014252483,-0.018624411247119));
#8842=CARTESIAN_POINT('',(0.0305034722222222,-0.0478958580698655,-0.0177064392955837));
#8843=CARTESIAN_POINT('',(0.0305034722222222,-0.0525108147144827,-0.018624411247119));
#8844=CARTESIAN_POINT('',(0.0305034722222222,-0.0564231860446431,-0.0212385741935402));
#8845=CARTESIAN_POINT('',(0.0305034722222222,-0.0590373489910642,-0.0251509455237005));
#8846=CARTESIAN_POINT('',(0.0305034722222222,-0.0599553209425995,-0.0297659021683179));
#8847=CARTESIAN_POINT('',(0.0305034722222222,-0.0590373489910642,-0.0343808588129349));
#8848=CARTESIAN_POINT('',(0.0305034722222222,-0.0564231860446432,-0.0382932301430954));
#8849=CARTESIAN_POINT('',(0.0305034722222222,-0.0525108147144827,-0.0409073930895164));
#8850=CARTESIAN_POINT('',(0.0305034722222222,-0.0494341769514046,-0.0415193743905399));
#8851=CARTESIAN_POINT('',(0.0305034722222222,-0.0478958580698655,-0.0415193743905399));
#8852=CARTESIAN_POINT('',(0.0307465277777778,-0.0478958580698655,-0.0417624299460955));
#8853=CARTESIAN_POINT('',(0.0307465277777778,-0.0463257275718692,-0.0417624299460955));
#8854=CARTESIAN_POINT('',(0.0307465277777778,-0.0431854665758766,-0.0411377931971926));
#8855=CARTESIAN_POINT('',(0.0307465277777778,-0.0391921894870423,-0.038469570751141));
#8856=CARTESIAN_POINT('',(0.0307465277777778,-0.0365239670409906,-0.0344762936623066));
#8857=CARTESIAN_POINT('',(0.0307465277777778,-0.0355870119176363,-0.0297659021683177));
#8858=CARTESIAN_POINT('',(0.0307465277777778,-0.0365239670409907,-0.0250555106743288));
#8859=CARTESIAN_POINT('',(0.0307465277777778,-0.0391921894870423,-0.0210622335854945));
#8860=CARTESIAN_POINT('',(0.0307465277777778,-0.0431854665758766,-0.0183940111394429));
#8861=CARTESIAN_POINT('',(0.0307465277777778,-0.0478958580698655,-0.0174570560160885));
#8862=CARTESIAN_POINT('',(0.0307465277777778,-0.0526062495638544,-0.0183940111394428));
#8863=CARTESIAN_POINT('',(0.0307465277777778,-0.0565995266526888,-0.0210622335854945));
#8864=CARTESIAN_POINT('',(0.0307465277777778,-0.0592677490987404,-0.0250555106743288));
#8865=CARTESIAN_POINT('',(0.0307465277777778,-0.0602047042220948,-0.0297659021683179));
#8866=CARTESIAN_POINT('',(0.0307465277777778,-0.0592677490987404,-0.0344762936623067));
#8867=CARTESIAN_POINT('',(0.0307465277777778,-0.0565995266526888,-0.038469570751141));
#8868=CARTESIAN_POINT('',(0.0307465277777778,-0.0526062495638544,-0.0411377931971926));
#8869=CARTESIAN_POINT('',(0.0307465277777778,-0.0494659885678618,-0.0417624299460955));
#8870=CARTESIAN_POINT('',(0.0307465277777778,-0.0478958580698655,-0.0417624299460955));
#8871=CARTESIAN_POINT('',(0.03088623046875,-0.0478958580698655,-0.0418667322464427));
#8872=CARTESIAN_POINT('',(0.03088623046875,-0.0463120762699409,-0.0418667322464427));
#8873=CARTESIAN_POINT('',(0.03088623046875,-0.0431445126700915,-0.0412366646719711));
#8874=CARTESIAN_POINT('',(0.03088623046875,-0.0391165165363799,-0.0385452437018034));
#8875=CARTESIAN_POINT('',(0.03088623046875,-0.0364250955662122,-0.0345172475680917));
#8876=CARTESIAN_POINT('',(0.03088623046875,-0.0354799942045047,-0.0297659021683177));
#8877=CARTESIAN_POINT('',(0.03088623046875,-0.0364250955662122,-0.0250145567685437));
#8878=CARTESIAN_POINT('',(0.03088623046875,-0.0391165165363799,-0.020986560634832));
#8879=CARTESIAN_POINT('',(0.03088623046875,-0.0431445126700915,-0.0182951396646644));
#8880=CARTESIAN_POINT('',(0.03088623046875,-0.0478958580698655,-0.0173500383029569));
#8881=CARTESIAN_POINT('',(0.03088623046875,-0.0526472034696395,-0.0182951396646644));
#8882=CARTESIAN_POINT('',(0.03088623046875,-0.0566751996033512,-0.0209865606348321));
#8883=CARTESIAN_POINT('',(0.03088623046875,-0.0593666205735189,-0.0250145567685437));
#8884=CARTESIAN_POINT('',(0.03088623046875,-0.0603117219352264,-0.0297659021683179));
#8885=CARTESIAN_POINT('',(0.03088623046875,-0.0593666205735188,-0.0345172475680917));
#8886=CARTESIAN_POINT('',(0.03088623046875,-0.0566751996033513,-0.0385452437018035));
#8887=CARTESIAN_POINT('',(0.03088623046875,-0.0526472034696395,-0.0412366646719711));
#8888=CARTESIAN_POINT('',(0.03088623046875,-0.0494796398697902,-0.0418667322464427));
#8889=CARTESIAN_POINT('',(0.03088623046875,-0.0478958580698655,-0.0418667322464427));
#8890=CARTESIAN_POINT('',(0.03119140625,-0.0478958580698655,-0.0420388513870677));
#8891=CARTESIAN_POINT('',(0.03119140625,-0.0462895489589564,-0.0420388513870677));
#8892=CARTESIAN_POINT('',(0.03119140625,-0.0430769307371381,-0.0413998218910788));
#8893=CARTESIAN_POINT('',(0.03119140625,-0.0389916414071333,-0.03867011883105));
#8894=CARTESIAN_POINT('',(0.03119140625,-0.0362619383471044,-0.0345848295010452));
#8895=CARTESIAN_POINT('',(0.03119140625,-0.0353033941031211,-0.0297659021683177));
#8896=CARTESIAN_POINT('',(0.03119140625,-0.0362619383471044,-0.0249469748355902));
#8897=CARTESIAN_POINT('',(0.03119140625,-0.0389916414071333,-0.0208616855055855));
#8898=CARTESIAN_POINT('',(0.03119140625,-0.043076930737138,-0.0181319824455567));
#8899=CARTESIAN_POINT('',(0.03119140625,-0.0478958580698655,-0.0171734382015733));
#8900=CARTESIAN_POINT('',(0.03119140625,-0.052714785402593,-0.0181319824455566));
#8901=CARTESIAN_POINT('',(0.03119140625,-0.0568000747325978,-0.0208616855055855));
#8902=CARTESIAN_POINT('',(0.03119140625,-0.0595297777926266,-0.0249469748355902));
#8903=CARTESIAN_POINT('',(0.03119140625,-0.06048832203661,-0.0297659021683179));
#8904=CARTESIAN_POINT('',(0.03119140625,-0.0595297777926266,-0.0345848295010452));
#8905=CARTESIAN_POINT('',(0.03119140625,-0.0568000747325978,-0.0386701188310501));
#8906=CARTESIAN_POINT('',(0.03119140625,-0.052714785402593,-0.0413998218910788));
#8907=CARTESIAN_POINT('',(0.03119140625,-0.0495021671807747,-0.0420388513870677));
#8908=CARTESIAN_POINT('',(0.03119140625,-0.0478958580698655,-0.0420388513870677));
#8909=CARTESIAN_POINT('',(0.0313563368055556,-0.0478958580698655,-0.0421063969599844));
#8910=CARTESIAN_POINT('',(0.0313563368055556,-0.0462807084539364,-0.0421063969599844));
#8911=CARTESIAN_POINT('',(0.0313563368055556,-0.0430504092220783,-0.0414638504924308));
#8912=CARTESIAN_POINT('',(0.0313563368055556,-0.0389426360372635,-0.0387191242009198));
#8913=CARTESIAN_POINT('',(0.0313563368055555,-0.0361979097457524,-0.034611351016105));
#8914=CARTESIAN_POINT('',(0.0313563368055556,-0.0352340900444221,-0.0297659021683177));
#8915=CARTESIAN_POINT('',(0.0313563368055556,-0.0361979097457525,-0.0249204533205305));
#8916=CARTESIAN_POINT('',(0.0313563368055556,-0.0389426360372635,-0.0208126801357156));
#8917=CARTESIAN_POINT('',(0.0313563368055556,-0.0430504092220783,-0.0180679538442047));
#8918=CARTESIAN_POINT('',(0.0313563368055556,-0.0478958580698655,-0.0171041341428743));
#8919=CARTESIAN_POINT('',(0.0313563368055556,-0.0527413069176528,-0.0180679538442047));
#8920=CARTESIAN_POINT('',(0.0313563368055556,-0.0568490801024676,-0.0208126801357157));
#8921=CARTESIAN_POINT('',(0.0313563368055556,-0.0595938063939786,-0.0249204533205305));
#8922=CARTESIAN_POINT('',(0.0313563368055556,-0.060557626095309,-0.0297659021683179));
#8923=CARTESIAN_POINT('',(0.0313563368055556,-0.0595938063939786,-0.034611351016105));
#8924=CARTESIAN_POINT('',(0.0313563368055556,-0.0568490801024676,-0.0387191242009199));
#8925=CARTESIAN_POINT('',(0.0313563368055556,-0.0527413069176527,-0.0414638504924308));
#8926=CARTESIAN_POINT('',(0.0313563368055556,-0.0495110076857946,-0.0421063969599844));
#8927=CARTESIAN_POINT('',(0.0313563368055556,-0.0478958580698655,-0.0421063969599844));
#8928=CARTESIAN_POINT('',(0.0316905381944444,-0.0478958580698655,-0.0422040532099844));
#8929=CARTESIAN_POINT('',(0.0316905381944444,-0.0462679270008956,-0.0422040532099844));
#8930=CARTESIAN_POINT('',(0.0316905381944445,-0.0430120648629557,-0.041556421964265));
#8931=CARTESIAN_POINT('',(0.0316905381944444,-0.0388717849001023,-0.038789975338081));
#8932=CARTESIAN_POINT('',(0.0316905381944444,-0.0361053382739182,-0.0346496953752275));
#8933=CARTESIAN_POINT('',(0.0316905381944444,-0.0351338914053391,-0.0297659021683177));
#8934=CARTESIAN_POINT('',(0.0316905381944445,-0.0361053382739183,-0.0248821089614079));
#8935=CARTESIAN_POINT('',(0.0316905381944444,-0.0388717849001023,-0.0207418289985544));
#8936=CARTESIAN_POINT('',(0.0316905381944445,-0.0430120648629557,-0.0179753823723705));
#8937=CARTESIAN_POINT('',(0.0316905381944444,-0.0478958580698655,-0.0170039355037913));
#8938=CARTESIAN_POINT('',(0.0316905381944445,-0.0527796512767753,-0.0179753823723705));
#8939=CARTESIAN_POINT('',(0.0316905381944445,-0.0569199312396289,-0.0207418289985545));
#8940=CARTESIAN_POINT('',(0.0316905381944444,-0.0596863778658128,-0.0248821089614079));
#8941=CARTESIAN_POINT('',(0.0316905381944445,-0.0606578247343919,-0.0297659021683179));
#8942=CARTESIAN_POINT('',(0.0316905381944444,-0.0596863778658128,-0.0346496953752275));
#8943=CARTESIAN_POINT('',(0.0316905381944445,-0.0569199312396288,-0.0387899753380811));
#8944=CARTESIAN_POINT('',(0.0316905381944445,-0.0527796512767753,-0.0415564219642649));
#8945=CARTESIAN_POINT('',(0.0316905381944444,-0.0495237891388355,-0.0422040532099844));
#8946=CARTESIAN_POINT('',(0.0316905381944444,-0.0478958580698655,-0.0422040532099844));
#8947=CARTESIAN_POINT('',(0.0318592664930556,-0.0478958580698655,-0.0422338926197066));
#8948=CARTESIAN_POINT('',(0.0318592664930556,-0.0462640215569109,-0.0422338926197066));
#8949=CARTESIAN_POINT('',(0.0318592664930556,-0.0430003485310016,-0.0415847076917699));
#8950=CARTESIAN_POINT('',(0.0318592664930556,-0.0388501359415253,-0.038811624296658));
#8951=CARTESIAN_POINT('',(0.0318592664930556,-0.0360770525464134,-0.0346614117071816));
#8952=CARTESIAN_POINT('',(0.0318592664930556,-0.0351032751545083,-0.0297659021683177));
#8953=CARTESIAN_POINT('',(0.0318592664930556,-0.0360770525464134,-0.0248703926294538));
#8954=CARTESIAN_POINT('',(0.0318592664930556,-0.0388501359415253,-0.0207201800399774));
#8955=CARTESIAN_POINT('',(0.0318592664930556,-0.0430003485310016,-0.0179470966448656));
#8956=CARTESIAN_POINT('',(0.0318592664930556,-0.0478958580698655,-0.0169733192529605));
#8957=CARTESIAN_POINT('',(0.0318592664930556,-0.0527913676087294,-0.0179470966448656));
#8958=CARTESIAN_POINT('',(0.0318592664930556,-0.0569415801982059,-0.0207201800399775));
#8959=CARTESIAN_POINT('',(0.0318592664930556,-0.0597146635933177,-0.0248703926294538));
#8960=CARTESIAN_POINT('',(0.0318592664930556,-0.0606884409852228,-0.0297659021683179));
#8961=CARTESIAN_POINT('',(0.0318592664930556,-0.0597146635933177,-0.0346614117071816));
#8962=CARTESIAN_POINT('',(0.0318592664930556,-0.0569415801982058,-0.0388116242966581));
#8963=CARTESIAN_POINT('',(0.0318592664930556,-0.0527913676087294,-0.0415847076917698));
#8964=CARTESIAN_POINT('',(0.0318592664930556,-0.0495276945828202,-0.0422338926197066));
#8965=CARTESIAN_POINT('',(0.0318592664930556,-0.0478958580698655,-0.0422338926197066));
#8966=CARTESIAN_POINT('',(0.0321044243706597,-0.0478958580698655,-0.042257187704342));
#8967=CARTESIAN_POINT('',(0.0321044243706597,-0.0462609726478001,-0.042257187704342));
#8968=CARTESIAN_POINT('',(0.0321044243706597,-0.0429912018036692,-0.041606789844947));
#8969=CARTESIAN_POINT('',(0.0321044243706597,-0.0388332349931816,-0.0388285252450017));
#8970=CARTESIAN_POINT('',(0.0321044243706597,-0.0360549703932362,-0.034670558434514));
#8971=CARTESIAN_POINT('',(0.0321044243706597,-0.0350793736041437,-0.0297659021683177));
#8972=CARTESIAN_POINT('',(0.0321044243706597,-0.0360549703932363,-0.0248612459021214));
#8973=CARTESIAN_POINT('',(0.0321044243706597,-0.0388332349931816,-0.0207032790916338));
#8974=CARTESIAN_POINT('',(0.0321044243706597,-0.0429912018036692,-0.0179250144916885));
#8975=CARTESIAN_POINT('',(0.0321044243706597,-0.0478958580698655,-0.0169494177025959));
#8976=CARTESIAN_POINT('',(0.0321044243706597,-0.0528005143360618,-0.0179250144916885));
#8977=CARTESIAN_POINT('',(0.0321044243706597,-0.0569584811465496,-0.0207032790916338));
#8978=CARTESIAN_POINT('',(0.0321044243706597,-0.0597367457464948,-0.0248612459021214));
#8979=CARTESIAN_POINT('',(0.0321044243706597,-0.0607123425355874,-0.0297659021683179));
#8980=CARTESIAN_POINT('',(0.0321044243706597,-0.0597367457464948,-0.034670558434514));
#8981=CARTESIAN_POINT('',(0.0321044243706597,-0.0569584811465495,-0.0388285252450018));
#8982=CARTESIAN_POINT('',(0.0321044243706597,-0.0528005143360618,-0.0416067898449469));
#8983=CARTESIAN_POINT('',(0.0321044243706597,-0.049530743491931,-0.042257187704342));
#8984=CARTESIAN_POINT('',(0.0321044243706597,-0.0478958580698655,-0.042257187704342));
#8985=CARTESIAN_POINT('',(0.0321849229600694,-0.0478958580698655,-0.0422614771194896));
#8986=CARTESIAN_POINT('',(0.0321849229600694,-0.0462604112402273,-0.0422614771194896));
#8987=CARTESIAN_POINT('',(0.0321849229600694,-0.0429895175809508,-0.0416108559182758));
#8988=CARTESIAN_POINT('',(0.0321849229600694,-0.0388301229553862,-0.0388316372827971));
#8989=CARTESIAN_POINT('',(0.0321849229600694,-0.0360509043199074,-0.0346722426572324));
#8990=CARTESIAN_POINT('',(0.0321849229600694,-0.0350749725180867,-0.0297659021683177));
#8991=CARTESIAN_POINT('',(0.0321849229600694,-0.0360509043199074,-0.024859561679403));
#8992=CARTESIAN_POINT('',(0.0321849229600694,-0.0388301229553862,-0.0207001670538383));
#8993=CARTESIAN_POINT('',(0.0321849229600694,-0.0429895175809508,-0.0179209484183597));
#8994=CARTESIAN_POINT('',(0.0321849229600694,-0.0478958580698655,-0.016945016616539));
#8995=CARTESIAN_POINT('',(0.0321849229600694,-0.0528021985587802,-0.0179209484183596));
#8996=CARTESIAN_POINT('',(0.0321849229600694,-0.056961593184345,-0.0207001670538384));
#8997=CARTESIAN_POINT('',(0.0321849229600694,-0.0597408118198236,-0.024859561679403));
#8998=CARTESIAN_POINT('',(0.0321849229600694,-0.0607167436216443,-0.0297659021683179));
#8999=CARTESIAN_POINT('',(0.0321849229600694,-0.0597408118198236,-0.0346722426572324));
#9000=CARTESIAN_POINT('',(0.0321849229600694,-0.0569615931843449,-0.0388316372827972));
#9001=CARTESIAN_POINT('',(0.0321849229600694,-0.0528021985587802,-0.0416108559182758));
#9002=CARTESIAN_POINT('',(0.0321849229600694,-0.0495313048995038,-0.0422614771194896));
#9003=CARTESIAN_POINT('',(0.0321849229600694,-0.0478958580698655,-0.0422614771194896));
#9004=CARTESIAN_POINT('',(0.0323436567518446,-0.0478958580698655,-0.04226583859003));
#9005=CARTESIAN_POINT('',(0.0323436567518446,-0.0462598404018949,-0.04226583859003));
#9006=CARTESIAN_POINT('',(0.0323436567518446,-0.0429878050659536,-0.041614990295208));
#9007=CARTESIAN_POINT('',(0.0323436567518446,-0.038826958640276,-0.0388348015979073));
#9008=CARTESIAN_POINT('',(0.0323436567518446,-0.0360467699429752,-0.0346739551722297));
#9009=CARTESIAN_POINT('',(0.0323436567518446,-0.0350704975007423,-0.0297659021683177));
#9010=CARTESIAN_POINT('',(0.0323436567518446,-0.0360467699429753,-0.0248578491644058));
#9011=CARTESIAN_POINT('',(0.0323436567518446,-0.038826958640276,-0.0206970027387281));
#9012=CARTESIAN_POINT('',(0.0323436567518446,-0.0429878050659536,-0.0179168140414275));
#9013=CARTESIAN_POINT('',(0.0323436567518446,-0.0478958580698655,-0.0169405415991945));
#9014=CARTESIAN_POINT('',(0.0323436567518446,-0.0528039110737774,-0.0179168140414275));
#9015=CARTESIAN_POINT('',(0.0323436567518446,-0.0569647574994552,-0.0206970027387282));
#9016=CARTESIAN_POINT('',(0.0323436567518446,-0.0597449461967558,-0.0248578491644058));
#9017=CARTESIAN_POINT('',(0.0323436567518446,-0.0607212186389888,-0.0297659021683179));
#9018=CARTESIAN_POINT('',(0.0323436567518446,-0.0597449461967558,-0.0346739551722297));
#9019=CARTESIAN_POINT('',(0.0323436567518446,-0.0569647574994551,-0.0388348015979074));
#9020=CARTESIAN_POINT('',(0.0323436567518446,-0.0528039110737775,-0.0416149902952079));
#9021=CARTESIAN_POINT('',(0.0323436567518446,-0.0495318757378362,-0.04226583859003));
#9022=CARTESIAN_POINT('',(0.0323436567518446,-0.0478958580698655,-0.04226583859003));
#9023=CARTESIAN_POINT('',(0.032421875,-0.0478958580698655,-0.0422659021683177));
#9024=CARTESIAN_POINT('',(0.032421875,-0.0462598320806364,-0.0422659021683177));
#9025=CARTESIAN_POINT('',(0.032421875,-0.0429877801021781,-0.0416150505630933));
#9026=CARTESIAN_POINT('',(0.032421875,-0.0388269125132335,-0.0388348477249498));
#9027=CARTESIAN_POINT('',(0.032421875,-0.0360467096750899,-0.0346739801360051));
#9028=CARTESIAN_POINT('',(0.032421875,-0.0350704322672533,-0.0297659021683177));
#9029=CARTESIAN_POINT('',(0.032421875,-0.03604670967509,-0.0248578242006303));
#9030=CARTESIAN_POINT('',(0.032421875,-0.0388269125132335,-0.0206969566116857));
#9031=CARTESIAN_POINT('',(0.032421875,-0.0429877801021781,-0.0179167537735422));
#9032=CARTESIAN_POINT('',(0.032421875,-0.0478958580698655,-0.0169404763657055));
#9033=CARTESIAN_POINT('',(0.032421875,-0.0528039360375529,-0.0179167537735422));
#9034=CARTESIAN_POINT('',(0.032421875,-0.0569648036264976,-0.0206969566116858));
#9035=CARTESIAN_POINT('',(0.032421875,-0.0597450064646411,-0.0248578242006303));
#9036=CARTESIAN_POINT('',(0.032421875,-0.0607212838724778,-0.0297659021683179));
#9037=CARTESIAN_POINT('',(0.032421875,-0.0597450064646411,-0.0346739801360052));
#9038=CARTESIAN_POINT('',(0.032421875,-0.0569648036264975,-0.0388348477249498));
#9039=CARTESIAN_POINT('',(0.032421875,-0.0528039360375529,-0.0416150505630933));
#9040=CARTESIAN_POINT('',(0.032421875,-0.0495318840590947,-0.0422659021683177));
#9041=CARTESIAN_POINT('',(0.032421875,-0.0478958580698655,-0.0422659021683177));
#9042=CARTESIAN_POINT('',(0.0325,-0.0478958580698655,-0.0422659021683177));
#9043=CARTESIAN_POINT('',(0.0325,-0.0462598320806364,-0.0422659021683177));
#9044=CARTESIAN_POINT('',(0.0325,-0.0429877801021781,-0.0416150505630933));
#9045=CARTESIAN_POINT('',(0.0325,-0.0388269125132335,-0.0388348477249498));
#9046=CARTESIAN_POINT('',(0.0325,-0.0360467096750899,-0.0346739801360051));
#9047=CARTESIAN_POINT('',(0.0325,-0.0350704322672533,-0.0297659021683177));
#9048=CARTESIAN_POINT('',(0.0325,-0.03604670967509,-0.0248578242006303));
#9049=CARTESIAN_POINT('',(0.0325,-0.0388269125132335,-0.0206969566116857));
#9050=CARTESIAN_POINT('',(0.0325,-0.0429877801021781,-0.0179167537735422));
#9051=CARTESIAN_POINT('',(0.0325,-0.0478958580698655,-0.0169404763657055));
#9052=CARTESIAN_POINT('',(0.0325,-0.0528039360375529,-0.0179167537735422));
#9053=CARTESIAN_POINT('',(0.0325,-0.0569648036264976,-0.0206969566116858));
#9054=CARTESIAN_POINT('',(0.0325,-0.0597450064646411,-0.0248578242006303));
#9055=CARTESIAN_POINT('',(0.0325,-0.0607212838724778,-0.0297659021683179));
#9056=CARTESIAN_POINT('',(0.0325,-0.0597450064646411,-0.0346739801360052));
#9057=CARTESIAN_POINT('',(0.0325,-0.0569648036264975,-0.0388348477249498));
#9058=CARTESIAN_POINT('',(0.0325,-0.0528039360375529,-0.0416150505630933));
#9059=CARTESIAN_POINT('',(0.0325,-0.0495318840590947,-0.0422659021683177));
#9060=CARTESIAN_POINT('',(0.0325,-0.0478958580698655,-0.0422659021683177));
#9061=CARTESIAN_POINT('',(0.0254670009016991,-0.0477302819490433,-0.0297));
#9062=CARTESIAN_POINT('',(0.0254670009016991,-0.0477302819490433,-0.0047));
#9063=CARTESIAN_POINT('',(0.0263,-0.0477302819490433,-0.0047));
#9064=CARTESIAN_POINT('',(0.0263,-0.0477282553911209,-0.00470029748976231));
#9065=CARTESIAN_POINT('',(0.0263,-0.0477282553911209,-0.00470029748976231));
#9066=CARTESIAN_POINT('',(0.0263,-0.0544999903770802,0.0145833333954215));
#9067=CARTESIAN_POINT('',(-0.0254670009016991,-0.0477302819490433,-0.0047));
#9068=CARTESIAN_POINT('',(-0.0254670009016991,-0.0477302819490433,-0.0297));
#9069=CARTESIAN_POINT('',(-0.0255,-0.0487297373304943,-0.0297));
#9070=CARTESIAN_POINT('',(-0.0260214014700606,-0.0468980319807042,-0.0297));
#9071=CARTESIAN_POINT('',(-0.0260214014700606,-0.0468980319807042,-0.0297));
#9072=CARTESIAN_POINT('',(-0.0260467367151269,-0.0469149089705494,-0.0294444651488113));
#9073=CARTESIAN_POINT('',(-0.0262628608955443,-0.0470666898133763,-0.0291304471222182));
#9074=CARTESIAN_POINT('',(-0.0264476205897877,-0.0474501972047905,-0.0288446200866875));
#9075=CARTESIAN_POINT('',(-0.0264879676573983,-0.0478283542385038,-0.0287426081012871));
#9076=CARTESIAN_POINT('',(-0.0263737936185243,-0.0482044409007811,-0.0287941868656806));
#9077=CARTESIAN_POINT('',(-0.0260788758440329,-0.0485765434922832,-0.0289863477127349));
#9078=CARTESIAN_POINT('',(-0.0257574570420984,-0.0487212368507349,-0.0292011127776112));
#9079=CARTESIAN_POINT('',(-0.0255,-0.0487297373304943,-0.0292139552698815));
#9080=CARTESIAN_POINT('',(-0.0255,-0.0487297373304943,-0.0292139552698815));
#9081=CARTESIAN_POINT('',(-0.0255,-0.0487297373304943,-0.0047));
#9082=CARTESIAN_POINT('',(-0.0254033683846301,-0.0487282553468708,-0.0047));
#9083=CARTESIAN_POINT('',(-0.0254036172444645,-0.048728271214606,-0.00475333875835124));
#9084=CARTESIAN_POINT('',(-0.0253171354759401,-0.0487216000876622,-0.00483143420081618));
#9085=CARTESIAN_POINT('',(-0.025183119189346,-0.0486931694594914,-0.0049819027275477));
#9086=CARTESIAN_POINT('',(-0.0250020097414411,-0.0486264063086173,-0.00516032564572475));
#9087=CARTESIAN_POINT('',(-0.0248034005604483,-0.0484912276639563,-0.00536201286787046));
#9088=CARTESIAN_POINT('',(-0.02456983022804,-0.0482356905272651,-0.00559624008722748));
#9089=CARTESIAN_POINT('',(-0.0243968969128045,-0.0477244842356578,-0.00577046404007967));
#9090=CARTESIAN_POINT('',(-0.0245745482423994,-0.0472168303282648,-0.00559383182190617));
#9091=CARTESIAN_POINT('',(-0.0248105678920881,-0.0469629872925815,-0.00535891483603682));
#9092=CARTESIAN_POINT('',(-0.0250112687251593,-0.0468295648070121,-0.005160012744129));
#9093=CARTESIAN_POINT('',(-0.0251928434464824,-0.0467640756338202,-0.00497986082439872));
#9094=CARTESIAN_POINT('',(-0.0253347428355576,-0.0467365104589758,-0.00484629666647053));
#9095=CARTESIAN_POINT('',(-0.0254736546778264,-0.04672692907733,-0.00472089269870376));
#9096=CARTESIAN_POINT('',(-0.0256058311752291,-0.0467375567098053,-0.00485514519847692));
#9097=CARTESIAN_POINT('',(-0.0257517469359734,-0.046766807975271,-0.00498862184694177));
#9098=CARTESIAN_POINT('',(-0.0259310100921185,-0.0468339974176621,-0.0051687736167728));
#9099=CARTESIAN_POINT('',(-0.0261328292604998,-0.0469704058565053,-0.00536808846371872));
#9100=CARTESIAN_POINT('',(-0.0262488544822915,-0.047100003905754,-0.00548376288581457));
#9101=CARTESIAN_POINT('',(-0.0263,-0.0471770076027829,-0.00553463907200095));
#9102=CARTESIAN_POINT('',(-0.0254033683846301,-0.0487282553468708,-0.0047));
#9103=CARTESIAN_POINT('',(-0.0263,-0.0471770076027829,-0.00553463907200095));
#9104=CARTESIAN_POINT('',(-0.0263,-0.0487282553468708,-0.0047));
#9105=CARTESIAN_POINT('',(-0.025530633418768,-0.0487282553468708,-0.0047));
#9106=CARTESIAN_POINT('',(-0.0263,-0.0482835562953036,-0.00553194699875865));
#9107=CARTESIAN_POINT('',(-0.0262487055843951,-0.0483607841701103,-0.00548038115492138));
#9108=CARTESIAN_POINT('',(-0.0261335473842821,-0.0484891628618629,-0.00536500307663049));
#9109=CARTESIAN_POINT('',(-0.025932961392706,-0.0486259716464028,-0.00516131990907043));
#9110=CARTESIAN_POINT('',(-0.0257518901028255,-0.0486928588703419,-0.00498286522647512));
#9111=CARTESIAN_POINT('',(-0.0256176725769943,-0.0487215141773571,-0.0048324139585203));
#9112=CARTESIAN_POINT('',(-0.0255303851411545,-0.0487282711774864,-0.00475321398054361));
#9113=CARTESIAN_POINT('',(-0.0255306334188259,-0.0487282553468709,-0.00469999999999233));
#9114=CARTESIAN_POINT('',(-0.0263,-0.0482835562953036,-0.00553194699875865));
#9115=CARTESIAN_POINT('',(-0.0263,-0.0482835562953036,-0.0047));
#9116=CARTESIAN_POINT('',(-0.0263,-0.0482835562953036,-0.0047));
#9117=CARTESIAN_POINT('',(-0.0254670009016991,-0.0477302819490433,-0.0047));
#9118=CARTESIAN_POINT('',(-0.0263,-0.0471770076027829,-0.0047));
#9119=CARTESIAN_POINT('',(-0.0263,-0.0471770076027829,-0.0047));
#9120=CARTESIAN_POINT('',(-0.0255,-0.0478958580698655,-0.0297659021683177));
#9121=CARTESIAN_POINT('',(-0.0305,-0.0478958580698655,-0.0297659021683177));
#9122=CARTESIAN_POINT('',(-0.0305,-0.0478958580698655,-0.0307659021683177));
#9123=CARTESIAN_POINT('',(-0.0255,-0.0468980319807042,-0.0297));
#9124=CARTESIAN_POINT('',(-0.0255,-0.0468980319807042,-0.0297));
#9125=CARTESIAN_POINT('',(-0.0255,-0.0478958580698655,-0.0297659021683177));
#9126=CARTESIAN_POINT('',(-0.0255,-0.0478958580698655,-0.0297659021683178));
#9127=CARTESIAN_POINT('',(-0.0255,-0.0478958580698655,-0.0297));
#9128=CARTESIAN_POINT('',(-0.03,-0.0478958580698655,-0.0297659021683177));
#9129=CARTESIAN_POINT('',(-0.03,-0.0519631569675914,-0.0392016721297638));
#9130=CARTESIAN_POINT('',(-0.03,-0.0480286798553476,-0.0400262116735114));
#9131=CARTESIAN_POINT('',(-0.03,-0.0441064839529551,-0.0392857525345536));
#9132=CARTESIAN_POINT('',(-0.03,-0.0407915003041839,-0.0371682388603362));
#9133=CARTESIAN_POINT('',(-0.03,-0.038500654630798,-0.0338894821858559));
#9134=CARTESIAN_POINT('',(-0.03,-0.0376376797091864,-0.0299803769006178));
#9135=CARTESIAN_POINT('',(-0.03,-0.0383364798994301,-0.0260384238809588));
#9136=CARTESIAN_POINT('',(-0.03,-0.0404905817717092,-0.022663945782236));
#9137=CARTESIAN_POINT('',(-0.03,-0.0437720776077228,-0.0203706735132991));
#9138=CARTESIAN_POINT('',(-0.03,-0.0476813794732314,-0.0195077401942231));
#9139=CARTESIAN_POINT('',(-0.03,-0.0516233349190805,-0.0202065190552244));
#9140=CARTESIAN_POINT('',(-0.03,-0.054997813355942,-0.0223606267300546));
#9141=CARTESIAN_POINT('',(-0.03,-0.0572910921162969,-0.0256421228876024));
#9142=CARTESIAN_POINT('',(-0.03,-0.0581539995638441,-0.0295514179626951));
#9143=CARTESIAN_POINT('',(-0.03,-0.0574553177117888,-0.033493400270711));
#9144=CARTESIAN_POINT('',(-0.03,-0.0553008478729404,-0.0368677780506119));
#9145=CARTESIAN_POINT('',(-0.03,-0.0519631569675914,-0.0392016721297638));
#9146=CARTESIAN_POINT('',(-0.03,-0.0480286798553476,-0.0400262116735114));
#9147=CARTESIAN_POINT('',(-0.03,-0.0441064839529551,-0.0392857525345536));
#9148=CARTESIAN_POINT('',(-0.03,-0.0478958580698655,-0.0397659021683177));
#9149=CARTESIAN_POINT('',(-0.03,-0.0478958580698655,-0.0297659021683177));
#9150=CARTESIAN_POINT('',(-0.03,-0.0478958580698655,-0.0347659021683177));
#9151=CARTESIAN_POINT('',(-0.035,-0.0478958580698655,-0.0297659021683177));
#9152=CARTESIAN_POINT('',(-0.035,-0.043828559172149,-0.0392016721297667));
#9153=CARTESIAN_POINT('',(-0.035,-0.0477630362843811,-0.0400262116735106));
#9154=CARTESIAN_POINT('',(-0.035,-0.0516852321867764,-0.039285752534554));
#9155=CARTESIAN_POINT('',(-0.035,-0.0550002158355497,-0.0371682388603351));
#9156=CARTESIAN_POINT('',(-0.035,-0.0572910615089339,-0.0338894821858541));
#9157=CARTESIAN_POINT('',(-0.035,-0.0581540364305465,-0.0299803769006125));
#9158=CARTESIAN_POINT('',(-0.035,-0.0574552362402977,-0.0260384238809625));
#9159=CARTESIAN_POINT('',(-0.035,-0.055301134368027,-0.0226639457822374));
#9160=CARTESIAN_POINT('',(-0.035,-0.0520196385320042,-0.0203706735132976));
#9161=CARTESIAN_POINT('',(-0.035,-0.0481103366665007,-0.0195077401942233));
#9162=CARTESIAN_POINT('',(-0.035,-0.0441683812206499,-0.0202065190552247));
#9163=CARTESIAN_POINT('',(-0.035,-0.0407939027837944,-0.0223606267300531));
#9164=CARTESIAN_POINT('',(-0.035,-0.0385006240234354,-0.025642122887597));
#9165=CARTESIAN_POINT('',(-0.035,-0.0376377165758864,-0.0295514179626971));
#9166=CARTESIAN_POINT('',(-0.035,-0.0383363984279429,-0.0334934002707052));
#9167=CARTESIAN_POINT('',(-0.035,-0.0404908682667883,-0.036867778050617));
#9168=CARTESIAN_POINT('',(-0.035,-0.043828559172149,-0.0392016721297667));
#9169=CARTESIAN_POINT('',(-0.035,-0.0477630362843811,-0.0400262116735106));
#9170=CARTESIAN_POINT('',(-0.035,-0.0516852321867764,-0.039285752534554));
#9171=CARTESIAN_POINT('',(-0.035,-0.0478958580698655,-0.0397659021683177));
#9172=CARTESIAN_POINT('',(-0.035,-0.0478958580698655,-0.0297659021683177));
#9173=CARTESIAN_POINT('',(-0.035,-0.0478958580698655,-0.0247659021683177));
#9174=CARTESIAN_POINT('',(-0.0345,-0.0478958580698655,-0.0297659021683177));
#9175=CARTESIAN_POINT('',(-0.0345,-0.0478958580698655,-0.0297659021683177));
#9176=CARTESIAN_POINT('',(-0.0345,-0.0478958580698655,-0.0247659021683177));
#9177=CARTESIAN_POINT('',(-0.0345,-0.0478958580698655,-0.0297659021683177));
#9178=CARTESIAN_POINT('',(-0.0305,-0.0478958580698655,-0.0297659021683177));
#9179=CARTESIAN_POINT('',(-0.0305,-0.0478958580698655,-0.0297659021683177));
#9180=CARTESIAN_POINT('',(-0.0305,-0.0478958580698655,-0.0347659021683177));
#9181=CARTESIAN_POINT('',(-0.0305,-0.0478958580698655,-0.0297659021683177));
#9182=CARTESIAN_POINT('',(-0.0325,-0.0478958580698655,-0.0422659021683177));
#9183=CARTESIAN_POINT('',(-0.0325,-0.0462598320806364,-0.0422659021683177));
#9184=CARTESIAN_POINT('',(-0.0325,-0.0429877801021781,-0.0416150505630933));
#9185=CARTESIAN_POINT('',(-0.0325,-0.0388269125132335,-0.0388348477249498));
#9186=CARTESIAN_POINT('',(-0.0325,-0.0360467096750899,-0.0346739801360051));
#9187=CARTESIAN_POINT('',(-0.0325,-0.0350704322672533,-0.0297659021683177));
#9188=CARTESIAN_POINT('',(-0.0325,-0.03604670967509,-0.0248578242006303));
#9189=CARTESIAN_POINT('',(-0.0325,-0.0388269125132335,-0.0206969566116857));
#9190=CARTESIAN_POINT('',(-0.0325,-0.0429877801021781,-0.0179167537735422));
#9191=CARTESIAN_POINT('',(-0.0325,-0.0478958580698655,-0.0169404763657055));
#9192=CARTESIAN_POINT('',(-0.0325,-0.0528039360375529,-0.0179167537735422));
#9193=CARTESIAN_POINT('',(-0.0325,-0.0569648036264976,-0.0206969566116858));
#9194=CARTESIAN_POINT('',(-0.0325,-0.0597450064646411,-0.0248578242006303));
#9195=CARTESIAN_POINT('',(-0.0325,-0.0607212838724778,-0.0297659021683179));
#9196=CARTESIAN_POINT('',(-0.0325,-0.0597450064646411,-0.0346739801360052));
#9197=CARTESIAN_POINT('',(-0.0325,-0.0569648036264975,-0.0388348477249498));
#9198=CARTESIAN_POINT('',(-0.0325,-0.0528039360375529,-0.0416150505630933));
#9199=CARTESIAN_POINT('',(-0.0325,-0.0495318840590947,-0.0422659021683177));
#9200=CARTESIAN_POINT('',(-0.0325,-0.0478958580698655,-0.0422659021683177));
#9201=CARTESIAN_POINT('',(-0.032578125,-0.0478958580698655,-0.0422659021683177));
#9202=CARTESIAN_POINT('',(-0.032578125,-0.0462598320806364,-0.0422659021683177));
#9203=CARTESIAN_POINT('',(-0.032578125,-0.0429877801021781,-0.0416150505630933));
#9204=CARTESIAN_POINT('',(-0.032578125,-0.0388269125132335,-0.0388348477249498));
#9205=CARTESIAN_POINT('',(-0.032578125,-0.0360467096750899,-0.0346739801360051));
#9206=CARTESIAN_POINT('',(-0.032578125,-0.0350704322672533,-0.0297659021683177));
#9207=CARTESIAN_POINT('',(-0.032578125,-0.03604670967509,-0.0248578242006303));
#9208=CARTESIAN_POINT('',(-0.032578125,-0.0388269125132335,-0.0206969566116857));
#9209=CARTESIAN_POINT('',(-0.032578125,-0.0429877801021781,-0.0179167537735422));
#9210=CARTESIAN_POINT('',(-0.032578125,-0.0478958580698655,-0.0169404763657055));
#9211=CARTESIAN_POINT('',(-0.032578125,-0.0528039360375529,-0.0179167537735422));
#9212=CARTESIAN_POINT('',(-0.032578125,-0.0569648036264976,-0.0206969566116858));
#9213=CARTESIAN_POINT('',(-0.032578125,-0.0597450064646411,-0.0248578242006303));
#9214=CARTESIAN_POINT('',(-0.032578125,-0.0607212838724778,-0.0297659021683179));
#9215=CARTESIAN_POINT('',(-0.032578125,-0.0597450064646411,-0.0346739801360052));
#9216=CARTESIAN_POINT('',(-0.032578125,-0.0569648036264975,-0.0388348477249498));
#9217=CARTESIAN_POINT('',(-0.032578125,-0.0528039360375529,-0.0416150505630933));
#9218=CARTESIAN_POINT('',(-0.032578125,-0.0495318840590947,-0.0422659021683177));
#9219=CARTESIAN_POINT('',(-0.032578125,-0.0478958580698655,-0.0422659021683177));
#9220=CARTESIAN_POINT('',(-0.0326563432481554,-0.0478958580698655,-0.04226583859003));
#9221=CARTESIAN_POINT('',(-0.0326563432481554,-0.0462598404018949,-0.04226583859003));
#9222=CARTESIAN_POINT('',(-0.0326563432481554,-0.0429878050659536,-0.041614990295208));
#9223=CARTESIAN_POINT('',(-0.0326563432481554,-0.038826958640276,-0.0388348015979073));
#9224=CARTESIAN_POINT('',(-0.0326563432481554,-0.0360467699429752,-0.0346739551722297));
#9225=CARTESIAN_POINT('',(-0.0326563432481554,-0.0350704975007423,-0.0297659021683177));
#9226=CARTESIAN_POINT('',(-0.0326563432481554,-0.0360467699429753,-0.0248578491644058));
#9227=CARTESIAN_POINT('',(-0.0326563432481554,-0.038826958640276,-0.0206970027387281));
#9228=CARTESIAN_POINT('',(-0.0326563432481554,-0.0429878050659536,-0.0179168140414275));
#9229=CARTESIAN_POINT('',(-0.0326563432481554,-0.0478958580698655,-0.0169405415991945));
#9230=CARTESIAN_POINT('',(-0.0326563432481554,-0.0528039110737774,-0.0179168140414275));
#9231=CARTESIAN_POINT('',(-0.0326563432481554,-0.0569647574994552,-0.0206970027387282));
#9232=CARTESIAN_POINT('',(-0.0326563432481554,-0.0597449461967558,-0.0248578491644058));
#9233=CARTESIAN_POINT('',(-0.0326563432481554,-0.0607212186389888,-0.0297659021683179));
#9234=CARTESIAN_POINT('',(-0.0326563432481554,-0.0597449461967558,-0.0346739551722297));
#9235=CARTESIAN_POINT('',(-0.0326563432481554,-0.0569647574994551,-0.0388348015979074));
#9236=CARTESIAN_POINT('',(-0.0326563432481554,-0.0528039110737775,-0.0416149902952079));
#9237=CARTESIAN_POINT('',(-0.0326563432481554,-0.0495318757378362,-0.04226583859003));
#9238=CARTESIAN_POINT('',(-0.0326563432481554,-0.0478958580698655,-0.04226583859003));
#9239=CARTESIAN_POINT('',(-0.0328150770399306,-0.0478958580698655,-0.0422614771194896));
#9240=CARTESIAN_POINT('',(-0.0328150770399306,-0.0462604112402273,-0.0422614771194896));
#9241=CARTESIAN_POINT('',(-0.0328150770399306,-0.0429895175809508,-0.0416108559182758));
#9242=CARTESIAN_POINT('',(-0.0328150770399306,-0.0388301229553862,-0.0388316372827971));
#9243=CARTESIAN_POINT('',(-0.0328150770399306,-0.0360509043199074,-0.0346722426572324));
#9244=CARTESIAN_POINT('',(-0.0328150770399306,-0.0350749725180867,-0.0297659021683177));
#9245=CARTESIAN_POINT('',(-0.0328150770399306,-0.0360509043199074,-0.024859561679403));
#9246=CARTESIAN_POINT('',(-0.0328150770399306,-0.0388301229553862,-0.0207001670538383));
#9247=CARTESIAN_POINT('',(-0.0328150770399306,-0.0429895175809508,-0.0179209484183597));
#9248=CARTESIAN_POINT('',(-0.0328150770399306,-0.0478958580698655,-0.016945016616539));
#9249=CARTESIAN_POINT('',(-0.0328150770399306,-0.0528021985587802,-0.0179209484183596));
#9250=CARTESIAN_POINT('',(-0.0328150770399306,-0.056961593184345,-0.0207001670538384));
#9251=CARTESIAN_POINT('',(-0.0328150770399306,-0.0597408118198236,-0.024859561679403));
#9252=CARTESIAN_POINT('',(-0.0328150770399306,-0.0607167436216443,-0.0297659021683179));
#9253=CARTESIAN_POINT('',(-0.0328150770399306,-0.0597408118198236,-0.0346722426572324));
#9254=CARTESIAN_POINT('',(-0.0328150770399306,-0.0569615931843449,-0.0388316372827972));
#9255=CARTESIAN_POINT('',(-0.0328150770399306,-0.0528021985587802,-0.0416108559182758));
#9256=CARTESIAN_POINT('',(-0.0328150770399306,-0.0495313048995038,-0.0422614771194896));
#9257=CARTESIAN_POINT('',(-0.0328150770399306,-0.0478958580698655,-0.0422614771194896));
#9258=CARTESIAN_POINT('',(-0.0328955756293403,-0.0478958580698655,-0.042257187704342));
#9259=CARTESIAN_POINT('',(-0.0328955756293403,-0.0462609726478001,-0.042257187704342));
#9260=CARTESIAN_POINT('',(-0.0328955756293403,-0.0429912018036693,-0.041606789844947));
#9261=CARTESIAN_POINT('',(-0.0328955756293403,-0.0388332349931816,-0.0388285252450017));
#9262=CARTESIAN_POINT('',(-0.0328955756293403,-0.0360549703932362,-0.034670558434514));
#9263=CARTESIAN_POINT('',(-0.0328955756293403,-0.0350793736041437,-0.0297659021683177));
#9264=CARTESIAN_POINT('',(-0.0328955756293403,-0.0360549703932363,-0.0248612459021214));
#9265=CARTESIAN_POINT('',(-0.0328955756293403,-0.0388332349931816,-0.0207032790916338));
#9266=CARTESIAN_POINT('',(-0.0328955756293403,-0.0429912018036692,-0.0179250144916885));
#9267=CARTESIAN_POINT('',(-0.0328955756293403,-0.0478958580698655,-0.0169494177025959));
#9268=CARTESIAN_POINT('',(-0.0328955756293403,-0.0528005143360618,-0.0179250144916885));
#9269=CARTESIAN_POINT('',(-0.0328955756293403,-0.0569584811465496,-0.0207032790916338));
#9270=CARTESIAN_POINT('',(-0.0328955756293403,-0.0597367457464948,-0.0248612459021214));
#9271=CARTESIAN_POINT('',(-0.0328955756293403,-0.0607123425355874,-0.0297659021683179));
#9272=CARTESIAN_POINT('',(-0.0328955756293403,-0.0597367457464948,-0.034670558434514));
#9273=CARTESIAN_POINT('',(-0.0328955756293403,-0.0569584811465495,-0.0388285252450018));
#9274=CARTESIAN_POINT('',(-0.0328955756293403,-0.0528005143360618,-0.0416067898449469));
#9275=CARTESIAN_POINT('',(-0.0328955756293403,-0.049530743491931,-0.042257187704342));
#9276=CARTESIAN_POINT('',(-0.0328955756293403,-0.0478958580698655,-0.042257187704342));
#9277=CARTESIAN_POINT('',(-0.0331407335069444,-0.0478958580698655,-0.0422338926197066));
#9278=CARTESIAN_POINT('',(-0.0331407335069444,-0.0462640215569109,-0.0422338926197066));
#9279=CARTESIAN_POINT('',(-0.0331407335069444,-0.0430003485310016,-0.0415847076917699));
#9280=CARTESIAN_POINT('',(-0.0331407335069445,-0.0388501359415253,-0.038811624296658));
#9281=CARTESIAN_POINT('',(-0.0331407335069444,-0.0360770525464134,-0.0346614117071816));
#9282=CARTESIAN_POINT('',(-0.0331407335069445,-0.0351032751545083,-0.0297659021683177));
#9283=CARTESIAN_POINT('',(-0.0331407335069444,-0.0360770525464134,-0.0248703926294538));
#9284=CARTESIAN_POINT('',(-0.0331407335069445,-0.0388501359415253,-0.0207201800399774));
#9285=CARTESIAN_POINT('',(-0.0331407335069444,-0.0430003485310016,-0.0179470966448656));
#9286=CARTESIAN_POINT('',(-0.0331407335069445,-0.0478958580698655,-0.0169733192529605));
#9287=CARTESIAN_POINT('',(-0.0331407335069444,-0.0527913676087294,-0.0179470966448656));
#9288=CARTESIAN_POINT('',(-0.0331407335069445,-0.0569415801982059,-0.0207201800399775));
#9289=CARTESIAN_POINT('',(-0.0331407335069444,-0.0597146635933177,-0.0248703926294538));
#9290=CARTESIAN_POINT('',(-0.0331407335069445,-0.0606884409852228,-0.0297659021683179));
#9291=CARTESIAN_POINT('',(-0.0331407335069444,-0.0597146635933177,-0.0346614117071816));
#9292=CARTESIAN_POINT('',(-0.0331407335069445,-0.0569415801982058,-0.0388116242966581));
#9293=CARTESIAN_POINT('',(-0.0331407335069444,-0.0527913676087294,-0.0415847076917698));
#9294=CARTESIAN_POINT('',(-0.0331407335069444,-0.0495276945828202,-0.0422338926197066));
#9295=CARTESIAN_POINT('',(-0.0331407335069444,-0.0478958580698655,-0.0422338926197066));
#9296=CARTESIAN_POINT('',(-0.0333094618055556,-0.0478958580698655,-0.0422040532099844));
#9297=CARTESIAN_POINT('',(-0.0333094618055556,-0.0462679270008956,-0.0422040532099844));
#9298=CARTESIAN_POINT('',(-0.0333094618055556,-0.0430120648629557,-0.041556421964265));
#9299=CARTESIAN_POINT('',(-0.0333094618055556,-0.0388717849001023,-0.038789975338081));
#9300=CARTESIAN_POINT('',(-0.0333094618055556,-0.0361053382739182,-0.0346496953752275));
#9301=CARTESIAN_POINT('',(-0.0333094618055556,-0.0351338914053391,-0.0297659021683177));
#9302=CARTESIAN_POINT('',(-0.0333094618055556,-0.0361053382739183,-0.0248821089614079));
#9303=CARTESIAN_POINT('',(-0.0333094618055556,-0.0388717849001023,-0.0207418289985544));
#9304=CARTESIAN_POINT('',(-0.0333094618055556,-0.0430120648629557,-0.0179753823723705));
#9305=CARTESIAN_POINT('',(-0.0333094618055556,-0.0478958580698655,-0.0170039355037913));
#9306=CARTESIAN_POINT('',(-0.0333094618055556,-0.0527796512767753,-0.0179753823723705));
#9307=CARTESIAN_POINT('',(-0.0333094618055556,-0.0569199312396289,-0.0207418289985545));
#9308=CARTESIAN_POINT('',(-0.0333094618055556,-0.0596863778658128,-0.0248821089614079));
#9309=CARTESIAN_POINT('',(-0.0333094618055555,-0.0606578247343919,-0.0297659021683179));
#9310=CARTESIAN_POINT('',(-0.0333094618055556,-0.0596863778658128,-0.0346496953752275));
#9311=CARTESIAN_POINT('',(-0.0333094618055556,-0.0569199312396288,-0.0387899753380811));
#9312=CARTESIAN_POINT('',(-0.0333094618055556,-0.0527796512767753,-0.0415564219642649));
#9313=CARTESIAN_POINT('',(-0.0333094618055556,-0.0495237891388355,-0.0422040532099844));
#9314=CARTESIAN_POINT('',(-0.0333094618055556,-0.0478958580698655,-0.0422040532099844));
#9315=CARTESIAN_POINT('',(-0.0336436631944445,-0.0478958580698655,-0.0421063969599844));
#9316=CARTESIAN_POINT('',(-0.0336436631944445,-0.0462807084539364,-0.0421063969599844));
#9317=CARTESIAN_POINT('',(-0.0336436631944445,-0.0430504092220783,-0.0414638504924308));
#9318=CARTESIAN_POINT('',(-0.0336436631944445,-0.0389426360372635,-0.0387191242009198));
#9319=CARTESIAN_POINT('',(-0.0336436631944445,-0.0361979097457524,-0.034611351016105));
#9320=CARTESIAN_POINT('',(-0.0336436631944444,-0.0352340900444221,-0.0297659021683177));
#9321=CARTESIAN_POINT('',(-0.0336436631944445,-0.0361979097457525,-0.0249204533205305));
#9322=CARTESIAN_POINT('',(-0.0336436631944444,-0.0389426360372635,-0.0208126801357156));
#9323=CARTESIAN_POINT('',(-0.0336436631944445,-0.0430504092220783,-0.0180679538442047));
#9324=CARTESIAN_POINT('',(-0.0336436631944445,-0.0478958580698655,-0.0171041341428743));
#9325=CARTESIAN_POINT('',(-0.0336436631944445,-0.0527413069176528,-0.0180679538442047));
#9326=CARTESIAN_POINT('',(-0.0336436631944445,-0.0568490801024677,-0.0208126801357157));
#9327=CARTESIAN_POINT('',(-0.0336436631944444,-0.0595938063939786,-0.0249204533205305));
#9328=CARTESIAN_POINT('',(-0.0336436631944445,-0.060557626095309,-0.0297659021683179));
#9329=CARTESIAN_POINT('',(-0.0336436631944444,-0.0595938063939786,-0.034611351016105));
#9330=CARTESIAN_POINT('',(-0.0336436631944444,-0.0568490801024676,-0.0387191242009199));
#9331=CARTESIAN_POINT('',(-0.0336436631944445,-0.0527413069176527,-0.0414638504924308));
#9332=CARTESIAN_POINT('',(-0.0336436631944445,-0.0495110076857946,-0.0421063969599844));
#9333=CARTESIAN_POINT('',(-0.0336436631944445,-0.0478958580698655,-0.0421063969599844));
#9334=CARTESIAN_POINT('',(-0.03380859375,-0.0478958580698655,-0.0420388513870677));
#9335=CARTESIAN_POINT('',(-0.03380859375,-0.0462895489589564,-0.0420388513870677));
#9336=CARTESIAN_POINT('',(-0.03380859375,-0.043076930737138,-0.0413998218910788));
#9337=CARTESIAN_POINT('',(-0.03380859375,-0.0389916414071333,-0.03867011883105));
#9338=CARTESIAN_POINT('',(-0.03380859375,-0.0362619383471044,-0.0345848295010452));
#9339=CARTESIAN_POINT('',(-0.03380859375,-0.0353033941031211,-0.0297659021683177));
#9340=CARTESIAN_POINT('',(-0.03380859375,-0.0362619383471044,-0.0249469748355902));
#9341=CARTESIAN_POINT('',(-0.03380859375,-0.0389916414071333,-0.0208616855055855));
#9342=CARTESIAN_POINT('',(-0.03380859375,-0.043076930737138,-0.0181319824455567));
#9343=CARTESIAN_POINT('',(-0.03380859375,-0.0478958580698655,-0.0171734382015733));
#9344=CARTESIAN_POINT('',(-0.03380859375,-0.052714785402593,-0.0181319824455566));
#9345=CARTESIAN_POINT('',(-0.03380859375,-0.0568000747325978,-0.0208616855055855));
#9346=CARTESIAN_POINT('',(-0.03380859375,-0.0595297777926266,-0.0249469748355902));
#9347=CARTESIAN_POINT('',(-0.03380859375,-0.06048832203661,-0.0297659021683179));
#9348=CARTESIAN_POINT('',(-0.03380859375,-0.0595297777926266,-0.0345848295010452));
#9349=CARTESIAN_POINT('',(-0.03380859375,-0.0568000747325978,-0.03867011883105));
#9350=CARTESIAN_POINT('',(-0.03380859375,-0.052714785402593,-0.0413998218910788));
#9351=CARTESIAN_POINT('',(-0.03380859375,-0.0495021671807747,-0.0420388513870677));
#9352=CARTESIAN_POINT('',(-0.03380859375,-0.0478958580698655,-0.0420388513870677));
#9353=CARTESIAN_POINT('',(-0.03411376953125,-0.0478958580698655,-0.0418667322464427));
#9354=CARTESIAN_POINT('',(-0.03411376953125,-0.0463120762699409,-0.0418667322464427));
#9355=CARTESIAN_POINT('',(-0.03411376953125,-0.0431445126700916,-0.0412366646719711));
#9356=CARTESIAN_POINT('',(-0.03411376953125,-0.0391165165363799,-0.0385452437018034));
#9357=CARTESIAN_POINT('',(-0.03411376953125,-0.0364250955662122,-0.0345172475680917));
#9358=CARTESIAN_POINT('',(-0.03411376953125,-0.0354799942045047,-0.0297659021683177));
#9359=CARTESIAN_POINT('',(-0.03411376953125,-0.0364250955662122,-0.0250145567685437));
#9360=CARTESIAN_POINT('',(-0.03411376953125,-0.0391165165363799,-0.020986560634832));
#9361=CARTESIAN_POINT('',(-0.03411376953125,-0.0431445126700915,-0.0182951396646644));
#9362=CARTESIAN_POINT('',(-0.03411376953125,-0.0478958580698655,-0.0173500383029569));
#9363=CARTESIAN_POINT('',(-0.03411376953125,-0.0526472034696395,-0.0182951396646644));
#9364=CARTESIAN_POINT('',(-0.03411376953125,-0.0566751996033512,-0.0209865606348321));
#9365=CARTESIAN_POINT('',(-0.03411376953125,-0.0593666205735189,-0.0250145567685437));
#9366=CARTESIAN_POINT('',(-0.03411376953125,-0.0603117219352264,-0.0297659021683179));
#9367=CARTESIAN_POINT('',(-0.03411376953125,-0.0593666205735188,-0.0345172475680917));
#9368=CARTESIAN_POINT('',(-0.03411376953125,-0.0566751996033513,-0.0385452437018034));
#9369=CARTESIAN_POINT('',(-0.03411376953125,-0.0526472034696394,-0.0412366646719711));
#9370=CARTESIAN_POINT('',(-0.03411376953125,-0.0494796398697902,-0.0418667322464427));
#9371=CARTESIAN_POINT('',(-0.03411376953125,-0.0478958580698655,-0.0418667322464427));
#9372=CARTESIAN_POINT('',(-0.0342534722222222,-0.0478958580698655,-0.0417624299460955));
#9373=CARTESIAN_POINT('',(-0.0342534722222222,-0.0463257275718692,-0.0417624299460955));
#9374=CARTESIAN_POINT('',(-0.0342534722222222,-0.0431854665758766,-0.0411377931971926));
#9375=CARTESIAN_POINT('',(-0.0342534722222222,-0.0391921894870423,-0.038469570751141));
#9376=CARTESIAN_POINT('',(-0.0342534722222222,-0.0365239670409906,-0.0344762936623066));
#9377=CARTESIAN_POINT('',(-0.0342534722222222,-0.0355870119176363,-0.0297659021683177));
#9378=CARTESIAN_POINT('',(-0.0342534722222222,-0.0365239670409907,-0.0250555106743288));
#9379=CARTESIAN_POINT('',(-0.0342534722222222,-0.0391921894870423,-0.0210622335854945));
#9380=CARTESIAN_POINT('',(-0.0342534722222222,-0.0431854665758766,-0.0183940111394429));
#9381=CARTESIAN_POINT('',(-0.0342534722222222,-0.0478958580698655,-0.0174570560160885));
#9382=CARTESIAN_POINT('',(-0.0342534722222222,-0.0526062495638544,-0.0183940111394428));
#9383=CARTESIAN_POINT('',(-0.0342534722222222,-0.0565995266526888,-0.0210622335854945));
#9384=CARTESIAN_POINT('',(-0.0342534722222222,-0.0592677490987404,-0.0250555106743288));
#9385=CARTESIAN_POINT('',(-0.0342534722222222,-0.0602047042220947,-0.0297659021683179));
#9386=CARTESIAN_POINT('',(-0.0342534722222222,-0.0592677490987404,-0.0344762936623066));
#9387=CARTESIAN_POINT('',(-0.0342534722222222,-0.0565995266526888,-0.038469570751141));
#9388=CARTESIAN_POINT('',(-0.0342534722222222,-0.0526062495638544,-0.0411377931971926));
#9389=CARTESIAN_POINT('',(-0.0342534722222222,-0.0494659885678618,-0.0417624299460955));
#9390=CARTESIAN_POINT('',(-0.0342534722222222,-0.0478958580698655,-0.0417624299460955));
#9391=CARTESIAN_POINT('',(-0.0344965277777778,-0.0478958580698655,-0.0415193743905399));
#9392=CARTESIAN_POINT('',(-0.0344965277777778,-0.0463575391883264,-0.0415193743905399));
#9393=CARTESIAN_POINT('',(-0.0344965277777778,-0.0432809014252483,-0.0409073930895164));
#9394=CARTESIAN_POINT('',(-0.0344965277777778,-0.039368530095088,-0.0382932301430953));
#9395=CARTESIAN_POINT('',(-0.0344965277777778,-0.0367543671486668,-0.0343808588129349));
#9396=CARTESIAN_POINT('',(-0.0344965277777778,-0.0358363951971316,-0.0297659021683177));
#9397=CARTESIAN_POINT('',(-0.0344965277777778,-0.0367543671486669,-0.0251509455237005));
#9398=CARTESIAN_POINT('',(-0.0344965277777778,-0.0393685300950879,-0.0212385741935401));
#9399=CARTESIAN_POINT('',(-0.0344965277777778,-0.0432809014252483,-0.018624411247119));
#9400=CARTESIAN_POINT('',(-0.0344965277777778,-0.0478958580698655,-0.0177064392955837));
#9401=CARTESIAN_POINT('',(-0.0344965277777778,-0.0525108147144827,-0.018624411247119));
#9402=CARTESIAN_POINT('',(-0.0344965277777778,-0.0564231860446432,-0.0212385741935402));
#9403=CARTESIAN_POINT('',(-0.0344965277777778,-0.0590373489910642,-0.0251509455237005));
#9404=CARTESIAN_POINT('',(-0.0344965277777778,-0.0599553209425995,-0.0297659021683179));
#9405=CARTESIAN_POINT('',(-0.0344965277777778,-0.0590373489910642,-0.0343808588129349));
#9406=CARTESIAN_POINT('',(-0.0344965277777778,-0.0564231860446432,-0.0382932301430954));
#9407=CARTESIAN_POINT('',(-0.0344965277777778,-0.0525108147144827,-0.0409073930895164));
#9408=CARTESIAN_POINT('',(-0.0344965277777778,-0.0494341769514046,-0.0415193743905399));
#9409=CARTESIAN_POINT('',(-0.0344965277777778,-0.0478958580698655,-0.0415193743905399));
#9410=CARTESIAN_POINT('',(-0.034600830078125,-0.0478958580698655,-0.0413796716995677));
#9411=CARTESIAN_POINT('',(-0.034600830078125,-0.0463758237669821,-0.0413796716995677));
#9412=CARTESIAN_POINT('',(-0.034600830078125,-0.0433357551612153,-0.0407749644561981));
#9413=CARTESIAN_POINT('',(-0.034600830078125,-0.0394698865829713,-0.038191873655212));
#9414=CARTESIAN_POINT('',(-0.034600830078125,-0.0368867957819852,-0.0343260050769679));
#9415=CARTESIAN_POINT('',(-0.034600830078125,-0.0359797349169307,-0.0297659021683177));
#9416=CARTESIAN_POINT('',(-0.034600830078125,-0.0368867957819852,-0.0252057992596675));
#9417=CARTESIAN_POINT('',(-0.034600830078125,-0.0394698865829713,-0.0213399306814234));
#9418=CARTESIAN_POINT('',(-0.034600830078125,-0.0433357551612153,-0.0187568398804374));
#9419=CARTESIAN_POINT('',(-0.034600830078125,-0.0478958580698655,-0.0178497790153829));
#9420=CARTESIAN_POINT('',(-0.034600830078125,-0.0524559609785157,-0.0187568398804374));
#9421=CARTESIAN_POINT('',(-0.034600830078125,-0.0563218295567598,-0.0213399306814235));
#9422=CARTESIAN_POINT('',(-0.034600830078125,-0.0589049203577459,-0.0252057992596675));
#9423=CARTESIAN_POINT('',(-0.034600830078125,-0.0598119812228003,-0.0297659021683178));
#9424=CARTESIAN_POINT('',(-0.034600830078125,-0.0589049203577459,-0.034326005076968));
#9425=CARTESIAN_POINT('',(-0.034600830078125,-0.0563218295567598,-0.038191873655212));
#9426=CARTESIAN_POINT('',(-0.034600830078125,-0.0524559609785157,-0.0407749644561981));
#9427=CARTESIAN_POINT('',(-0.034600830078125,-0.049415892372749,-0.0413796716995677));
#9428=CARTESIAN_POINT('',(-0.034600830078125,-0.0478958580698655,-0.0413796716995677));
#9429=CARTESIAN_POINT('',(-0.03477294921875,-0.0478958580698655,-0.0410744959183177));
#9430=CARTESIAN_POINT('',(-0.03477294921875,-0.0464157658077348,-0.0410744959183177));
#9431=CARTESIAN_POINT('',(-0.03477294921875,-0.0434555812834733,-0.0404856786067163));
#9432=CARTESIAN_POINT('',(-0.03477294921875,-0.0396912963866,-0.0379704638515832));
#9433=CARTESIAN_POINT('',(-0.03477294921875,-0.037176081631467,-0.0342061789547099));
#9434=CARTESIAN_POINT('',(-0.03477294921875,-0.0362928556640648,-0.0297659021683177));
#9435=CARTESIAN_POINT('',(-0.03477294921875,-0.037176081631467,-0.0253256253819255));
#9436=CARTESIAN_POINT('',(-0.03477294921875,-0.0396912963866,-0.0215613404850521));
#9437=CARTESIAN_POINT('',(-0.03477294921875,-0.0434555812834733,-0.0190461257299192));
#9438=CARTESIAN_POINT('',(-0.03477294921875,-0.0478958580698655,-0.018162899762517));
#9439=CARTESIAN_POINT('',(-0.03477294921875,-0.0523361348562577,-0.0190461257299192));
#9440=CARTESIAN_POINT('',(-0.03477294921875,-0.0561004197531311,-0.0215613404850522));
#9441=CARTESIAN_POINT('',(-0.03477294921875,-0.0586156345082641,-0.0253256253819255));
#9442=CARTESIAN_POINT('',(-0.03477294921875,-0.0594988604756662,-0.0297659021683178));
#9443=CARTESIAN_POINT('',(-0.03477294921875,-0.058615634508264,-0.03420617895471));
#9444=CARTESIAN_POINT('',(-0.03477294921875,-0.0561004197531311,-0.0379704638515833));
#9445=CARTESIAN_POINT('',(-0.03477294921875,-0.0523361348562577,-0.0404856786067162));
#9446=CARTESIAN_POINT('',(-0.03477294921875,-0.0493759503319963,-0.0410744959183177));
#9447=CARTESIAN_POINT('',(-0.03477294921875,-0.0478958580698655,-0.0410744959183177));
#9448=CARTESIAN_POINT('',(-0.0348404947916667,-0.0478958580698655,-0.0409095653627622));
#9449=CARTESIAN_POINT('',(-0.0348404947916667,-0.0464373522617593,-0.0409095653627622));
#9450=CARTESIAN_POINT('',(-0.0348404947916667,-0.043520340645547,-0.0403293356765074));
#9451=CARTESIAN_POINT('',(-0.0348404947916667,-0.0398109560849167,-0.0378508041532666));
#9452=CARTESIAN_POINT('',(-0.0348404947916667,-0.0373324245616758,-0.0341414195926363));
#9453=CARTESIAN_POINT('',(-0.0348404947916667,-0.0364620800322937,-0.0297659021683177));
#9454=CARTESIAN_POINT('',(-0.0348404947916667,-0.0373324245616759,-0.0253903847439992));
#9455=CARTESIAN_POINT('',(-0.0348404947916667,-0.0398109560849167,-0.0216810001833688));
#9456=CARTESIAN_POINT('',(-0.0348404947916667,-0.043520340645547,-0.0192024686601281));
#9457=CARTESIAN_POINT('',(-0.0348404947916667,-0.0478958580698655,-0.0183321241307459));
#9458=CARTESIAN_POINT('',(-0.0348404947916667,-0.0522713754941841,-0.019202468660128));
#9459=CARTESIAN_POINT('',(-0.0348404947916667,-0.0559807600548144,-0.0216810001833689));
#9460=CARTESIAN_POINT('',(-0.0348404947916667,-0.0584592915780552,-0.0253903847439992));
#9461=CARTESIAN_POINT('',(-0.0348404947916667,-0.0593296361074373,-0.0297659021683178));
#9462=CARTESIAN_POINT('',(-0.0348404947916667,-0.0584592915780552,-0.0341414195926363));
#9463=CARTESIAN_POINT('',(-0.0348404947916667,-0.0559807600548144,-0.0378508041532666));
#9464=CARTESIAN_POINT('',(-0.0348404947916667,-0.0522713754941841,-0.0403293356765074));
#9465=CARTESIAN_POINT('',(-0.0348404947916667,-0.0493543638779717,-0.0409095653627622));
#9466=CARTESIAN_POINT('',(-0.0348404947916667,-0.0478958580698655,-0.0409095653627622));
#9467=CARTESIAN_POINT('',(-0.0349381510416667,-0.0478958580698655,-0.0405753639738733));
#9468=CARTESIAN_POINT('',(-0.0349381510416667,-0.046481093234388,-0.0405753639738733));
#9469=CARTESIAN_POINT('',(-0.0349381510416667,-0.0436515635634331,-0.0400125355284526));
#9470=CARTESIAN_POINT('',(-0.0349381510416667,-0.0400534244209794,-0.0376083358172038));
#9471=CARTESIAN_POINT('',(-0.0349381510416667,-0.0376492247097306,-0.0340101966747502));
#9472=CARTESIAN_POINT('',(-0.0349381510416667,-0.0368049820415997,-0.0297659021683177));
#9473=CARTESIAN_POINT('',(-0.0349381510416667,-0.0376492247097306,-0.0255216076618852));
#9474=CARTESIAN_POINT('',(-0.0349381510416667,-0.0400534244209794,-0.0219234685194316));
#9475=CARTESIAN_POINT('',(-0.0349381510416667,-0.043651563563433,-0.0195192688081828));
#9476=CARTESIAN_POINT('',(-0.0349381510416667,-0.0478958580698655,-0.0186750261400518));
#9477=CARTESIAN_POINT('',(-0.0349381510416667,-0.052140152576298,-0.0195192688081828));
#9478=CARTESIAN_POINT('',(-0.0349381510416666,-0.0557382917187517,-0.0219234685194316));
#9479=CARTESIAN_POINT('',(-0.0349381510416667,-0.0581424914300005,-0.0255216076618852));
#9480=CARTESIAN_POINT('',(-0.0349381510416667,-0.0589867340981314,-0.0297659021683178));
#9481=CARTESIAN_POINT('',(-0.0349381510416667,-0.0581424914300004,-0.0340101966747502));
#9482=CARTESIAN_POINT('',(-0.0349381510416667,-0.0557382917187517,-0.0376083358172039));
#9483=CARTESIAN_POINT('',(-0.0349381510416667,-0.052140152576298,-0.0400125355284527));
#9484=CARTESIAN_POINT('',(-0.0349381510416667,-0.049310622905343,-0.0405753639738733));
#9485=CARTESIAN_POINT('',(-0.0349381510416667,-0.0478958580698655,-0.0405753639738733));
#9486=CARTESIAN_POINT('',(-0.0349679904513889,-0.0478958580698655,-0.0404066356752622));
#9487=CARTESIAN_POINT('',(-0.0349679904513889,-0.0465031767449197,-0.0404066356752622));
#9488=CARTESIAN_POINT('',(-0.0349679904513889,-0.0437178140950282,-0.0398525925965614));
#9489=CARTESIAN_POINT('',(-0.0349679904513889,-0.0401758394412968,-0.0374859207968864));
#9490=CARTESIAN_POINT('',(-0.0349679904513889,-0.0378091676416219,-0.0339439461431551));
#9491=CARTESIAN_POINT('',(-0.0349679904513889,-0.0369781030235707,-0.0297659021683177));
#9492=CARTESIAN_POINT('',(-0.0349679904513889,-0.0378091676416219,-0.0255878581934803));
#9493=CARTESIAN_POINT('',(-0.0349679904513889,-0.0401758394412968,-0.022045883539749));
#9494=CARTESIAN_POINT('',(-0.0349679904513889,-0.0437178140950281,-0.0196792117400741));
#9495=CARTESIAN_POINT('',(-0.0349679904513889,-0.0478958580698655,-0.0188481471220229));
#9496=CARTESIAN_POINT('',(-0.0349679904513889,-0.0520739020447029,-0.0196792117400741));
#9497=CARTESIAN_POINT('',(-0.0349679904513889,-0.0556158766984343,-0.022045883539749));
#9498=CARTESIAN_POINT('',(-0.0349679904513889,-0.0579825484981092,-0.0255878581934803));
#9499=CARTESIAN_POINT('',(-0.0349679904513889,-0.0588136131161604,-0.0297659021683178));
#9500=CARTESIAN_POINT('',(-0.0349679904513889,-0.0579825484981091,-0.0339439461431551));
#9501=CARTESIAN_POINT('',(-0.0349679904513889,-0.0556158766984343,-0.0374859207968865));
#9502=CARTESIAN_POINT('',(-0.0349679904513889,-0.0520739020447029,-0.0398525925965614));
#9503=CARTESIAN_POINT('',(-0.0349679904513889,-0.0492885393948113,-0.0404066356752622));
#9504=CARTESIAN_POINT('',(-0.0349679904513889,-0.0478958580698655,-0.0404066356752622));
#9505=CARTESIAN_POINT('',(-0.0349912855360243,-0.0478958580698655,-0.040161477797658));
#9506=CARTESIAN_POINT('',(-0.0349912855360243,-0.0465352635176577,-0.040161477797658));
#9507=CARTESIAN_POINT('',(-0.0349912855360243,-0.0438140744132421,-0.039620199630811));
#9508=CARTESIAN_POINT('',(-0.0349912855360243,-0.0403537053168785,-0.0373080549213047));
#9509=CARTESIAN_POINT('',(-0.0349912855360243,-0.0380415606073723,-0.0338476858249412));
#9510=CARTESIAN_POINT('',(-0.0349912855360243,-0.0372296433571017,-0.0297659021683177));
#9511=CARTESIAN_POINT('',(-0.0349912855360243,-0.0380415606073723,-0.0256841185116942));
#9512=CARTESIAN_POINT('',(-0.0349912855360243,-0.0403537053168785,-0.0222237494153307));
#9513=CARTESIAN_POINT('',(-0.0349912855360243,-0.0438140744132421,-0.0199116047058245));
#9514=CARTESIAN_POINT('',(-0.0349912855360243,-0.0478958580698655,-0.0190996874555539));
#9515=CARTESIAN_POINT('',(-0.0349912855360243,-0.051977641726489,-0.0199116047058245));
#9516=CARTESIAN_POINT('',(-0.0349912855360243,-0.0554380108228526,-0.0222237494153308));
#9517=CARTESIAN_POINT('',(-0.0349912855360243,-0.0577501555323588,-0.0256841185116942));
#9518=CARTESIAN_POINT('',(-0.0349912855360243,-0.0585620727826293,-0.0297659021683178));
#9519=CARTESIAN_POINT('',(-0.0349912855360243,-0.0577501555323588,-0.0338476858249412));
#9520=CARTESIAN_POINT('',(-0.0349912855360243,-0.0554380108228525,-0.0373080549213048));
#9521=CARTESIAN_POINT('',(-0.0349912855360243,-0.051977641726489,-0.039620199630811));
#9522=CARTESIAN_POINT('',(-0.0349912855360243,-0.0492564526220734,-0.040161477797658));
#9523=CARTESIAN_POINT('',(-0.0349912855360243,-0.0478958580698655,-0.040161477797658));
#9524=CARTESIAN_POINT('',(-0.0349955749511719,-0.0478958580698655,-0.0400809792082483));
#9525=CARTESIAN_POINT('',(-0.0349955749511719,-0.0465457993404073,-0.0400809792082483));
#9526=CARTESIAN_POINT('',(-0.0349955749511719,-0.043845681881491,-0.0395438924522921));
#9527=CARTESIAN_POINT('',(-0.0349955749511719,-0.0404121083028579,-0.0372496519353254));
#9528=CARTESIAN_POINT('',(-0.0349955749511719,-0.0381178677858912,-0.0338160783566922));
#9529=CARTESIAN_POINT('',(-0.0349955749511719,-0.0373122376519569,-0.0297659021683177));
#9530=CARTESIAN_POINT('',(-0.0349955749511719,-0.0381178677858912,-0.0257157259799432));
#9531=CARTESIAN_POINT('',(-0.0349955749511719,-0.0404121083028579,-0.0222821524013101));
#9532=CARTESIAN_POINT('',(-0.0349955749511719,-0.043845681881491,-0.0199879118843434));
#9533=CARTESIAN_POINT('',(-0.0349955749511719,-0.0478958580698655,-0.0191822817504091));
#9534=CARTESIAN_POINT('',(-0.0349955749511719,-0.0519460342582401,-0.0199879118843434));
#9535=CARTESIAN_POINT('',(-0.0349955749511719,-0.0553796078368732,-0.0222821524013102));
#9536=CARTESIAN_POINT('',(-0.0349955749511719,-0.0576738483538399,-0.0257157259799432));
#9537=CARTESIAN_POINT('',(-0.0349955749511719,-0.0584794784877742,-0.0297659021683178));
#9538=CARTESIAN_POINT('',(-0.0349955749511719,-0.0576738483538399,-0.0338160783566923));
#9539=CARTESIAN_POINT('',(-0.0349955749511719,-0.0553796078368731,-0.0372496519353254));
#9540=CARTESIAN_POINT('',(-0.0349955749511719,-0.05194603425824,-0.0395438924522921));
#9541=CARTESIAN_POINT('',(-0.0349955749511719,-0.0492459167993237,-0.0400809792082483));
#9542=CARTESIAN_POINT('',(-0.0349955749511719,-0.0478958580698655,-0.0400809792082483));
#9543=CARTESIAN_POINT('',(-0.0349999364217122,-0.0478958580698655,-0.0399222454164731));
#9544=CARTESIAN_POINT('',(-0.0349999364217122,-0.0465665747491044,-0.0399222454164731));
#9545=CARTESIAN_POINT('',(-0.0349999364217122,-0.0439080081075821,-0.0393934236319713));
#9546=CARTESIAN_POINT('',(-0.0349999364217122,-0.0405272721521065,-0.0371344880860768));
#9547=CARTESIAN_POINT('',(-0.0349999364217122,-0.0382683366062119,-0.0337537521306011));
#9548=CARTESIAN_POINT('',(-0.0349999364217122,-0.0374751039294593,-0.0297659021683177));
#9549=CARTESIAN_POINT('',(-0.0349999364217122,-0.0382683366062119,-0.0257780522060343));
#9550=CARTESIAN_POINT('',(-0.0349999364217122,-0.0405272721521065,-0.0223973162505586));
#9551=CARTESIAN_POINT('',(-0.0349999364217122,-0.0439080081075821,-0.0201383807046642));
#9552=CARTESIAN_POINT('',(-0.0349999364217122,-0.0478958580698655,-0.0193451480279115));
#9553=CARTESIAN_POINT('',(-0.0349999364217122,-0.0518837080321489,-0.0201383807046641));
#9554=CARTESIAN_POINT('',(-0.0349999364217122,-0.0552644439876246,-0.0223973162505587));
#9555=CARTESIAN_POINT('',(-0.0349999364217122,-0.0575233795335191,-0.0257780522060343));
#9556=CARTESIAN_POINT('',(-0.0349999364217122,-0.0583166122102718,-0.0297659021683178));
#9557=CARTESIAN_POINT('',(-0.0349999364217122,-0.0575233795335191,-0.0337537521306011));
#9558=CARTESIAN_POINT('',(-0.0349999364217122,-0.0552644439876246,-0.0371344880860768));
#9559=CARTESIAN_POINT('',(-0.0349999364217122,-0.0518837080321489,-0.0393934236319713));
#9560=CARTESIAN_POINT('',(-0.0349999364217122,-0.0492251413906267,-0.0399222454164731));
#9561=CARTESIAN_POINT('',(-0.0349999364217122,-0.0478958580698655,-0.0399222454164731));
#9562=CARTESIAN_POINT('',(-0.035,-0.0478958580698655,-0.0398440271683177));
#9563=CARTESIAN_POINT('',(-0.035,-0.0465768121160495,-0.0398440271683177));
#9564=CARTESIAN_POINT('',(-0.035,-0.0439387202084175,-0.0393192780616055));
#9565=CARTESIAN_POINT('',(-0.035,-0.040584020714831,-0.0370777395233523));
#9566=CARTESIAN_POINT('',(-0.035,-0.0383424821765777,-0.0337230400297657));
#9567=CARTESIAN_POINT('',(-0.035,-0.0375553585165094,-0.0297659021683177));
#9568=CARTESIAN_POINT('',(-0.035,-0.0383424821765778,-0.0258087643068697));
#9569=CARTESIAN_POINT('',(-0.035,-0.040584020714831,-0.0224540648132831));
#9570=CARTESIAN_POINT('',(-0.035,-0.0439387202084175,-0.02021252627503));
#9571=CARTESIAN_POINT('',(-0.035,-0.0478958580698655,-0.0194254026149616));
#9572=CARTESIAN_POINT('',(-0.035,-0.0518529959313135,-0.0202125262750299));
#9573=CARTESIAN_POINT('',(-0.035,-0.0552076954249001,-0.0224540648132832));
#9574=CARTESIAN_POINT('',(-0.035,-0.0574492339631534,-0.0258087643068697));
#9575=CARTESIAN_POINT('',(-0.035,-0.0582363576232216,-0.0297659021683178));
#9576=CARTESIAN_POINT('',(-0.035,-0.0574492339631533,-0.0337230400297657));
#9577=CARTESIAN_POINT('',(-0.035,-0.0552076954249001,-0.0370777395233523));
#9578=CARTESIAN_POINT('',(-0.035,-0.0518529959313135,-0.0393192780616056));
#9579=CARTESIAN_POINT('',(-0.035,-0.0492149040236815,-0.0398440271683177));
#9580=CARTESIAN_POINT('',(-0.035,-0.0478958580698655,-0.0398440271683177));
#9581=CARTESIAN_POINT('',(-0.035,-0.0478958580698655,-0.0397659021683177));
#9582=CARTESIAN_POINT('',(-0.035,-0.0465870372784822,-0.0397659021683177));
#9583=CARTESIAN_POINT('',(-0.035,-0.0439693956957156,-0.0392452208841382));
#9584=CARTESIAN_POINT('',(-0.035,-0.0406407016245599,-0.0370210586136234));
#9585=CARTESIAN_POINT('',(-0.035,-0.0384165393540451,-0.0336923645424676));
#9586=CARTESIAN_POINT('',(-0.035,-0.0376355174277757,-0.0297659021683177));
#9587=CARTESIAN_POINT('',(-0.035,-0.0384165393540451,-0.0258394397941678));
#9588=CARTESIAN_POINT('',(-0.035,-0.04064070162456,-0.0225107457230121));
#9589=CARTESIAN_POINT('',(-0.035,-0.0439693956957155,-0.0202865834524973));
#9590=CARTESIAN_POINT('',(-0.035,-0.0478958580698655,-0.0195055615262279));
#9591=CARTESIAN_POINT('',(-0.035,-0.0518223204440155,-0.0202865834524973));
#9592=CARTESIAN_POINT('',(-0.035,-0.0551510145151711,-0.0225107457230122));
#9593=CARTESIAN_POINT('',(-0.035,-0.057375176785686,-0.0258394397941678));
#9594=CARTESIAN_POINT('',(-0.035,-0.0581561987119553,-0.0297659021683178));
#9595=CARTESIAN_POINT('',(-0.035,-0.057375176785686,-0.0336923645424677));
#9596=CARTESIAN_POINT('',(-0.035,-0.0551510145151712,-0.0370210586136234));
#9597=CARTESIAN_POINT('',(-0.035,-0.0518223204440154,-0.0392452208841382));
#9598=CARTESIAN_POINT('',(-0.035,-0.0492046788612488,-0.0397659021683177));
#9599=CARTESIAN_POINT('',(-0.035,-0.0478958580698655,-0.0397659021683177));
#9600=CARTESIAN_POINT('',(-0.0325,-0.0429877801021781,-0.0416150505630933));
#9601=CARTESIAN_POINT('',(-0.0325,-0.0478958580698655,-0.04259132797093));
#9602=CARTESIAN_POINT('',(-0.0325,-0.0528039360375529,-0.0416150505630932));
#9603=CARTESIAN_POINT('',(-0.0325,-0.0569648036264976,-0.0388348477249498));
#9604=CARTESIAN_POINT('',(-0.0325,-0.0597450064646411,-0.0346739801360052));
#9605=CARTESIAN_POINT('',(-0.0325,-0.0607212838724778,-0.0297659021683179));
#9606=CARTESIAN_POINT('',(-0.0325,-0.0597450064646411,-0.0248578242006303));
#9607=CARTESIAN_POINT('',(-0.0325,-0.0569648036264976,-0.0206969566116858));
#9608=CARTESIAN_POINT('',(-0.0325,-0.0528039360375529,-0.0179167537735422));
#9609=CARTESIAN_POINT('',(-0.0325,-0.0478958580698655,-0.0169404763657055));
#9610=CARTESIAN_POINT('',(-0.0325,-0.0429877801021781,-0.0179167537735422));
#9611=CARTESIAN_POINT('',(-0.0325,-0.0388269125132336,-0.0206969566116857));
#9612=CARTESIAN_POINT('',(-0.0325,-0.0360467096750899,-0.0248578242006303));
#9613=CARTESIAN_POINT('',(-0.0325,-0.0350704322672533,-0.0297659021683177));
#9614=CARTESIAN_POINT('',(-0.0325,-0.0360467096750899,-0.0346739801360051));
#9615=CARTESIAN_POINT('',(-0.0325,-0.0388269125132335,-0.0388348477249497));
#9616=CARTESIAN_POINT('',(-0.0325,-0.0429877801021781,-0.0416150505630933));
#9617=CARTESIAN_POINT('',(-0.0325,-0.0478958580698655,-0.04259132797093));
#9618=CARTESIAN_POINT('',(-0.0325,-0.0528039360375529,-0.0416150505630932));
#9619=CARTESIAN_POINT('',(-0.0325,-0.0478958580698655,-0.0422659021683177));
#9620=CARTESIAN_POINT('',(-0.03,-0.0478958580698655,-0.0397659021683177));
#9621=CARTESIAN_POINT('',(-0.03,-0.0465870372784822,-0.0397659021683177));
#9622=CARTESIAN_POINT('',(-0.03,-0.0439693956957156,-0.0392452208841382));
#9623=CARTESIAN_POINT('',(-0.03,-0.0406407016245599,-0.0370210586136234));
#9624=CARTESIAN_POINT('',(-0.03,-0.0384165393540451,-0.0336923645424676));
#9625=CARTESIAN_POINT('',(-0.03,-0.0376355174277757,-0.0297659021683177));
#9626=CARTESIAN_POINT('',(-0.03,-0.0384165393540451,-0.0258394397941678));
#9627=CARTESIAN_POINT('',(-0.03,-0.04064070162456,-0.0225107457230121));
#9628=CARTESIAN_POINT('',(-0.03,-0.0439693956957155,-0.0202865834524973));
#9629=CARTESIAN_POINT('',(-0.03,-0.0478958580698655,-0.0195055615262279));
#9630=CARTESIAN_POINT('',(-0.03,-0.0518223204440155,-0.0202865834524973));
#9631=CARTESIAN_POINT('',(-0.03,-0.0551510145151711,-0.0225107457230122));
#9632=CARTESIAN_POINT('',(-0.03,-0.057375176785686,-0.0258394397941678));
#9633=CARTESIAN_POINT('',(-0.03,-0.0581561987119553,-0.0297659021683178));
#9634=CARTESIAN_POINT('',(-0.03,-0.057375176785686,-0.0336923645424677));
#9635=CARTESIAN_POINT('',(-0.03,-0.0551510145151712,-0.0370210586136234));
#9636=CARTESIAN_POINT('',(-0.03,-0.0518223204440154,-0.0392452208841382));
#9637=CARTESIAN_POINT('',(-0.03,-0.0492046788612488,-0.0397659021683177));
#9638=CARTESIAN_POINT('',(-0.03,-0.0478958580698655,-0.0397659021683177));
#9639=CARTESIAN_POINT('',(-0.03,-0.0478958580698655,-0.0398440271683177));
#9640=CARTESIAN_POINT('',(-0.03,-0.0465768121160495,-0.0398440271683177));
#9641=CARTESIAN_POINT('',(-0.03,-0.0439387202084175,-0.0393192780616055));
#9642=CARTESIAN_POINT('',(-0.03,-0.040584020714831,-0.0370777395233523));
#9643=CARTESIAN_POINT('',(-0.03,-0.0383424821765777,-0.0337230400297657));
#9644=CARTESIAN_POINT('',(-0.03,-0.0375553585165094,-0.0297659021683177));
#9645=CARTESIAN_POINT('',(-0.03,-0.0383424821765778,-0.0258087643068697));
#9646=CARTESIAN_POINT('',(-0.03,-0.040584020714831,-0.0224540648132831));
#9647=CARTESIAN_POINT('',(-0.03,-0.0439387202084175,-0.02021252627503));
#9648=CARTESIAN_POINT('',(-0.03,-0.0478958580698655,-0.0194254026149616));
#9649=CARTESIAN_POINT('',(-0.03,-0.0518529959313135,-0.0202125262750299));
#9650=CARTESIAN_POINT('',(-0.03,-0.0552076954249001,-0.0224540648132832));
#9651=CARTESIAN_POINT('',(-0.03,-0.0574492339631534,-0.0258087643068697));
#9652=CARTESIAN_POINT('',(-0.03,-0.0582363576232216,-0.0297659021683178));
#9653=CARTESIAN_POINT('',(-0.03,-0.0574492339631533,-0.0337230400297657));
#9654=CARTESIAN_POINT('',(-0.03,-0.0552076954249001,-0.0370777395233523));
#9655=CARTESIAN_POINT('',(-0.03,-0.0518529959313135,-0.0393192780616056));
#9656=CARTESIAN_POINT('',(-0.03,-0.0492149040236815,-0.0398440271683177));
#9657=CARTESIAN_POINT('',(-0.03,-0.0478958580698655,-0.0398440271683177));
#9658=CARTESIAN_POINT('',(-0.0300000635782878,-0.0478958580698655,-0.0399222454164731));
#9659=CARTESIAN_POINT('',(-0.0300000635782878,-0.0465665747491044,-0.0399222454164731));
#9660=CARTESIAN_POINT('',(-0.0300000635782878,-0.0439080081075821,-0.0393934236319713));
#9661=CARTESIAN_POINT('',(-0.0300000635782878,-0.0405272721521065,-0.0371344880860768));
#9662=CARTESIAN_POINT('',(-0.0300000635782878,-0.0382683366062119,-0.0337537521306011));
#9663=CARTESIAN_POINT('',(-0.0300000635782878,-0.0374751039294593,-0.0297659021683177));
#9664=CARTESIAN_POINT('',(-0.0300000635782878,-0.0382683366062119,-0.0257780522060343));
#9665=CARTESIAN_POINT('',(-0.0300000635782878,-0.0405272721521065,-0.0223973162505586));
#9666=CARTESIAN_POINT('',(-0.0300000635782878,-0.0439080081075821,-0.0201383807046642));
#9667=CARTESIAN_POINT('',(-0.0300000635782878,-0.0478958580698655,-0.0193451480279115));
#9668=CARTESIAN_POINT('',(-0.0300000635782878,-0.0518837080321489,-0.0201383807046641));
#9669=CARTESIAN_POINT('',(-0.0300000635782878,-0.0552644439876246,-0.0223973162505587));
#9670=CARTESIAN_POINT('',(-0.0300000635782878,-0.0575233795335191,-0.0257780522060343));
#9671=CARTESIAN_POINT('',(-0.0300000635782877,-0.0583166122102718,-0.0297659021683178));
#9672=CARTESIAN_POINT('',(-0.0300000635782878,-0.0575233795335191,-0.0337537521306011));
#9673=CARTESIAN_POINT('',(-0.0300000635782878,-0.0552644439876246,-0.0371344880860768));
#9674=CARTESIAN_POINT('',(-0.0300000635782878,-0.0518837080321489,-0.0393934236319713));
#9675=CARTESIAN_POINT('',(-0.0300000635782878,-0.0492251413906267,-0.0399222454164731));
#9676=CARTESIAN_POINT('',(-0.0300000635782878,-0.0478958580698655,-0.0399222454164731));
#9677=CARTESIAN_POINT('',(-0.0300044250488281,-0.0478958580698655,-0.0400809792082483));
#9678=CARTESIAN_POINT('',(-0.0300044250488281,-0.0465457993404073,-0.0400809792082483));
#9679=CARTESIAN_POINT('',(-0.0300044250488281,-0.043845681881491,-0.0395438924522921));
#9680=CARTESIAN_POINT('',(-0.0300044250488281,-0.0404121083028579,-0.0372496519353254));
#9681=CARTESIAN_POINT('',(-0.0300044250488281,-0.0381178677858912,-0.0338160783566922));
#9682=CARTESIAN_POINT('',(-0.0300044250488281,-0.0373122376519569,-0.0297659021683177));
#9683=CARTESIAN_POINT('',(-0.0300044250488281,-0.0381178677858912,-0.0257157259799432));
#9684=CARTESIAN_POINT('',(-0.0300044250488281,-0.0404121083028579,-0.0222821524013101));
#9685=CARTESIAN_POINT('',(-0.0300044250488281,-0.043845681881491,-0.0199879118843434));
#9686=CARTESIAN_POINT('',(-0.0300044250488281,-0.0478958580698655,-0.0191822817504091));
#9687=CARTESIAN_POINT('',(-0.0300044250488281,-0.0519460342582401,-0.0199879118843434));
#9688=CARTESIAN_POINT('',(-0.0300044250488281,-0.0553796078368732,-0.0222821524013102));
#9689=CARTESIAN_POINT('',(-0.0300044250488281,-0.0576738483538399,-0.0257157259799432));
#9690=CARTESIAN_POINT('',(-0.0300044250488281,-0.0584794784877742,-0.0297659021683179));
#9691=CARTESIAN_POINT('',(-0.0300044250488281,-0.0576738483538399,-0.0338160783566923));
#9692=CARTESIAN_POINT('',(-0.0300044250488281,-0.0553796078368731,-0.0372496519353254));
#9693=CARTESIAN_POINT('',(-0.0300044250488281,-0.05194603425824,-0.0395438924522921));
#9694=CARTESIAN_POINT('',(-0.0300044250488281,-0.0492459167993237,-0.0400809792082483));
#9695=CARTESIAN_POINT('',(-0.0300044250488281,-0.0478958580698655,-0.0400809792082483));
#9696=CARTESIAN_POINT('',(-0.0300087144639757,-0.0478958580698655,-0.040161477797658));
#9697=CARTESIAN_POINT('',(-0.0300087144639757,-0.0465352635176577,-0.040161477797658));
#9698=CARTESIAN_POINT('',(-0.0300087144639757,-0.0438140744132421,-0.039620199630811));
#9699=CARTESIAN_POINT('',(-0.0300087144639757,-0.0403537053168785,-0.0373080549213047));
#9700=CARTESIAN_POINT('',(-0.0300087144639757,-0.0380415606073723,-0.0338476858249412));
#9701=CARTESIAN_POINT('',(-0.0300087144639757,-0.0372296433571017,-0.0297659021683177));
#9702=CARTESIAN_POINT('',(-0.0300087144639757,-0.0380415606073723,-0.0256841185116942));
#9703=CARTESIAN_POINT('',(-0.0300087144639757,-0.0403537053168786,-0.0222237494153307));
#9704=CARTESIAN_POINT('',(-0.0300087144639757,-0.043814074413242,-0.0199116047058245));
#9705=CARTESIAN_POINT('',(-0.0300087144639757,-0.0478958580698655,-0.0190996874555539));
#9706=CARTESIAN_POINT('',(-0.0300087144639757,-0.051977641726489,-0.0199116047058245));
#9707=CARTESIAN_POINT('',(-0.0300087144639757,-0.0554380108228526,-0.0222237494153308));
#9708=CARTESIAN_POINT('',(-0.0300087144639757,-0.0577501555323588,-0.0256841185116942));
#9709=CARTESIAN_POINT('',(-0.0300087144639757,-0.0585620727826293,-0.0297659021683178));
#9710=CARTESIAN_POINT('',(-0.0300087144639757,-0.0577501555323588,-0.0338476858249412));
#9711=CARTESIAN_POINT('',(-0.0300087144639757,-0.0554380108228525,-0.0373080549213048));
#9712=CARTESIAN_POINT('',(-0.0300087144639757,-0.051977641726489,-0.039620199630811));
#9713=CARTESIAN_POINT('',(-0.0300087144639757,-0.0492564526220734,-0.040161477797658));
#9714=CARTESIAN_POINT('',(-0.0300087144639757,-0.0478958580698655,-0.040161477797658));
#9715=CARTESIAN_POINT('',(-0.0300320095486111,-0.0478958580698655,-0.0404066356752622));
#9716=CARTESIAN_POINT('',(-0.0300320095486111,-0.0465031767449197,-0.0404066356752622));
#9717=CARTESIAN_POINT('',(-0.0300320095486111,-0.0437178140950282,-0.0398525925965614));
#9718=CARTESIAN_POINT('',(-0.0300320095486111,-0.0401758394412968,-0.0374859207968864));
#9719=CARTESIAN_POINT('',(-0.0300320095486111,-0.0378091676416219,-0.0339439461431551));
#9720=CARTESIAN_POINT('',(-0.0300320095486111,-0.0369781030235707,-0.0297659021683177));
#9721=CARTESIAN_POINT('',(-0.0300320095486111,-0.0378091676416219,-0.0255878581934803));
#9722=CARTESIAN_POINT('',(-0.0300320095486111,-0.0401758394412968,-0.022045883539749));
#9723=CARTESIAN_POINT('',(-0.0300320095486111,-0.0437178140950281,-0.0196792117400741));
#9724=CARTESIAN_POINT('',(-0.0300320095486111,-0.0478958580698655,-0.0188481471220229));
#9725=CARTESIAN_POINT('',(-0.0300320095486111,-0.0520739020447029,-0.0196792117400741));
#9726=CARTESIAN_POINT('',(-0.0300320095486111,-0.0556158766984343,-0.022045883539749));
#9727=CARTESIAN_POINT('',(-0.0300320095486111,-0.0579825484981092,-0.0255878581934803));
#9728=CARTESIAN_POINT('',(-0.0300320095486111,-0.0588136131161604,-0.0297659021683178));
#9729=CARTESIAN_POINT('',(-0.0300320095486111,-0.0579825484981091,-0.0339439461431552));
#9730=CARTESIAN_POINT('',(-0.0300320095486111,-0.0556158766984343,-0.0374859207968865));
#9731=CARTESIAN_POINT('',(-0.0300320095486111,-0.0520739020447029,-0.0398525925965614));
#9732=CARTESIAN_POINT('',(-0.0300320095486111,-0.0492885393948113,-0.0404066356752622));
#9733=CARTESIAN_POINT('',(-0.0300320095486111,-0.0478958580698655,-0.0404066356752622));
#9734=CARTESIAN_POINT('',(-0.0300618489583333,-0.0478958580698655,-0.0405753639738733));
#9735=CARTESIAN_POINT('',(-0.0300618489583333,-0.046481093234388,-0.0405753639738733));
#9736=CARTESIAN_POINT('',(-0.0300618489583333,-0.0436515635634331,-0.0400125355284526));
#9737=CARTESIAN_POINT('',(-0.0300618489583333,-0.0400534244209794,-0.0376083358172039));
#9738=CARTESIAN_POINT('',(-0.0300618489583333,-0.0376492247097306,-0.0340101966747502));
#9739=CARTESIAN_POINT('',(-0.0300618489583333,-0.0368049820415997,-0.0297659021683177));
#9740=CARTESIAN_POINT('',(-0.0300618489583333,-0.0376492247097306,-0.0255216076618852));
#9741=CARTESIAN_POINT('',(-0.0300618489583333,-0.0400534244209794,-0.0219234685194316));
#9742=CARTESIAN_POINT('',(-0.0300618489583333,-0.043651563563433,-0.0195192688081828));
#9743=CARTESIAN_POINT('',(-0.0300618489583333,-0.0478958580698655,-0.0186750261400518));
#9744=CARTESIAN_POINT('',(-0.0300618489583333,-0.052140152576298,-0.0195192688081828));
#9745=CARTESIAN_POINT('',(-0.0300618489583333,-0.0557382917187517,-0.0219234685194316));
#9746=CARTESIAN_POINT('',(-0.0300618489583333,-0.0581424914300004,-0.0255216076618852));
#9747=CARTESIAN_POINT('',(-0.0300618489583333,-0.0589867340981314,-0.0297659021683179));
#9748=CARTESIAN_POINT('',(-0.0300618489583333,-0.0581424914300004,-0.0340101966747502));
#9749=CARTESIAN_POINT('',(-0.0300618489583333,-0.0557382917187517,-0.0376083358172039));
#9750=CARTESIAN_POINT('',(-0.0300618489583333,-0.052140152576298,-0.0400125355284527));
#9751=CARTESIAN_POINT('',(-0.0300618489583333,-0.049310622905343,-0.0405753639738733));
#9752=CARTESIAN_POINT('',(-0.0300618489583333,-0.0478958580698655,-0.0405753639738733));
#9753=CARTESIAN_POINT('',(-0.0301595052083333,-0.0478958580698655,-0.0409095653627622));
#9754=CARTESIAN_POINT('',(-0.0301595052083333,-0.0464373522617593,-0.0409095653627622));
#9755=CARTESIAN_POINT('',(-0.0301595052083333,-0.043520340645547,-0.0403293356765074));
#9756=CARTESIAN_POINT('',(-0.0301595052083333,-0.0398109560849167,-0.0378508041532666));
#9757=CARTESIAN_POINT('',(-0.0301595052083333,-0.0373324245616758,-0.0341414195926363));
#9758=CARTESIAN_POINT('',(-0.0301595052083333,-0.0364620800322937,-0.0297659021683177));
#9759=CARTESIAN_POINT('',(-0.0301595052083333,-0.0373324245616759,-0.0253903847439991));
#9760=CARTESIAN_POINT('',(-0.0301595052083333,-0.0398109560849167,-0.0216810001833688));
#9761=CARTESIAN_POINT('',(-0.0301595052083333,-0.0435203406455469,-0.0192024686601281));
#9762=CARTESIAN_POINT('',(-0.0301595052083333,-0.0478958580698655,-0.0183321241307459));
#9763=CARTESIAN_POINT('',(-0.0301595052083333,-0.0522713754941841,-0.019202468660128));
#9764=CARTESIAN_POINT('',(-0.0301595052083333,-0.0559807600548144,-0.0216810001833689));
#9765=CARTESIAN_POINT('',(-0.0301595052083333,-0.0584592915780552,-0.0253903847439991));
#9766=CARTESIAN_POINT('',(-0.0301595052083333,-0.0593296361074373,-0.0297659021683179));
#9767=CARTESIAN_POINT('',(-0.0301595052083333,-0.0584592915780552,-0.0341414195926363));
#9768=CARTESIAN_POINT('',(-0.0301595052083333,-0.0559807600548144,-0.0378508041532667));
#9769=CARTESIAN_POINT('',(-0.0301595052083333,-0.0522713754941841,-0.0403293356765074));
#9770=CARTESIAN_POINT('',(-0.0301595052083333,-0.0493543638779717,-0.0409095653627622));
#9771=CARTESIAN_POINT('',(-0.0301595052083333,-0.0478958580698655,-0.0409095653627622));
#9772=CARTESIAN_POINT('',(-0.03022705078125,-0.0478958580698655,-0.0410744959183177));
#9773=CARTESIAN_POINT('',(-0.03022705078125,-0.0464157658077348,-0.0410744959183177));
#9774=CARTESIAN_POINT('',(-0.03022705078125,-0.0434555812834733,-0.0404856786067163));
#9775=CARTESIAN_POINT('',(-0.03022705078125,-0.0396912963866,-0.0379704638515833));
#9776=CARTESIAN_POINT('',(-0.03022705078125,-0.037176081631467,-0.0342061789547099));
#9777=CARTESIAN_POINT('',(-0.03022705078125,-0.0362928556640648,-0.0297659021683177));
#9778=CARTESIAN_POINT('',(-0.03022705078125,-0.037176081631467,-0.0253256253819255));
#9779=CARTESIAN_POINT('',(-0.03022705078125,-0.0396912963866,-0.0215613404850521));
#9780=CARTESIAN_POINT('',(-0.03022705078125,-0.0434555812834733,-0.0190461257299192));
#9781=CARTESIAN_POINT('',(-0.03022705078125,-0.0478958580698655,-0.018162899762517));
#9782=CARTESIAN_POINT('',(-0.03022705078125,-0.0523361348562577,-0.0190461257299192));
#9783=CARTESIAN_POINT('',(-0.03022705078125,-0.0561004197531311,-0.0215613404850522));
#9784=CARTESIAN_POINT('',(-0.03022705078125,-0.0586156345082641,-0.0253256253819255));
#9785=CARTESIAN_POINT('',(-0.03022705078125,-0.0594988604756662,-0.0297659021683179));
#9786=CARTESIAN_POINT('',(-0.03022705078125,-0.058615634508264,-0.03420617895471));
#9787=CARTESIAN_POINT('',(-0.03022705078125,-0.0561004197531311,-0.0379704638515833));
#9788=CARTESIAN_POINT('',(-0.03022705078125,-0.0523361348562577,-0.0404856786067163));
#9789=CARTESIAN_POINT('',(-0.03022705078125,-0.0493759503319963,-0.0410744959183177));
#9790=CARTESIAN_POINT('',(-0.03022705078125,-0.0478958580698655,-0.0410744959183177));
#9791=CARTESIAN_POINT('',(-0.030399169921875,-0.0478958580698655,-0.0413796716995677));
#9792=CARTESIAN_POINT('',(-0.030399169921875,-0.0463758237669821,-0.0413796716995677));
#9793=CARTESIAN_POINT('',(-0.030399169921875,-0.0433357551612153,-0.0407749644561981));
#9794=CARTESIAN_POINT('',(-0.030399169921875,-0.0394698865829713,-0.038191873655212));
#9795=CARTESIAN_POINT('',(-0.030399169921875,-0.0368867957819852,-0.0343260050769679));
#9796=CARTESIAN_POINT('',(-0.030399169921875,-0.0359797349169307,-0.0297659021683177));
#9797=CARTESIAN_POINT('',(-0.030399169921875,-0.0368867957819852,-0.0252057992596675));
#9798=CARTESIAN_POINT('',(-0.030399169921875,-0.0394698865829713,-0.0213399306814234));
#9799=CARTESIAN_POINT('',(-0.030399169921875,-0.0433357551612153,-0.0187568398804374));
#9800=CARTESIAN_POINT('',(-0.030399169921875,-0.0478958580698655,-0.0178497790153829));
#9801=CARTESIAN_POINT('',(-0.030399169921875,-0.0524559609785157,-0.0187568398804374));
#9802=CARTESIAN_POINT('',(-0.030399169921875,-0.0563218295567598,-0.0213399306814235));
#9803=CARTESIAN_POINT('',(-0.030399169921875,-0.0589049203577459,-0.0252057992596675));
#9804=CARTESIAN_POINT('',(-0.030399169921875,-0.0598119812228003,-0.0297659021683179));
#9805=CARTESIAN_POINT('',(-0.030399169921875,-0.0589049203577459,-0.0343260050769679));
#9806=CARTESIAN_POINT('',(-0.030399169921875,-0.0563218295567598,-0.038191873655212));
#9807=CARTESIAN_POINT('',(-0.030399169921875,-0.0524559609785157,-0.0407749644561981));
#9808=CARTESIAN_POINT('',(-0.030399169921875,-0.049415892372749,-0.0413796716995677));
#9809=CARTESIAN_POINT('',(-0.030399169921875,-0.0478958580698655,-0.0413796716995677));
#9810=CARTESIAN_POINT('',(-0.0305034722222222,-0.0478958580698655,-0.0415193743905399));
#9811=CARTESIAN_POINT('',(-0.0305034722222222,-0.0463575391883264,-0.0415193743905399));
#9812=CARTESIAN_POINT('',(-0.0305034722222222,-0.0432809014252483,-0.0409073930895164));
#9813=CARTESIAN_POINT('',(-0.0305034722222222,-0.039368530095088,-0.0382932301430953));
#9814=CARTESIAN_POINT('',(-0.0305034722222222,-0.0367543671486668,-0.0343808588129349));
#9815=CARTESIAN_POINT('',(-0.0305034722222222,-0.0358363951971315,-0.0297659021683177));
#9816=CARTESIAN_POINT('',(-0.0305034722222222,-0.0367543671486669,-0.0251509455237005));
#9817=CARTESIAN_POINT('',(-0.0305034722222222,-0.039368530095088,-0.0212385741935401));
#9818=CARTESIAN_POINT('',(-0.0305034722222222,-0.0432809014252483,-0.018624411247119));
#9819=CARTESIAN_POINT('',(-0.0305034722222222,-0.0478958580698655,-0.0177064392955837));
#9820=CARTESIAN_POINT('',(-0.0305034722222222,-0.0525108147144827,-0.018624411247119));
#9821=CARTESIAN_POINT('',(-0.0305034722222222,-0.0564231860446431,-0.0212385741935402));
#9822=CARTESIAN_POINT('',(-0.0305034722222222,-0.0590373489910642,-0.0251509455237005));
#9823=CARTESIAN_POINT('',(-0.0305034722222222,-0.0599553209425995,-0.0297659021683179));
#9824=CARTESIAN_POINT('',(-0.0305034722222222,-0.0590373489910642,-0.0343808588129349));
#9825=CARTESIAN_POINT('',(-0.0305034722222222,-0.0564231860446432,-0.0382932301430954));
#9826=CARTESIAN_POINT('',(-0.0305034722222222,-0.0525108147144827,-0.0409073930895164));
#9827=CARTESIAN_POINT('',(-0.0305034722222222,-0.0494341769514046,-0.0415193743905399));
#9828=CARTESIAN_POINT('',(-0.0305034722222222,-0.0478958580698655,-0.0415193743905399));
#9829=CARTESIAN_POINT('',(-0.0307465277777778,-0.0478958580698655,-0.0417624299460955));
#9830=CARTESIAN_POINT('',(-0.0307465277777778,-0.0463257275718692,-0.0417624299460955));
#9831=CARTESIAN_POINT('',(-0.0307465277777778,-0.0431854665758766,-0.0411377931971926));
#9832=CARTESIAN_POINT('',(-0.0307465277777778,-0.0391921894870423,-0.038469570751141));
#9833=CARTESIAN_POINT('',(-0.0307465277777778,-0.0365239670409906,-0.0344762936623066));
#9834=CARTESIAN_POINT('',(-0.0307465277777778,-0.0355870119176363,-0.0297659021683177));
#9835=CARTESIAN_POINT('',(-0.0307465277777778,-0.0365239670409907,-0.0250555106743288));
#9836=CARTESIAN_POINT('',(-0.0307465277777778,-0.0391921894870423,-0.0210622335854945));
#9837=CARTESIAN_POINT('',(-0.0307465277777778,-0.0431854665758766,-0.0183940111394429));
#9838=CARTESIAN_POINT('',(-0.0307465277777778,-0.0478958580698655,-0.0174570560160885));
#9839=CARTESIAN_POINT('',(-0.0307465277777778,-0.0526062495638544,-0.0183940111394428));
#9840=CARTESIAN_POINT('',(-0.0307465277777778,-0.0565995266526888,-0.0210622335854945));
#9841=CARTESIAN_POINT('',(-0.0307465277777778,-0.0592677490987404,-0.0250555106743288));
#9842=CARTESIAN_POINT('',(-0.0307465277777778,-0.0602047042220948,-0.0297659021683179));
#9843=CARTESIAN_POINT('',(-0.0307465277777778,-0.0592677490987404,-0.0344762936623067));
#9844=CARTESIAN_POINT('',(-0.0307465277777778,-0.0565995266526888,-0.038469570751141));
#9845=CARTESIAN_POINT('',(-0.0307465277777778,-0.0526062495638544,-0.0411377931971926));
#9846=CARTESIAN_POINT('',(-0.0307465277777778,-0.0494659885678618,-0.0417624299460955));
#9847=CARTESIAN_POINT('',(-0.0307465277777778,-0.0478958580698655,-0.0417624299460955));
#9848=CARTESIAN_POINT('',(-0.03088623046875,-0.0478958580698655,-0.0418667322464427));
#9849=CARTESIAN_POINT('',(-0.03088623046875,-0.0463120762699409,-0.0418667322464427));
#9850=CARTESIAN_POINT('',(-0.03088623046875,-0.0431445126700915,-0.0412366646719711));
#9851=CARTESIAN_POINT('',(-0.03088623046875,-0.0391165165363799,-0.0385452437018034));
#9852=CARTESIAN_POINT('',(-0.03088623046875,-0.0364250955662122,-0.0345172475680917));
#9853=CARTESIAN_POINT('',(-0.03088623046875,-0.0354799942045047,-0.0297659021683177));
#9854=CARTESIAN_POINT('',(-0.03088623046875,-0.0364250955662122,-0.0250145567685437));
#9855=CARTESIAN_POINT('',(-0.03088623046875,-0.0391165165363799,-0.020986560634832));
#9856=CARTESIAN_POINT('',(-0.03088623046875,-0.0431445126700915,-0.0182951396646644));
#9857=CARTESIAN_POINT('',(-0.03088623046875,-0.0478958580698655,-0.0173500383029569));
#9858=CARTESIAN_POINT('',(-0.03088623046875,-0.0526472034696395,-0.0182951396646644));
#9859=CARTESIAN_POINT('',(-0.03088623046875,-0.0566751996033512,-0.0209865606348321));
#9860=CARTESIAN_POINT('',(-0.03088623046875,-0.0593666205735189,-0.0250145567685437));
#9861=CARTESIAN_POINT('',(-0.03088623046875,-0.0603117219352264,-0.0297659021683179));
#9862=CARTESIAN_POINT('',(-0.03088623046875,-0.0593666205735188,-0.0345172475680917));
#9863=CARTESIAN_POINT('',(-0.03088623046875,-0.0566751996033513,-0.0385452437018035));
#9864=CARTESIAN_POINT('',(-0.03088623046875,-0.0526472034696395,-0.0412366646719711));
#9865=CARTESIAN_POINT('',(-0.03088623046875,-0.0494796398697902,-0.0418667322464427));
#9866=CARTESIAN_POINT('',(-0.03088623046875,-0.0478958580698655,-0.0418667322464427));
#9867=CARTESIAN_POINT('',(-0.03119140625,-0.0478958580698655,-0.0420388513870677));
#9868=CARTESIAN_POINT('',(-0.03119140625,-0.0462895489589564,-0.0420388513870677));
#9869=CARTESIAN_POINT('',(-0.03119140625,-0.0430769307371381,-0.0413998218910788));
#9870=CARTESIAN_POINT('',(-0.03119140625,-0.0389916414071333,-0.03867011883105));
#9871=CARTESIAN_POINT('',(-0.03119140625,-0.0362619383471044,-0.0345848295010452));
#9872=CARTESIAN_POINT('',(-0.03119140625,-0.0353033941031211,-0.0297659021683177));
#9873=CARTESIAN_POINT('',(-0.03119140625,-0.0362619383471044,-0.0249469748355902));
#9874=CARTESIAN_POINT('',(-0.03119140625,-0.0389916414071333,-0.0208616855055855));
#9875=CARTESIAN_POINT('',(-0.03119140625,-0.043076930737138,-0.0181319824455567));
#9876=CARTESIAN_POINT('',(-0.03119140625,-0.0478958580698655,-0.0171734382015733));
#9877=CARTESIAN_POINT('',(-0.03119140625,-0.052714785402593,-0.0181319824455566));
#9878=CARTESIAN_POINT('',(-0.03119140625,-0.0568000747325978,-0.0208616855055855));
#9879=CARTESIAN_POINT('',(-0.03119140625,-0.0595297777926266,-0.0249469748355902));
#9880=CARTESIAN_POINT('',(-0.03119140625,-0.06048832203661,-0.0297659021683179));
#9881=CARTESIAN_POINT('',(-0.03119140625,-0.0595297777926266,-0.0345848295010452));
#9882=CARTESIAN_POINT('',(-0.03119140625,-0.0568000747325978,-0.0386701188310501));
#9883=CARTESIAN_POINT('',(-0.03119140625,-0.052714785402593,-0.0413998218910788));
#9884=CARTESIAN_POINT('',(-0.03119140625,-0.0495021671807747,-0.0420388513870677));
#9885=CARTESIAN_POINT('',(-0.03119140625,-0.0478958580698655,-0.0420388513870677));
#9886=CARTESIAN_POINT('',(-0.0313563368055556,-0.0478958580698655,-0.0421063969599844));
#9887=CARTESIAN_POINT('',(-0.0313563368055556,-0.0462807084539364,-0.0421063969599844));
#9888=CARTESIAN_POINT('',(-0.0313563368055556,-0.0430504092220783,-0.0414638504924308));
#9889=CARTESIAN_POINT('',(-0.0313563368055556,-0.0389426360372635,-0.0387191242009198));
#9890=CARTESIAN_POINT('',(-0.0313563368055555,-0.0361979097457524,-0.034611351016105));
#9891=CARTESIAN_POINT('',(-0.0313563368055556,-0.0352340900444221,-0.0297659021683177));
#9892=CARTESIAN_POINT('',(-0.0313563368055556,-0.0361979097457525,-0.0249204533205305));
#9893=CARTESIAN_POINT('',(-0.0313563368055556,-0.0389426360372635,-0.0208126801357156));
#9894=CARTESIAN_POINT('',(-0.0313563368055556,-0.0430504092220783,-0.0180679538442047));
#9895=CARTESIAN_POINT('',(-0.0313563368055556,-0.0478958580698655,-0.0171041341428743));
#9896=CARTESIAN_POINT('',(-0.0313563368055556,-0.0527413069176528,-0.0180679538442047));
#9897=CARTESIAN_POINT('',(-0.0313563368055556,-0.0568490801024676,-0.0208126801357157));
#9898=CARTESIAN_POINT('',(-0.0313563368055556,-0.0595938063939786,-0.0249204533205305));
#9899=CARTESIAN_POINT('',(-0.0313563368055556,-0.060557626095309,-0.0297659021683179));
#9900=CARTESIAN_POINT('',(-0.0313563368055556,-0.0595938063939786,-0.034611351016105));
#9901=CARTESIAN_POINT('',(-0.0313563368055556,-0.0568490801024676,-0.0387191242009199));
#9902=CARTESIAN_POINT('',(-0.0313563368055556,-0.0527413069176527,-0.0414638504924308));
#9903=CARTESIAN_POINT('',(-0.0313563368055556,-0.0495110076857946,-0.0421063969599844));
#9904=CARTESIAN_POINT('',(-0.0313563368055556,-0.0478958580698655,-0.0421063969599844));
#9905=CARTESIAN_POINT('',(-0.0316905381944444,-0.0478958580698655,-0.0422040532099844));
#9906=CARTESIAN_POINT('',(-0.0316905381944444,-0.0462679270008956,-0.0422040532099844));
#9907=CARTESIAN_POINT('',(-0.0316905381944445,-0.0430120648629557,-0.041556421964265));
#9908=CARTESIAN_POINT('',(-0.0316905381944444,-0.0388717849001023,-0.038789975338081));
#9909=CARTESIAN_POINT('',(-0.0316905381944444,-0.0361053382739182,-0.0346496953752275));
#9910=CARTESIAN_POINT('',(-0.0316905381944444,-0.0351338914053391,-0.0297659021683177));
#9911=CARTESIAN_POINT('',(-0.0316905381944445,-0.0361053382739183,-0.0248821089614079));
#9912=CARTESIAN_POINT('',(-0.0316905381944444,-0.0388717849001023,-0.0207418289985544));
#9913=CARTESIAN_POINT('',(-0.0316905381944445,-0.0430120648629557,-0.0179753823723705));
#9914=CARTESIAN_POINT('',(-0.0316905381944444,-0.0478958580698655,-0.0170039355037913));
#9915=CARTESIAN_POINT('',(-0.0316905381944445,-0.0527796512767753,-0.0179753823723705));
#9916=CARTESIAN_POINT('',(-0.0316905381944445,-0.0569199312396289,-0.0207418289985545));
#9917=CARTESIAN_POINT('',(-0.0316905381944444,-0.0596863778658128,-0.0248821089614079));
#9918=CARTESIAN_POINT('',(-0.0316905381944445,-0.0606578247343919,-0.0297659021683179));
#9919=CARTESIAN_POINT('',(-0.0316905381944444,-0.0596863778658128,-0.0346496953752275));
#9920=CARTESIAN_POINT('',(-0.0316905381944445,-0.0569199312396288,-0.0387899753380811));
#9921=CARTESIAN_POINT('',(-0.0316905381944445,-0.0527796512767753,-0.0415564219642649));
#9922=CARTESIAN_POINT('',(-0.0316905381944444,-0.0495237891388355,-0.0422040532099844));
#9923=CARTESIAN_POINT('',(-0.0316905381944444,-0.0478958580698655,-0.0422040532099844));
#9924=CARTESIAN_POINT('',(-0.0318592664930556,-0.0478958580698655,-0.0422338926197066));
#9925=CARTESIAN_POINT('',(-0.0318592664930556,-0.0462640215569109,-0.0422338926197066));
#9926=CARTESIAN_POINT('',(-0.0318592664930556,-0.0430003485310016,-0.0415847076917699));
#9927=CARTESIAN_POINT('',(-0.0318592664930556,-0.0388501359415253,-0.038811624296658));
#9928=CARTESIAN_POINT('',(-0.0318592664930556,-0.0360770525464134,-0.0346614117071816));
#9929=CARTESIAN_POINT('',(-0.0318592664930556,-0.0351032751545083,-0.0297659021683177));
#9930=CARTESIAN_POINT('',(-0.0318592664930556,-0.0360770525464134,-0.0248703926294538));
#9931=CARTESIAN_POINT('',(-0.0318592664930556,-0.0388501359415253,-0.0207201800399774));
#9932=CARTESIAN_POINT('',(-0.0318592664930556,-0.0430003485310016,-0.0179470966448656));
#9933=CARTESIAN_POINT('',(-0.0318592664930556,-0.0478958580698655,-0.0169733192529605));
#9934=CARTESIAN_POINT('',(-0.0318592664930556,-0.0527913676087294,-0.0179470966448656));
#9935=CARTESIAN_POINT('',(-0.0318592664930556,-0.0569415801982059,-0.0207201800399775));
#9936=CARTESIAN_POINT('',(-0.0318592664930556,-0.0597146635933177,-0.0248703926294538));
#9937=CARTESIAN_POINT('',(-0.0318592664930556,-0.0606884409852228,-0.0297659021683179));
#9938=CARTESIAN_POINT('',(-0.0318592664930556,-0.0597146635933177,-0.0346614117071816));
#9939=CARTESIAN_POINT('',(-0.0318592664930556,-0.0569415801982058,-0.0388116242966581));
#9940=CARTESIAN_POINT('',(-0.0318592664930556,-0.0527913676087294,-0.0415847076917698));
#9941=CARTESIAN_POINT('',(-0.0318592664930556,-0.0495276945828202,-0.0422338926197066));
#9942=CARTESIAN_POINT('',(-0.0318592664930556,-0.0478958580698655,-0.0422338926197066));
#9943=CARTESIAN_POINT('',(-0.0321044243706597,-0.0478958580698655,-0.042257187704342));
#9944=CARTESIAN_POINT('',(-0.0321044243706597,-0.0462609726478001,-0.042257187704342));
#9945=CARTESIAN_POINT('',(-0.0321044243706597,-0.0429912018036692,-0.041606789844947));
#9946=CARTESIAN_POINT('',(-0.0321044243706597,-0.0388332349931816,-0.0388285252450017));
#9947=CARTESIAN_POINT('',(-0.0321044243706597,-0.0360549703932362,-0.034670558434514));
#9948=CARTESIAN_POINT('',(-0.0321044243706597,-0.0350793736041437,-0.0297659021683177));
#9949=CARTESIAN_POINT('',(-0.0321044243706597,-0.0360549703932363,-0.0248612459021214));
#9950=CARTESIAN_POINT('',(-0.0321044243706597,-0.0388332349931816,-0.0207032790916338));
#9951=CARTESIAN_POINT('',(-0.0321044243706597,-0.0429912018036692,-0.0179250144916885));
#9952=CARTESIAN_POINT('',(-0.0321044243706597,-0.0478958580698655,-0.0169494177025959));
#9953=CARTESIAN_POINT('',(-0.0321044243706597,-0.0528005143360618,-0.0179250144916885));
#9954=CARTESIAN_POINT('',(-0.0321044243706597,-0.0569584811465496,-0.0207032790916338));
#9955=CARTESIAN_POINT('',(-0.0321044243706597,-0.0597367457464948,-0.0248612459021214));
#9956=CARTESIAN_POINT('',(-0.0321044243706597,-0.0607123425355874,-0.0297659021683179));
#9957=CARTESIAN_POINT('',(-0.0321044243706597,-0.0597367457464948,-0.034670558434514));
#9958=CARTESIAN_POINT('',(-0.0321044243706597,-0.0569584811465495,-0.0388285252450018));
#9959=CARTESIAN_POINT('',(-0.0321044243706597,-0.0528005143360618,-0.0416067898449469));
#9960=CARTESIAN_POINT('',(-0.0321044243706597,-0.049530743491931,-0.042257187704342));
#9961=CARTESIAN_POINT('',(-0.0321044243706597,-0.0478958580698655,-0.042257187704342));
#9962=CARTESIAN_POINT('',(-0.0321849229600694,-0.0478958580698655,-0.0422614771194896));
#9963=CARTESIAN_POINT('',(-0.0321849229600694,-0.0462604112402273,-0.0422614771194896));
#9964=CARTESIAN_POINT('',(-0.0321849229600694,-0.0429895175809508,-0.0416108559182758));
#9965=CARTESIAN_POINT('',(-0.0321849229600694,-0.0388301229553862,-0.0388316372827971));
#9966=CARTESIAN_POINT('',(-0.0321849229600694,-0.0360509043199074,-0.0346722426572324));
#9967=CARTESIAN_POINT('',(-0.0321849229600694,-0.0350749725180867,-0.0297659021683177));
#9968=CARTESIAN_POINT('',(-0.0321849229600694,-0.0360509043199074,-0.024859561679403));
#9969=CARTESIAN_POINT('',(-0.0321849229600694,-0.0388301229553862,-0.0207001670538383));
#9970=CARTESIAN_POINT('',(-0.0321849229600694,-0.0429895175809508,-0.0179209484183597));
#9971=CARTESIAN_POINT('',(-0.0321849229600694,-0.0478958580698655,-0.016945016616539));
#9972=CARTESIAN_POINT('',(-0.0321849229600694,-0.0528021985587802,-0.0179209484183596));
#9973=CARTESIAN_POINT('',(-0.0321849229600694,-0.056961593184345,-0.0207001670538384));
#9974=CARTESIAN_POINT('',(-0.0321849229600694,-0.0597408118198236,-0.024859561679403));
#9975=CARTESIAN_POINT('',(-0.0321849229600694,-0.0607167436216443,-0.0297659021683179));
#9976=CARTESIAN_POINT('',(-0.0321849229600694,-0.0597408118198236,-0.0346722426572324));
#9977=CARTESIAN_POINT('',(-0.0321849229600694,-0.0569615931843449,-0.0388316372827972));
#9978=CARTESIAN_POINT('',(-0.0321849229600694,-0.0528021985587802,-0.0416108559182758));
#9979=CARTESIAN_POINT('',(-0.0321849229600694,-0.0495313048995038,-0.0422614771194896));
#9980=CARTESIAN_POINT('',(-0.0321849229600694,-0.0478958580698655,-0.0422614771194896));
#9981=CARTESIAN_POINT('',(-0.0323436567518446,-0.0478958580698655,-0.04226583859003));
#9982=CARTESIAN_POINT('',(-0.0323436567518446,-0.0462598404018949,-0.04226583859003));
#9983=CARTESIAN_POINT('',(-0.0323436567518446,-0.0429878050659536,-0.041614990295208));
#9984=CARTESIAN_POINT('',(-0.0323436567518446,-0.038826958640276,-0.0388348015979073));
#9985=CARTESIAN_POINT('',(-0.0323436567518446,-0.0360467699429752,-0.0346739551722297));
#9986=CARTESIAN_POINT('',(-0.0323436567518446,-0.0350704975007423,-0.0297659021683177));
#9987=CARTESIAN_POINT('',(-0.0323436567518446,-0.0360467699429753,-0.0248578491644058));
#9988=CARTESIAN_POINT('',(-0.0323436567518446,-0.038826958640276,-0.0206970027387281));
#9989=CARTESIAN_POINT('',(-0.0323436567518446,-0.0429878050659536,-0.0179168140414275));
#9990=CARTESIAN_POINT('',(-0.0323436567518446,-0.0478958580698655,-0.0169405415991945));
#9991=CARTESIAN_POINT('',(-0.0323436567518446,-0.0528039110737774,-0.0179168140414275));
#9992=CARTESIAN_POINT('',(-0.0323436567518446,-0.0569647574994552,-0.0206970027387282));
#9993=CARTESIAN_POINT('',(-0.0323436567518446,-0.0597449461967558,-0.0248578491644058));
#9994=CARTESIAN_POINT('',(-0.0323436567518446,-0.0607212186389888,-0.0297659021683179));
#9995=CARTESIAN_POINT('',(-0.0323436567518446,-0.0597449461967558,-0.0346739551722297));
#9996=CARTESIAN_POINT('',(-0.0323436567518446,-0.0569647574994551,-0.0388348015979074));
#9997=CARTESIAN_POINT('',(-0.0323436567518446,-0.0528039110737775,-0.0416149902952079));
#9998=CARTESIAN_POINT('',(-0.0323436567518446,-0.0495318757378362,-0.04226583859003));
#9999=CARTESIAN_POINT('',(-0.0323436567518446,-0.0478958580698655,-0.04226583859003));
#10000=CARTESIAN_POINT('',(-0.032421875,-0.0478958580698655,-0.0422659021683177));
#10001=CARTESIAN_POINT('',(-0.032421875,-0.0462598320806364,-0.0422659021683177));
#10002=CARTESIAN_POINT('',(-0.032421875,-0.0429877801021781,-0.0416150505630933));
#10003=CARTESIAN_POINT('',(-0.032421875,-0.0388269125132335,-0.0388348477249498));
#10004=CARTESIAN_POINT('',(-0.032421875,-0.0360467096750899,-0.0346739801360051));
#10005=CARTESIAN_POINT('',(-0.032421875,-0.0350704322672533,-0.0297659021683177));
#10006=CARTESIAN_POINT('',(-0.032421875,-0.03604670967509,-0.0248578242006303));
#10007=CARTESIAN_POINT('',(-0.032421875,-0.0388269125132335,-0.0206969566116857));
#10008=CARTESIAN_POINT('',(-0.032421875,-0.0429877801021781,-0.0179167537735422));
#10009=CARTESIAN_POINT('',(-0.032421875,-0.0478958580698655,-0.0169404763657055));
#10010=CARTESIAN_POINT('',(-0.032421875,-0.0528039360375529,-0.0179167537735422));
#10011=CARTESIAN_POINT('',(-0.032421875,-0.0569648036264976,-0.0206969566116858));
#10012=CARTESIAN_POINT('',(-0.032421875,-0.0597450064646411,-0.0248578242006303));
#10013=CARTESIAN_POINT('',(-0.032421875,-0.0607212838724778,-0.0297659021683179));
#10014=CARTESIAN_POINT('',(-0.032421875,-0.0597450064646411,-0.0346739801360052));
#10015=CARTESIAN_POINT('',(-0.032421875,-0.0569648036264975,-0.0388348477249498));
#10016=CARTESIAN_POINT('',(-0.032421875,-0.0528039360375529,-0.0416150505630933));
#10017=CARTESIAN_POINT('',(-0.032421875,-0.0495318840590947,-0.0422659021683177));
#10018=CARTESIAN_POINT('',(-0.032421875,-0.0478958580698655,-0.0422659021683177));
#10019=CARTESIAN_POINT('',(-0.0325,-0.0478958580698655,-0.0422659021683177));
#10020=CARTESIAN_POINT('',(-0.0325,-0.0462598320806364,-0.0422659021683177));
#10021=CARTESIAN_POINT('',(-0.0325,-0.0429877801021781,-0.0416150505630933));
#10022=CARTESIAN_POINT('',(-0.0325,-0.0388269125132335,-0.0388348477249498));
#10023=CARTESIAN_POINT('',(-0.0325,-0.0360467096750899,-0.0346739801360051));
#10024=CARTESIAN_POINT('',(-0.0325,-0.0350704322672533,-0.0297659021683177));
#10025=CARTESIAN_POINT('',(-0.0325,-0.03604670967509,-0.0248578242006303));
#10026=CARTESIAN_POINT('',(-0.0325,-0.0388269125132335,-0.0206969566116857));
#10027=CARTESIAN_POINT('',(-0.0325,-0.0429877801021781,-0.0179167537735422));
#10028=CARTESIAN_POINT('',(-0.0325,-0.0478958580698655,-0.0169404763657055));
#10029=CARTESIAN_POINT('',(-0.0325,-0.0528039360375529,-0.0179167537735422));
#10030=CARTESIAN_POINT('',(-0.0325,-0.0569648036264976,-0.0206969566116858));
#10031=CARTESIAN_POINT('',(-0.0325,-0.0597450064646411,-0.0248578242006303));
#10032=CARTESIAN_POINT('',(-0.0325,-0.0607212838724778,-0.0297659021683179));
#10033=CARTESIAN_POINT('',(-0.0325,-0.0597450064646411,-0.0346739801360052));
#10034=CARTESIAN_POINT('',(-0.0325,-0.0569648036264975,-0.0388348477249498));
#10035=CARTESIAN_POINT('',(-0.0325,-0.0528039360375529,-0.0416150505630933));
#10036=CARTESIAN_POINT('',(-0.0325,-0.0495318840590947,-0.0422659021683177));
#10037=CARTESIAN_POINT('',(-0.0325,-0.0478958580698655,-0.0422659021683177));
#10038=CARTESIAN_POINT('',(-0.0254670009016991,-0.0477302819490433,-0.0297));
#10039=CARTESIAN_POINT('',(-0.0254670009016991,-0.0477302819490433,-0.0047));
#10040=CARTESIAN_POINT('',(-0.0263,-0.0477302819490433,-0.0047));
#10041=CARTESIAN_POINT('',(-0.0263,-0.0477282553911209,-0.00470029748976231));
#10042=CARTESIAN_POINT('',(-0.0263,-0.0477282553911209,-0.00470029748976231));
#10043=CARTESIAN_POINT('',(-0.0263,-0.0544999903770802,0.0145833333954215));
#10044=CARTESIAN_POINT('',(0.01999,-0.0366953536868096,0.0365855526179076));
#10045=CARTESIAN_POINT('',(0.01999,-0.0366953536868096,0.0364265814423561));
#10046=CARTESIAN_POINT('',(0.01999,-0.0366953536868096,0.0364265814423561));
#10047=CARTESIAN_POINT('',(0.01999,-0.0366953536868096,0.0365855526179076));
#10048=CARTESIAN_POINT('',(0.01999,-0.0366953536868096,0.0367445237934589));
#10049=CARTESIAN_POINT('',(0.01999,-0.0366953536868096,0.0367445237934589));
#10050=CARTESIAN_POINT('',(0.01999,-0.0505654998123646,0.0227154069580138));
#10051=CARTESIAN_POINT('',(0.01999,-0.0644356459379196,0.00900423247367144));
#10052=CARTESIAN_POINT('',(0.01999,-0.0644356459379196,0.00900423247367144));
#10053=CARTESIAN_POINT('',(0.01999,-0.0505654998123646,0.0227154069580138));
#10054=CARTESIAN_POINT('',(0.01999,-0.0471078976988792,0.00900423247367144));
#10055=CARTESIAN_POINT('',(0.01999,-0.0297801494598388,0.00900423247367144));
#10056=CARTESIAN_POINT('',(0.01999,-0.0297801494598388,0.00900423247367144));
#10057=CARTESIAN_POINT('',(0.01999,-0.0471078976988792,0.00900423247367144));
#10058=CARTESIAN_POINT('',(0.01999,-0.0297801494598388,0.0228743781335652));
#10059=CARTESIAN_POINT('',(0.01999,-0.0297801494598388,0.0367445237934589));
#10060=CARTESIAN_POINT('',(0.01999,-0.0297801494598388,0.0367445237934589));
#10061=CARTESIAN_POINT('',(0.01999,-0.0297801494598388,0.0228743781335652));
#10062=CARTESIAN_POINT('',(0.01999,-0.0332377515733242,0.0367445237934589));
#10063=CARTESIAN_POINT('',(0.01999,-0.0332377515733242,0.0367445237934589));
#10064=CARTESIAN_POINT('',(0.01999,-0.0544999903770802,0.0145833333954215));
#10065=CARTESIAN_POINT('',(0.0143238985911012,-0.0858210030220866,-0.00276763936332658));
#10066=MECHANICAL_DESIGN_GEOMETRIC_PRESENTATION_REPRESENTATION('',(#3054,
#2730,#2731,#2732,#2733,#2734,#2735,#2736,#2737,#2738,#2739,#2740,#2741,
#2742,#2743,#2744,#2745,#2746,#2747,#2748,#2749,#2750,#2751,#2752,#2753,
#2754,#2755,#2756,#2757,#2758,#2759,#2760,#2761,#2762,#2763,#2764,#2765,
#2766,#2767,#2768,#2769,#2770,#2771,#2772,#2773,#2774,#2775,#2776,#2777,
#2778,#2779,#2780,#2781,#2782,#3055,#2783,#2784,#2785,#2786,#2787,#2788,
#2789,#2790,#2791,#2792,#3056,#2793,#2794,#2795,#2796,#2797,#2798,#2799,
#2800,#2801,#2802,#2803,#2804,#2805,#2806,#2807,#2808,#2809,#2810,#2811,
#2812,#2813,#2814,#2815,#2816,#2817,#2818,#2819,#2820,#2821,#2822,#2823,
#2824,#2825,#2826,#2827,#2828,#2829,#2830,#2831,#2832,#2833,#2834,#2835,
#2836,#2837,#2838,#2839,#2840,#2841,#2842,#2843,#2844,#2845,#2846,#2847,
#2848,#2849,#2850,#2851,#2852,#2853,#2854,#2855,#2856,#2857,#2858,#2859,
#2860,#2861,#2862,#2863,#2864,#2865,#2866,#2867,#2868,#2869,#2870,#2871,
#2872),#10067);
#10067=(
GEOMETRIC_REPRESENTATION_CONTEXT(3)
GLOBAL_UNCERTAINTY_ASSIGNED_CONTEXT((#10071))
GLOBAL_UNIT_ASSIGNED_CONTEXT((#10077,#10076,#10075))
REPRESENTATION_CONTEXT('Assembly 1','TOP_LEVEL_ASSEMBLY_PART')
);
#10068=(
GEOMETRIC_REPRESENTATION_CONTEXT(3)
GLOBAL_UNCERTAINTY_ASSIGNED_CONTEXT((#10072))
GLOBAL_UNIT_ASSIGNED_CONTEXT((#10077,#10076,#10075))
REPRESENTATION_CONTEXT('Part 2','COMPONENT_PART')
);
#10069=(
GEOMETRIC_REPRESENTATION_CONTEXT(3)
GLOBAL_UNCERTAINTY_ASSIGNED_CONTEXT((#10073))
GLOBAL_UNIT_ASSIGNED_CONTEXT((#10077,#10076,#10075))
REPRESENTATION_CONTEXT('Part 3','COMPONENT_PART')
);
#10070=(
GEOMETRIC_REPRESENTATION_CONTEXT(3)
GLOBAL_UNCERTAINTY_ASSIGNED_CONTEXT((#10074))
GLOBAL_UNIT_ASSIGNED_CONTEXT((#10077,#10076,#10075))
REPRESENTATION_CONTEXT('Part 1','COMPONENT_PART')
);
#10071=UNCERTAINTY_MEASURE_WITH_UNIT(LENGTH_MEASURE(1.E-8),#10077,
'DISTANCE_ACCURACY_VALUE','Maximum Tolerance applied to model');
#10072=UNCERTAINTY_MEASURE_WITH_UNIT(LENGTH_MEASURE(4.E-5),#10077,
'DISTANCE_ACCURACY_VALUE','Maximum Tolerance applied to model');
#10073=UNCERTAINTY_MEASURE_WITH_UNIT(LENGTH_MEASURE(2.E-5),#10077,
'DISTANCE_ACCURACY_VALUE','Maximum Tolerance applied to model');
#10074=UNCERTAINTY_MEASURE_WITH_UNIT(LENGTH_MEASURE(4.E-5),#10077,
'DISTANCE_ACCURACY_VALUE','Maximum Tolerance applied to model');
#10075=(
NAMED_UNIT(*)
SI_UNIT($,.STERADIAN.)
SOLID_ANGLE_UNIT()
);
#10076=(
NAMED_UNIT(*)
PLANE_ANGLE_UNIT()
SI_UNIT($,.RADIAN.)
);
#10077=(
LENGTH_UNIT()
NAMED_UNIT(*)
SI_UNIT($,.METRE.)
);
#10078=PRODUCT_DEFINITION_SHAPE('','',#10085);
#10079=PRODUCT_DEFINITION_SHAPE('','',#10086);
#10080=PRODUCT_DEFINITION_SHAPE(' ','NAUO PRDDFN',#13);
#10081=PRODUCT_DEFINITION_SHAPE('','',#10087);
#10082=PRODUCT_DEFINITION_SHAPE(' ','NAUO PRDDFN',#14);
#10083=PRODUCT_DEFINITION_SHAPE('','',#10088);
#10084=PRODUCT_DEFINITION_SHAPE(' ','NAUO PRDDFN',#15);
#10085=PRODUCT_DEFINITION('','',#10093,#10089);
#10086=PRODUCT_DEFINITION('','',#10094,#10090);
#10087=PRODUCT_DEFINITION('','',#10095,#10091);
#10088=PRODUCT_DEFINITION('','',#10096,#10092);
#10089=PRODUCT_DEFINITION_CONTEXT('',#10114,'design');
#10090=PRODUCT_DEFINITION_CONTEXT('',#10114,'design');
#10091=PRODUCT_DEFINITION_CONTEXT('',#10114,'design');
#10092=PRODUCT_DEFINITION_CONTEXT('',#10114,'design');
#10093=PRODUCT_DEFINITION_FORMATION_WITH_SPECIFIED_SOURCE('','',#10101,
 .NOT_KNOWN.);
#10094=PRODUCT_DEFINITION_FORMATION_WITH_SPECIFIED_SOURCE('','',#10102,
 .NOT_KNOWN.);
#10095=PRODUCT_DEFINITION_FORMATION_WITH_SPECIFIED_SOURCE('','',#10103,
 .NOT_KNOWN.);
#10096=PRODUCT_DEFINITION_FORMATION_WITH_SPECIFIED_SOURCE('','',#10104,
 .NOT_KNOWN.);
#10097=PRODUCT_RELATED_PRODUCT_CATEGORY('','',(#10101));
#10098=PRODUCT_RELATED_PRODUCT_CATEGORY('','',(#10102));
#10099=PRODUCT_RELATED_PRODUCT_CATEGORY('','',(#10103));
#10100=PRODUCT_RELATED_PRODUCT_CATEGORY('','',(#10104));
#10101=PRODUCT('Assembly 1','Assembly 1','Assembly 1',(#10109));
#10102=PRODUCT('Part 2','Part 2','Part 2',(#10110));
#10103=PRODUCT('Part 3','Part 3','Part 3',(#10111));
#10104=PRODUCT('Part 1','Part 1','Part 1',(#10112));
#10105=PRODUCT_CATEGORY('','');
#10106=PRODUCT_CATEGORY('','');
#10107=PRODUCT_CATEGORY('','');
#10108=PRODUCT_CATEGORY('','');
#10109=PRODUCT_CONTEXT('',#10114,'mechanical');
#10110=PRODUCT_CONTEXT('',#10114,'mechanical');
#10111=PRODUCT_CONTEXT('',#10114,'mechanical');
#10112=PRODUCT_CONTEXT('',#10114,'mechanical');
#10113=APPLICATION_PROTOCOL_DEFINITION('international standard',
'ap242_managed_model_based_3d_engineering',2020,#10114);
#10114=APPLICATION_CONTEXT('managed model based 3d engineering');
ENDSEC;
END-ISO-10303-21;
