ISO-10303-21;
HEADER;
/* Generated by software containing ST-Developer
 * from STEP Tools, Inc. (www.steptools.com) 
 */
/* OPTION: using custom renumber hook */

FILE_DESCRIPTION(
/* description */ ('STEP AP242 Edition 2',
'CAx-IF Rec.Pracs.---Representation and Presentation of Product Manufa
cturing Information (PMI)---4.0---2014-10-13',
'CAx-IF Rec.Pracs.---3D Tessellated Geometry---0.4---2014-09-14','2;1',
'CAx-IF Rec.Pracs.---User Defined Attributes---1.5---2016-08-15'),
/* implementation_level */ '2;1');

FILE_NAME(
/* name */ 'Part Studio 1',
/* time_stamp */ '2026-08-18T14:30:28Z',
/* author */ (''),
/* organization */ (''),
/* preprocessor_version */ 'ST-DEVELOPER v20',
/* originating_system */ 'ONSHAPE BY PTC INC, 1.219',
/* authorisation */ '  ');

FILE_SCHEMA (('AP242_MANAGED_MODEL_BASED_3D_ENGINEERING_MIM_LF { 1 0 10303 442 3 1 4 }'));
ENDSEC;

DATA;
#10=SHAPE_REPRESENTATION_RELATIONSHIP('','',#1522,#11);
#11=ADVANCED_BREP_SHAPE_REPRESENTATION('',(#1520),#2522);
#12=ELLIPSE('',#1591,0.000375558553623799,0.00026556);
#13=ELLIPSE('',#1592,0.000375558553623799,0.00026556);
#14=ELLIPSE('',#1594,0.000375558553623799,0.00026556);
#15=ELLIPSE('',#1596,0.000375558553623799,0.00026556);
#16=ELLIPSE('',#1598,0.000375558553623799,0.00026556);
#17=ELLIPSE('',#1600,0.000375558553623799,0.00026556);
#18=B_SPLINE_SURFACE_WITH_KNOTS('',3,1,((#2220,#2221),(#2222,#2223),(#2224,
#2225),(#2226,#2227)),.SURF_OF_LINEAR_EXTRUSION.,.F.,.F.,.F.,(4,4),(2,2),
(0.,1.),(0.,1.),.PIECEWISE_BEZIER_KNOTS.);
#19=B_SPLINE_SURFACE_WITH_KNOTS('',3,1,((#2237,#2238),(#2239,#2240),(#2241,
#2242),(#2243,#2244)),.SURF_OF_LINEAR_EXTRUSION.,.F.,.F.,.F.,(4,4),(2,2),
(0.,1.),(0.,1.),.PIECEWISE_BEZIER_KNOTS.);
#20=B_SPLINE_SURFACE_WITH_KNOTS('',3,1,((#2254,#2255),(#2256,#2257),(#2258,
#2259),(#2260,#2261)),.SURF_OF_LINEAR_EXTRUSION.,.F.,.F.,.F.,(4,4),(2,2),
(0.,1.),(0.,1.),.PIECEWISE_BEZIER_KNOTS.);
#21=B_SPLINE_SURFACE_WITH_KNOTS('',3,1,((#2271,#2272),(#2273,#2274),(#2275,
#2276),(#2277,#2278)),.SURF_OF_LINEAR_EXTRUSION.,.F.,.F.,.F.,(4,4),(2,2),
(0.,1.),(0.,1.),.PIECEWISE_BEZIER_KNOTS.);
#22=B_SPLINE_SURFACE_WITH_KNOTS('',3,1,((#2309,#2310),(#2311,#2312),(#2313,
#2314),(#2315,#2316)),.SURF_OF_LINEAR_EXTRUSION.,.F.,.F.,.F.,(4,4),(2,2),
(0.,1.),(0.,1.),.PIECEWISE_BEZIER_KNOTS.);
#23=B_SPLINE_SURFACE_WITH_KNOTS('',3,1,((#2326,#2327),(#2328,#2329),(#2330,
#2331),(#2332,#2333)),.SURF_OF_LINEAR_EXTRUSION.,.F.,.F.,.F.,(4,4),(2,2),
(0.,1.),(0.,1.),.PIECEWISE_BEZIER_KNOTS.);
#24=B_SPLINE_SURFACE_WITH_KNOTS('',3,1,((#2343,#2344),(#2345,#2346),(#2347,
#2348),(#2349,#2350)),.SURF_OF_LINEAR_EXTRUSION.,.F.,.F.,.F.,(4,4),(2,2),
(0.,1.),(0.,1.),.PIECEWISE_BEZIER_KNOTS.);
#25=B_SPLINE_SURFACE_WITH_KNOTS('',3,1,((#2360,#2361),(#2362,#2363),(#2364,
#2365),(#2366,#2367)),.SURF_OF_LINEAR_EXTRUSION.,.F.,.F.,.F.,(4,4),(2,2),
(0.,1.),(0.,1.),.PIECEWISE_BEZIER_KNOTS.);
#26=B_SPLINE_SURFACE_WITH_KNOTS('',3,1,((#2373,#2374),(#2375,#2376),(#2377,
#2378),(#2379,#2380)),.SURF_OF_LINEAR_EXTRUSION.,.F.,.F.,.F.,(4,4),(2,2),
(0.,1.),(0.,1.),.PIECEWISE_BEZIER_KNOTS.);
#27=B_SPLINE_SURFACE_WITH_KNOTS('',3,1,((#2386,#2387),(#2388,#2389),(#2390,
#2391),(#2392,#2393)),.SURF_OF_LINEAR_EXTRUSION.,.F.,.F.,.F.,(4,4),(2,2),
(0.,1.),(0.,1.),.PIECEWISE_BEZIER_KNOTS.);
#28=B_SPLINE_SURFACE_WITH_KNOTS('',3,1,((#2403,#2404),(#2405,#2406),(#2407,
#2408),(#2409,#2410)),.SURF_OF_LINEAR_EXTRUSION.,.F.,.F.,.F.,(4,4),(2,2),
(0.,1.),(0.,1.),.PIECEWISE_BEZIER_KNOTS.);
#29=B_SPLINE_SURFACE_WITH_KNOTS('',3,1,((#2420,#2421),(#2422,#2423),(#2424,
#2425),(#2426,#2427)),.SURF_OF_LINEAR_EXTRUSION.,.F.,.F.,.F.,(4,4),(2,2),
(0.,1.),(0.,1.),.PIECEWISE_BEZIER_KNOTS.);
#30=B_SPLINE_SURFACE_WITH_KNOTS('',3,1,((#2433,#2434),(#2435,#2436),(#2437,
#2438),(#2439,#2440)),.SURF_OF_LINEAR_EXTRUSION.,.F.,.F.,.F.,(4,4),(2,2),
(0.,1.),(0.,1.),.PIECEWISE_BEZIER_KNOTS.);
#31=B_SPLINE_SURFACE_WITH_KNOTS('',3,1,((#2452,#2453),(#2454,#2455),(#2456,
#2457),(#2458,#2459)),.SURF_OF_LINEAR_EXTRUSION.,.F.,.F.,.F.,(4,4),(2,2),
(0.,1.),(0.,1.),.PIECEWISE_BEZIER_KNOTS.);
#32=CYLINDRICAL_SURFACE('',#1553,0.0025);
#33=CYLINDRICAL_SURFACE('',#1554,0.0025);
#34=CYLINDRICAL_SURFACE('',#1571,0.000400102390874647);
#35=CYLINDRICAL_SURFACE('',#1590,0.00026556);
#36=CYLINDRICAL_SURFACE('',#1593,0.00026556);
#37=CYLINDRICAL_SURFACE('',#1595,0.00026556);
#38=CYLINDRICAL_SURFACE('',#1597,0.00026556);
#39=CYLINDRICAL_SURFACE('',#1599,0.00026556);
#40=CYLINDRICAL_SURFACE('',#1601,0.00026556);
#41=CIRCLE('',#1526,0.000400102390874647);
#42=CIRCLE('',#1534,0.0025);
#43=CIRCLE('',#1535,0.0025);
#44=CIRCLE('',#1539,0.0025);
#45=CIRCLE('',#1542,0.0025);
#46=CIRCLE('',#1552,0.0025);
#47=CIRCLE('',#1555,0.0025);
#48=CIRCLE('',#1572,0.000400102390874647);
#49=B_SPLINE_CURVE_WITH_KNOTS('',2,(#1967,#1968,#1969),.UNSPECIFIED.,.F.,
 .F.,(3,3),(0.,1.),.PIECEWISE_BEZIER_KNOTS.);
#50=B_SPLINE_CURVE_WITH_KNOTS('',2,(#1971,#1972,#1973),.UNSPECIFIED.,.F.,
 .F.,(3,3),(0.,1.),.PIECEWISE_BEZIER_KNOTS.);
#51=B_SPLINE_CURVE_WITH_KNOTS('',2,(#1977,#1978,#1979),.UNSPECIFIED.,.F.,
 .F.,(3,3),(0.,1.),.PIECEWISE_BEZIER_KNOTS.);
#52=B_SPLINE_CURVE_WITH_KNOTS('',2,(#1983,#1984,#1985),.UNSPECIFIED.,.F.,
 .F.,(3,3),(0.,1.),.PIECEWISE_BEZIER_KNOTS.);
#53=B_SPLINE_CURVE_WITH_KNOTS('',2,(#1987,#1988,#1989),.UNSPECIFIED.,.F.,
 .F.,(3,3),(0.,1.),.PIECEWISE_BEZIER_KNOTS.);
#54=B_SPLINE_CURVE_WITH_KNOTS('',2,(#1991,#1992,#1993),.UNSPECIFIED.,.F.,
 .F.,(3,3),(0.,1.),.PIECEWISE_BEZIER_KNOTS.);
#55=B_SPLINE_CURVE_WITH_KNOTS('',2,(#2228,#2229,#2230),.UNSPECIFIED.,.F.,
 .F.,(3,3),(0.,1.),.PIECEWISE_BEZIER_KNOTS.);
#56=B_SPLINE_CURVE_WITH_KNOTS('',2,(#2234,#2235,#2236),.UNSPECIFIED.,.F.,
 .F.,(3,3),(0.,1.),.PIECEWISE_BEZIER_KNOTS.);
#57=B_SPLINE_CURVE_WITH_KNOTS('',2,(#2245,#2246,#2247),.UNSPECIFIED.,.F.,
 .F.,(3,3),(0.,1.),.PIECEWISE_BEZIER_KNOTS.);
#58=B_SPLINE_CURVE_WITH_KNOTS('',2,(#2251,#2252,#2253),.UNSPECIFIED.,.F.,
 .F.,(3,3),(0.,1.),.PIECEWISE_BEZIER_KNOTS.);
#59=B_SPLINE_CURVE_WITH_KNOTS('',2,(#2262,#2263,#2264),.UNSPECIFIED.,.F.,
 .F.,(3,3),(0.,1.),.PIECEWISE_BEZIER_KNOTS.);
#60=B_SPLINE_CURVE_WITH_KNOTS('',2,(#2268,#2269,#2270),.UNSPECIFIED.,.F.,
 .F.,(3,3),(0.,1.),.PIECEWISE_BEZIER_KNOTS.);
#61=B_SPLINE_CURVE_WITH_KNOTS('',2,(#2279,#2280,#2281),.UNSPECIFIED.,.F.,
 .F.,(3,3),(0.,1.),.PIECEWISE_BEZIER_KNOTS.);
#62=B_SPLINE_CURVE_WITH_KNOTS('',2,(#2285,#2286,#2287),.UNSPECIFIED.,.F.,
 .F.,(3,3),(0.,1.),.PIECEWISE_BEZIER_KNOTS.);
#63=B_SPLINE_CURVE_WITH_KNOTS('',2,(#2317,#2318,#2319),.UNSPECIFIED.,.F.,
 .F.,(3,3),(0.,1.),.PIECEWISE_BEZIER_KNOTS.);
#64=B_SPLINE_CURVE_WITH_KNOTS('',2,(#2323,#2324,#2325),.UNSPECIFIED.,.F.,
 .F.,(3,3),(0.,1.),.PIECEWISE_BEZIER_KNOTS.);
#65=B_SPLINE_CURVE_WITH_KNOTS('',2,(#2334,#2335,#2336),.UNSPECIFIED.,.F.,
 .F.,(3,3),(0.,1.),.PIECEWISE_BEZIER_KNOTS.);
#66=B_SPLINE_CURVE_WITH_KNOTS('',2,(#2340,#2341,#2342),.UNSPECIFIED.,.F.,
 .F.,(3,3),(0.,1.),.PIECEWISE_BEZIER_KNOTS.);
#67=B_SPLINE_CURVE_WITH_KNOTS('',2,(#2351,#2352,#2353),.UNSPECIFIED.,.F.,
 .F.,(3,3),(0.,1.),.PIECEWISE_BEZIER_KNOTS.);
#68=B_SPLINE_CURVE_WITH_KNOTS('',2,(#2357,#2358,#2359),.UNSPECIFIED.,.F.,
 .F.,(3,3),(0.,1.),.PIECEWISE_BEZIER_KNOTS.);
#69=B_SPLINE_CURVE_WITH_KNOTS('',2,(#2370,#2371,#2372),.UNSPECIFIED.,.F.,
 .F.,(3,3),(0.,1.),.PIECEWISE_BEZIER_KNOTS.);
#70=B_SPLINE_CURVE_WITH_KNOTS('',2,(#2383,#2384,#2385),.UNSPECIFIED.,.F.,
 .F.,(3,3),(0.,1.),.PIECEWISE_BEZIER_KNOTS.);
#71=B_SPLINE_CURVE_WITH_KNOTS('',2,(#2396,#2397,#2398),.UNSPECIFIED.,.F.,
 .F.,(3,3),(0.,1.),.PIECEWISE_BEZIER_KNOTS.);
#72=B_SPLINE_CURVE_WITH_KNOTS('',2,(#2413,#2414,#2415),.UNSPECIFIED.,.F.,
 .F.,(3,3),(0.,1.),.PIECEWISE_BEZIER_KNOTS.);
#73=B_SPLINE_CURVE_WITH_KNOTS('',2,(#2430,#2431,#2432),.UNSPECIFIED.,.F.,
 .F.,(3,3),(0.,1.),.PIECEWISE_BEZIER_KNOTS.);
#74=B_SPLINE_CURVE_WITH_KNOTS('',2,(#2443,#2444,#2445),.UNSPECIFIED.,.F.,
 .F.,(3,3),(0.,1.),.PIECEWISE_BEZIER_KNOTS.);
#75=B_SPLINE_CURVE_WITH_KNOTS('',2,(#2460,#2461,#2462),.UNSPECIFIED.,.F.,
 .F.,(3,3),(0.,1.),.PIECEWISE_BEZIER_KNOTS.);
#76=B_SPLINE_CURVE_WITH_KNOTS('',2,(#2463,#2464,#2465),.UNSPECIFIED.,.F.,
 .F.,(3,3),(0.,1.),.PIECEWISE_BEZIER_KNOTS.);
#77=ORIENTED_EDGE('',*,*,#507,.F.);
#78=ORIENTED_EDGE('',*,*,#508,.T.);
#79=ORIENTED_EDGE('',*,*,#509,.T.);
#80=ORIENTED_EDGE('',*,*,#510,.T.);
#81=ORIENTED_EDGE('',*,*,#511,.F.);
#82=ORIENTED_EDGE('',*,*,#512,.T.);
#83=ORIENTED_EDGE('',*,*,#513,.T.);
#84=ORIENTED_EDGE('',*,*,#514,.T.);
#85=ORIENTED_EDGE('',*,*,#515,.T.);
#86=ORIENTED_EDGE('',*,*,#516,.T.);
#87=ORIENTED_EDGE('',*,*,#517,.T.);
#88=ORIENTED_EDGE('',*,*,#518,.T.);
#89=ORIENTED_EDGE('',*,*,#519,.F.);
#90=ORIENTED_EDGE('',*,*,#520,.T.);
#91=ORIENTED_EDGE('',*,*,#521,.T.);
#92=ORIENTED_EDGE('',*,*,#522,.T.);
#93=ORIENTED_EDGE('',*,*,#523,.T.);
#94=ORIENTED_EDGE('',*,*,#524,.T.);
#95=ORIENTED_EDGE('',*,*,#525,.T.);
#96=ORIENTED_EDGE('',*,*,#526,.T.);
#97=ORIENTED_EDGE('',*,*,#527,.T.);
#98=ORIENTED_EDGE('',*,*,#528,.T.);
#99=ORIENTED_EDGE('',*,*,#529,.T.);
#100=ORIENTED_EDGE('',*,*,#530,.F.);
#101=ORIENTED_EDGE('',*,*,#531,.F.);
#102=ORIENTED_EDGE('',*,*,#532,.F.);
#103=ORIENTED_EDGE('',*,*,#533,.F.);
#104=ORIENTED_EDGE('',*,*,#534,.T.);
#105=ORIENTED_EDGE('',*,*,#535,.T.);
#106=ORIENTED_EDGE('',*,*,#536,.T.);
#107=ORIENTED_EDGE('',*,*,#537,.T.);
#108=ORIENTED_EDGE('',*,*,#538,.F.);
#109=ORIENTED_EDGE('',*,*,#539,.F.);
#110=ORIENTED_EDGE('',*,*,#540,.F.);
#111=ORIENTED_EDGE('',*,*,#541,.F.);
#112=ORIENTED_EDGE('',*,*,#542,.F.);
#113=ORIENTED_EDGE('',*,*,#543,.F.);
#114=ORIENTED_EDGE('',*,*,#544,.F.);
#115=ORIENTED_EDGE('',*,*,#545,.T.);
#116=ORIENTED_EDGE('',*,*,#546,.T.);
#117=ORIENTED_EDGE('',*,*,#547,.T.);
#118=ORIENTED_EDGE('',*,*,#548,.T.);
#119=ORIENTED_EDGE('',*,*,#549,.F.);
#120=ORIENTED_EDGE('',*,*,#550,.F.);
#121=ORIENTED_EDGE('',*,*,#551,.F.);
#122=ORIENTED_EDGE('',*,*,#552,.F.);
#123=ORIENTED_EDGE('',*,*,#553,.T.);
#124=ORIENTED_EDGE('',*,*,#554,.F.);
#125=ORIENTED_EDGE('',*,*,#555,.F.);
#126=ORIENTED_EDGE('',*,*,#530,.T.);
#127=ORIENTED_EDGE('',*,*,#556,.F.);
#128=ORIENTED_EDGE('',*,*,#557,.T.);
#129=ORIENTED_EDGE('',*,*,#558,.T.);
#130=ORIENTED_EDGE('',*,*,#519,.T.);
#131=ORIENTED_EDGE('',*,*,#559,.F.);
#132=ORIENTED_EDGE('',*,*,#560,.T.);
#133=ORIENTED_EDGE('',*,*,#561,.T.);
#134=ORIENTED_EDGE('',*,*,#507,.T.);
#135=ORIENTED_EDGE('',*,*,#562,.F.);
#136=ORIENTED_EDGE('',*,*,#563,.T.);
#137=ORIENTED_EDGE('',*,*,#564,.T.);
#138=ORIENTED_EDGE('',*,*,#511,.T.);
#139=ORIENTED_EDGE('',*,*,#565,.T.);
#140=ORIENTED_EDGE('',*,*,#548,.F.);
#141=ORIENTED_EDGE('',*,*,#566,.F.);
#142=ORIENTED_EDGE('',*,*,#567,.T.);
#143=ORIENTED_EDGE('',*,*,#568,.F.);
#144=ORIENTED_EDGE('',*,*,#569,.F.);
#145=ORIENTED_EDGE('',*,*,#570,.T.);
#146=ORIENTED_EDGE('',*,*,#571,.T.);
#147=ORIENTED_EDGE('',*,*,#572,.T.);
#148=ORIENTED_EDGE('',*,*,#573,.F.);
#149=ORIENTED_EDGE('',*,*,#574,.T.);
#150=ORIENTED_EDGE('',*,*,#575,.T.);
#151=ORIENTED_EDGE('',*,*,#576,.F.);
#152=ORIENTED_EDGE('',*,*,#573,.T.);
#153=ORIENTED_EDGE('',*,*,#577,.T.);
#154=ORIENTED_EDGE('',*,*,#578,.T.);
#155=ORIENTED_EDGE('',*,*,#579,.T.);
#156=ORIENTED_EDGE('',*,*,#569,.T.);
#157=ORIENTED_EDGE('',*,*,#580,.T.);
#158=ORIENTED_EDGE('',*,*,#581,.F.);
#159=ORIENTED_EDGE('',*,*,#582,.F.);
#160=ORIENTED_EDGE('',*,*,#583,.F.);
#161=ORIENTED_EDGE('',*,*,#584,.F.);
#162=ORIENTED_EDGE('',*,*,#553,.F.);
#163=ORIENTED_EDGE('',*,*,#585,.T.);
#164=ORIENTED_EDGE('',*,*,#544,.T.);
#165=ORIENTED_EDGE('',*,*,#586,.F.);
#166=ORIENTED_EDGE('',*,*,#587,.T.);
#167=ORIENTED_EDGE('',*,*,#588,.T.);
#168=ORIENTED_EDGE('',*,*,#541,.T.);
#169=ORIENTED_EDGE('',*,*,#589,.F.);
#170=ORIENTED_EDGE('',*,*,#534,.F.);
#171=ORIENTED_EDGE('',*,*,#590,.F.);
#172=ORIENTED_EDGE('',*,*,#591,.F.);
#173=ORIENTED_EDGE('',*,*,#592,.T.);
#174=ORIENTED_EDGE('',*,*,#575,.F.);
#175=ORIENTED_EDGE('',*,*,#593,.T.);
#176=ORIENTED_EDGE('',*,*,#594,.T.);
#177=ORIENTED_EDGE('',*,*,#595,.F.);
#178=ORIENTED_EDGE('',*,*,#596,.F.);
#179=ORIENTED_EDGE('',*,*,#597,.T.);
#180=ORIENTED_EDGE('',*,*,#598,.F.);
#181=ORIENTED_EDGE('',*,*,#531,.T.);
#182=ORIENTED_EDGE('',*,*,#555,.T.);
#183=ORIENTED_EDGE('',*,*,#599,.T.);
#184=ORIENTED_EDGE('',*,*,#600,.T.);
#185=ORIENTED_EDGE('',*,*,#601,.F.);
#186=ORIENTED_EDGE('',*,*,#566,.T.);
#187=ORIENTED_EDGE('',*,*,#547,.F.);
#188=ORIENTED_EDGE('',*,*,#602,.F.);
#189=ORIENTED_EDGE('',*,*,#603,.T.);
#190=ORIENTED_EDGE('',*,*,#604,.F.);
#191=ORIENTED_EDGE('',*,*,#605,.T.);
#192=ORIENTED_EDGE('',*,*,#606,.F.);
#193=ORIENTED_EDGE('',*,*,#607,.F.);
#194=ORIENTED_EDGE('',*,*,#549,.T.);
#195=ORIENTED_EDGE('',*,*,#565,.F.);
#196=ORIENTED_EDGE('',*,*,#537,.F.);
#197=ORIENTED_EDGE('',*,*,#608,.F.);
#198=ORIENTED_EDGE('',*,*,#607,.T.);
#199=ORIENTED_EDGE('',*,*,#609,.T.);
#200=ORIENTED_EDGE('',*,*,#608,.T.);
#201=ORIENTED_EDGE('',*,*,#536,.F.);
#202=ORIENTED_EDGE('',*,*,#610,.F.);
#203=ORIENTED_EDGE('',*,*,#539,.T.);
#204=ORIENTED_EDGE('',*,*,#540,.T.);
#205=ORIENTED_EDGE('',*,*,#610,.T.);
#206=ORIENTED_EDGE('',*,*,#535,.F.);
#207=ORIENTED_EDGE('',*,*,#589,.T.);
#208=ORIENTED_EDGE('',*,*,#598,.T.);
#209=ORIENTED_EDGE('',*,*,#611,.T.);
#210=ORIENTED_EDGE('',*,*,#602,.T.);
#211=ORIENTED_EDGE('',*,*,#546,.F.);
#212=ORIENTED_EDGE('',*,*,#612,.F.);
#213=ORIENTED_EDGE('',*,*,#551,.T.);
#214=ORIENTED_EDGE('',*,*,#552,.T.);
#215=ORIENTED_EDGE('',*,*,#612,.T.);
#216=ORIENTED_EDGE('',*,*,#545,.F.);
#217=ORIENTED_EDGE('',*,*,#585,.F.);
#218=ORIENTED_EDGE('',*,*,#593,.F.);
#219=ORIENTED_EDGE('',*,*,#574,.F.);
#220=ORIENTED_EDGE('',*,*,#582,.T.);
#221=ORIENTED_EDGE('',*,*,#613,.T.);
#222=ORIENTED_EDGE('',*,*,#595,.T.);
#223=ORIENTED_EDGE('',*,*,#614,.F.);
#224=ORIENTED_EDGE('',*,*,#580,.F.);
#225=ORIENTED_EDGE('',*,*,#576,.T.);
#226=ORIENTED_EDGE('',*,*,#594,.F.);
#227=ORIENTED_EDGE('',*,*,#613,.F.);
#228=ORIENTED_EDGE('',*,*,#581,.T.);
#229=ORIENTED_EDGE('',*,*,#614,.T.);
#230=ORIENTED_EDGE('',*,*,#615,.F.);
#231=ORIENTED_EDGE('',*,*,#616,.T.);
#232=ORIENTED_EDGE('',*,*,#617,.T.);
#233=ORIENTED_EDGE('',*,*,#600,.F.);
#234=ORIENTED_EDGE('',*,*,#618,.T.);
#235=ORIENTED_EDGE('',*,*,#619,.T.);
#236=ORIENTED_EDGE('',*,*,#615,.T.);
#237=ORIENTED_EDGE('',*,*,#599,.F.);
#238=ORIENTED_EDGE('',*,*,#554,.T.);
#239=ORIENTED_EDGE('',*,*,#620,.T.);
#240=ORIENTED_EDGE('',*,*,#617,.F.);
#241=ORIENTED_EDGE('',*,*,#621,.T.);
#242=ORIENTED_EDGE('',*,*,#622,.T.);
#243=ORIENTED_EDGE('',*,*,#623,.F.);
#244=ORIENTED_EDGE('',*,*,#567,.F.);
#245=ORIENTED_EDGE('',*,*,#601,.T.);
#246=ORIENTED_EDGE('',*,*,#623,.T.);
#247=ORIENTED_EDGE('',*,*,#624,.T.);
#248=ORIENTED_EDGE('',*,*,#620,.F.);
#249=ORIENTED_EDGE('',*,*,#568,.T.);
#250=ORIENTED_EDGE('',*,*,#596,.T.);
#251=ORIENTED_EDGE('',*,*,#625,.T.);
#252=ORIENTED_EDGE('',*,*,#584,.T.);
#253=ORIENTED_EDGE('',*,*,#625,.F.);
#254=ORIENTED_EDGE('',*,*,#603,.F.);
#255=ORIENTED_EDGE('',*,*,#611,.F.);
#256=ORIENTED_EDGE('',*,*,#597,.F.);
#257=ORIENTED_EDGE('',*,*,#604,.T.);
#258=ORIENTED_EDGE('',*,*,#609,.F.);
#259=ORIENTED_EDGE('',*,*,#606,.T.);
#260=ORIENTED_EDGE('',*,*,#626,.F.);
#261=ORIENTED_EDGE('',*,*,#583,.T.);
#262=ORIENTED_EDGE('',*,*,#626,.T.);
#263=ORIENTED_EDGE('',*,*,#605,.F.);
#264=ORIENTED_EDGE('',*,*,#533,.T.);
#265=ORIENTED_EDGE('',*,*,#627,.F.);
#266=ORIENTED_EDGE('',*,*,#628,.F.);
#267=ORIENTED_EDGE('',*,*,#590,.T.);
#268=ORIENTED_EDGE('',*,*,#532,.T.);
#269=ORIENTED_EDGE('',*,*,#629,.F.);
#270=ORIENTED_EDGE('',*,*,#630,.F.);
#271=ORIENTED_EDGE('',*,*,#627,.T.);
#272=ORIENTED_EDGE('',*,*,#550,.T.);
#273=ORIENTED_EDGE('',*,*,#592,.F.);
#274=ORIENTED_EDGE('',*,*,#631,.F.);
#275=ORIENTED_EDGE('',*,*,#629,.T.);
#276=ORIENTED_EDGE('',*,*,#591,.T.);
#277=ORIENTED_EDGE('',*,*,#628,.T.);
#278=ORIENTED_EDGE('',*,*,#630,.T.);
#279=ORIENTED_EDGE('',*,*,#631,.T.);
#280=ORIENTED_EDGE('',*,*,#543,.T.);
#281=ORIENTED_EDGE('',*,*,#632,.F.);
#282=ORIENTED_EDGE('',*,*,#633,.F.);
#283=ORIENTED_EDGE('',*,*,#586,.T.);
#284=ORIENTED_EDGE('',*,*,#542,.T.);
#285=ORIENTED_EDGE('',*,*,#634,.F.);
#286=ORIENTED_EDGE('',*,*,#635,.F.);
#287=ORIENTED_EDGE('',*,*,#632,.T.);
#288=ORIENTED_EDGE('',*,*,#538,.T.);
#289=ORIENTED_EDGE('',*,*,#588,.F.);
#290=ORIENTED_EDGE('',*,*,#636,.F.);
#291=ORIENTED_EDGE('',*,*,#634,.T.);
#292=ORIENTED_EDGE('',*,*,#587,.F.);
#293=ORIENTED_EDGE('',*,*,#633,.T.);
#294=ORIENTED_EDGE('',*,*,#635,.T.);
#295=ORIENTED_EDGE('',*,*,#636,.T.);
#296=ORIENTED_EDGE('',*,*,#637,.F.);
#297=ORIENTED_EDGE('',*,*,#638,.F.);
#298=ORIENTED_EDGE('',*,*,#639,.T.);
#299=ORIENTED_EDGE('',*,*,#640,.T.);
#300=ORIENTED_EDGE('',*,*,#641,.F.);
#301=ORIENTED_EDGE('',*,*,#642,.F.);
#302=ORIENTED_EDGE('',*,*,#643,.T.);
#303=ORIENTED_EDGE('',*,*,#638,.T.);
#304=ORIENTED_EDGE('',*,*,#644,.F.);
#305=ORIENTED_EDGE('',*,*,#645,.F.);
#306=ORIENTED_EDGE('',*,*,#646,.T.);
#307=ORIENTED_EDGE('',*,*,#642,.T.);
#308=ORIENTED_EDGE('',*,*,#647,.F.);
#309=ORIENTED_EDGE('',*,*,#648,.F.);
#310=ORIENTED_EDGE('',*,*,#649,.T.);
#311=ORIENTED_EDGE('',*,*,#645,.T.);
#312=ORIENTED_EDGE('',*,*,#650,.F.);
#313=ORIENTED_EDGE('',*,*,#651,.F.);
#314=ORIENTED_EDGE('',*,*,#652,.T.);
#315=ORIENTED_EDGE('',*,*,#648,.T.);
#316=ORIENTED_EDGE('',*,*,#653,.F.);
#317=ORIENTED_EDGE('',*,*,#654,.F.);
#318=ORIENTED_EDGE('',*,*,#655,.T.);
#319=ORIENTED_EDGE('',*,*,#651,.T.);
#320=ORIENTED_EDGE('',*,*,#656,.F.);
#321=ORIENTED_EDGE('',*,*,#657,.F.);
#322=ORIENTED_EDGE('',*,*,#658,.T.);
#323=ORIENTED_EDGE('',*,*,#659,.T.);
#324=ORIENTED_EDGE('',*,*,#660,.F.);
#325=ORIENTED_EDGE('',*,*,#661,.F.);
#326=ORIENTED_EDGE('',*,*,#662,.T.);
#327=ORIENTED_EDGE('',*,*,#657,.T.);
#328=ORIENTED_EDGE('',*,*,#663,.F.);
#329=ORIENTED_EDGE('',*,*,#664,.F.);
#330=ORIENTED_EDGE('',*,*,#665,.T.);
#331=ORIENTED_EDGE('',*,*,#661,.T.);
#332=ORIENTED_EDGE('',*,*,#666,.F.);
#333=ORIENTED_EDGE('',*,*,#667,.F.);
#334=ORIENTED_EDGE('',*,*,#668,.T.);
#335=ORIENTED_EDGE('',*,*,#664,.T.);
#336=ORIENTED_EDGE('',*,*,#669,.F.);
#337=ORIENTED_EDGE('',*,*,#670,.F.);
#338=ORIENTED_EDGE('',*,*,#671,.T.);
#339=ORIENTED_EDGE('',*,*,#667,.T.);
#340=ORIENTED_EDGE('',*,*,#672,.F.);
#341=ORIENTED_EDGE('',*,*,#673,.F.);
#342=ORIENTED_EDGE('',*,*,#674,.T.);
#343=ORIENTED_EDGE('',*,*,#670,.T.);
#344=ORIENTED_EDGE('',*,*,#529,.F.);
#345=ORIENTED_EDGE('',*,*,#675,.F.);
#346=ORIENTED_EDGE('',*,*,#676,.T.);
#347=ORIENTED_EDGE('',*,*,#556,.T.);
#348=ORIENTED_EDGE('',*,*,#528,.F.);
#349=ORIENTED_EDGE('',*,*,#677,.F.);
#350=ORIENTED_EDGE('',*,*,#678,.T.);
#351=ORIENTED_EDGE('',*,*,#675,.T.);
#352=ORIENTED_EDGE('',*,*,#527,.F.);
#353=ORIENTED_EDGE('',*,*,#679,.F.);
#354=ORIENTED_EDGE('',*,*,#680,.T.);
#355=ORIENTED_EDGE('',*,*,#677,.T.);
#356=ORIENTED_EDGE('',*,*,#526,.F.);
#357=ORIENTED_EDGE('',*,*,#681,.F.);
#358=ORIENTED_EDGE('',*,*,#682,.T.);
#359=ORIENTED_EDGE('',*,*,#679,.T.);
#360=ORIENTED_EDGE('',*,*,#525,.F.);
#361=ORIENTED_EDGE('',*,*,#683,.F.);
#362=ORIENTED_EDGE('',*,*,#684,.T.);
#363=ORIENTED_EDGE('',*,*,#681,.T.);
#364=ORIENTED_EDGE('',*,*,#524,.F.);
#365=ORIENTED_EDGE('',*,*,#685,.F.);
#366=ORIENTED_EDGE('',*,*,#686,.T.);
#367=ORIENTED_EDGE('',*,*,#683,.T.);
#368=ORIENTED_EDGE('',*,*,#523,.F.);
#369=ORIENTED_EDGE('',*,*,#687,.F.);
#370=ORIENTED_EDGE('',*,*,#688,.T.);
#371=ORIENTED_EDGE('',*,*,#685,.T.);
#372=ORIENTED_EDGE('',*,*,#522,.F.);
#373=ORIENTED_EDGE('',*,*,#689,.F.);
#374=ORIENTED_EDGE('',*,*,#690,.T.);
#375=ORIENTED_EDGE('',*,*,#687,.T.);
#376=ORIENTED_EDGE('',*,*,#521,.F.);
#377=ORIENTED_EDGE('',*,*,#691,.F.);
#378=ORIENTED_EDGE('',*,*,#692,.T.);
#379=ORIENTED_EDGE('',*,*,#689,.T.);
#380=ORIENTED_EDGE('',*,*,#520,.F.);
#381=ORIENTED_EDGE('',*,*,#558,.F.);
#382=ORIENTED_EDGE('',*,*,#693,.T.);
#383=ORIENTED_EDGE('',*,*,#691,.T.);
#384=ORIENTED_EDGE('',*,*,#694,.F.);
#385=ORIENTED_EDGE('',*,*,#659,.F.);
#386=ORIENTED_EDGE('',*,*,#695,.T.);
#387=ORIENTED_EDGE('',*,*,#673,.T.);
#388=ORIENTED_EDGE('',*,*,#696,.F.);
#389=ORIENTED_EDGE('',*,*,#640,.F.);
#390=ORIENTED_EDGE('',*,*,#697,.T.);
#391=ORIENTED_EDGE('',*,*,#654,.T.);
#392=ORIENTED_EDGE('',*,*,#676,.F.);
#393=ORIENTED_EDGE('',*,*,#678,.F.);
#394=ORIENTED_EDGE('',*,*,#680,.F.);
#395=ORIENTED_EDGE('',*,*,#682,.F.);
#396=ORIENTED_EDGE('',*,*,#684,.F.);
#397=ORIENTED_EDGE('',*,*,#686,.F.);
#398=ORIENTED_EDGE('',*,*,#688,.F.);
#399=ORIENTED_EDGE('',*,*,#690,.F.);
#400=ORIENTED_EDGE('',*,*,#692,.F.);
#401=ORIENTED_EDGE('',*,*,#693,.F.);
#402=ORIENTED_EDGE('',*,*,#557,.F.);
#403=ORIENTED_EDGE('',*,*,#658,.F.);
#404=ORIENTED_EDGE('',*,*,#662,.F.);
#405=ORIENTED_EDGE('',*,*,#665,.F.);
#406=ORIENTED_EDGE('',*,*,#668,.F.);
#407=ORIENTED_EDGE('',*,*,#671,.F.);
#408=ORIENTED_EDGE('',*,*,#674,.F.);
#409=ORIENTED_EDGE('',*,*,#695,.F.);
#410=ORIENTED_EDGE('',*,*,#639,.F.);
#411=ORIENTED_EDGE('',*,*,#643,.F.);
#412=ORIENTED_EDGE('',*,*,#646,.F.);
#413=ORIENTED_EDGE('',*,*,#649,.F.);
#414=ORIENTED_EDGE('',*,*,#652,.F.);
#415=ORIENTED_EDGE('',*,*,#655,.F.);
#416=ORIENTED_EDGE('',*,*,#697,.F.);
#417=ORIENTED_EDGE('',*,*,#637,.T.);
#418=ORIENTED_EDGE('',*,*,#696,.T.);
#419=ORIENTED_EDGE('',*,*,#653,.T.);
#420=ORIENTED_EDGE('',*,*,#650,.T.);
#421=ORIENTED_EDGE('',*,*,#647,.T.);
#422=ORIENTED_EDGE('',*,*,#644,.T.);
#423=ORIENTED_EDGE('',*,*,#641,.T.);
#424=ORIENTED_EDGE('',*,*,#656,.T.);
#425=ORIENTED_EDGE('',*,*,#694,.T.);
#426=ORIENTED_EDGE('',*,*,#672,.T.);
#427=ORIENTED_EDGE('',*,*,#669,.T.);
#428=ORIENTED_EDGE('',*,*,#666,.T.);
#429=ORIENTED_EDGE('',*,*,#663,.T.);
#430=ORIENTED_EDGE('',*,*,#660,.T.);
#431=ORIENTED_EDGE('',*,*,#508,.F.);
#432=ORIENTED_EDGE('',*,*,#561,.F.);
#433=ORIENTED_EDGE('',*,*,#698,.T.);
#434=ORIENTED_EDGE('',*,*,#699,.T.);
#435=ORIENTED_EDGE('',*,*,#518,.F.);
#436=ORIENTED_EDGE('',*,*,#700,.F.);
#437=ORIENTED_EDGE('',*,*,#701,.T.);
#438=ORIENTED_EDGE('',*,*,#559,.T.);
#439=ORIENTED_EDGE('',*,*,#517,.F.);
#440=ORIENTED_EDGE('',*,*,#702,.F.);
#441=ORIENTED_EDGE('',*,*,#703,.T.);
#442=ORIENTED_EDGE('',*,*,#700,.T.);
#443=ORIENTED_EDGE('',*,*,#516,.F.);
#444=ORIENTED_EDGE('',*,*,#704,.F.);
#445=ORIENTED_EDGE('',*,*,#705,.T.);
#446=ORIENTED_EDGE('',*,*,#702,.T.);
#447=ORIENTED_EDGE('',*,*,#515,.F.);
#448=ORIENTED_EDGE('',*,*,#706,.F.);
#449=ORIENTED_EDGE('',*,*,#707,.T.);
#450=ORIENTED_EDGE('',*,*,#704,.T.);
#451=ORIENTED_EDGE('',*,*,#514,.F.);
#452=ORIENTED_EDGE('',*,*,#708,.F.);
#453=ORIENTED_EDGE('',*,*,#709,.T.);
#454=ORIENTED_EDGE('',*,*,#706,.T.);
#455=ORIENTED_EDGE('',*,*,#513,.F.);
#456=ORIENTED_EDGE('',*,*,#710,.F.);
#457=ORIENTED_EDGE('',*,*,#711,.T.);
#458=ORIENTED_EDGE('',*,*,#708,.T.);
#459=ORIENTED_EDGE('',*,*,#512,.F.);
#460=ORIENTED_EDGE('',*,*,#564,.F.);
#461=ORIENTED_EDGE('',*,*,#712,.T.);
#462=ORIENTED_EDGE('',*,*,#710,.T.);
#463=ORIENTED_EDGE('',*,*,#510,.F.);
#464=ORIENTED_EDGE('',*,*,#713,.F.);
#465=ORIENTED_EDGE('',*,*,#714,.T.);
#466=ORIENTED_EDGE('',*,*,#562,.T.);
#467=ORIENTED_EDGE('',*,*,#509,.F.);
#468=ORIENTED_EDGE('',*,*,#699,.F.);
#469=ORIENTED_EDGE('',*,*,#715,.T.);
#470=ORIENTED_EDGE('',*,*,#713,.T.);
#471=ORIENTED_EDGE('',*,*,#698,.F.);
#472=ORIENTED_EDGE('',*,*,#560,.F.);
#473=ORIENTED_EDGE('',*,*,#701,.F.);
#474=ORIENTED_EDGE('',*,*,#703,.F.);
#475=ORIENTED_EDGE('',*,*,#705,.F.);
#476=ORIENTED_EDGE('',*,*,#707,.F.);
#477=ORIENTED_EDGE('',*,*,#709,.F.);
#478=ORIENTED_EDGE('',*,*,#711,.F.);
#479=ORIENTED_EDGE('',*,*,#712,.F.);
#480=ORIENTED_EDGE('',*,*,#563,.F.);
#481=ORIENTED_EDGE('',*,*,#714,.F.);
#482=ORIENTED_EDGE('',*,*,#715,.F.);
#483=ORIENTED_EDGE('',*,*,#716,.F.);
#484=ORIENTED_EDGE('',*,*,#618,.F.);
#485=ORIENTED_EDGE('',*,*,#717,.F.);
#486=ORIENTED_EDGE('',*,*,#577,.F.);
#487=ORIENTED_EDGE('',*,*,#717,.T.);
#488=ORIENTED_EDGE('',*,*,#624,.F.);
#489=ORIENTED_EDGE('',*,*,#718,.F.);
#490=ORIENTED_EDGE('',*,*,#578,.F.);
#491=ORIENTED_EDGE('',*,*,#716,.T.);
#492=ORIENTED_EDGE('',*,*,#572,.F.);
#493=ORIENTED_EDGE('',*,*,#719,.F.);
#494=ORIENTED_EDGE('',*,*,#619,.F.);
#495=ORIENTED_EDGE('',*,*,#718,.T.);
#496=ORIENTED_EDGE('',*,*,#622,.F.);
#497=ORIENTED_EDGE('',*,*,#720,.F.);
#498=ORIENTED_EDGE('',*,*,#579,.F.);
#499=ORIENTED_EDGE('',*,*,#719,.T.);
#500=ORIENTED_EDGE('',*,*,#571,.F.);
#501=ORIENTED_EDGE('',*,*,#721,.F.);
#502=ORIENTED_EDGE('',*,*,#616,.F.);
#503=ORIENTED_EDGE('',*,*,#720,.T.);
#504=ORIENTED_EDGE('',*,*,#621,.F.);
#505=ORIENTED_EDGE('',*,*,#721,.T.);
#506=ORIENTED_EDGE('',*,*,#570,.F.);
#507=EDGE_CURVE('',#722,#723,#862,.T.);
#508=EDGE_CURVE('',#722,#724,#863,.T.);
#509=EDGE_CURVE('',#724,#725,#864,.T.);
#510=EDGE_CURVE('',#725,#723,#865,.T.);
#511=EDGE_CURVE('',#726,#727,#866,.T.);
#512=EDGE_CURVE('',#726,#728,#867,.T.);
#513=EDGE_CURVE('',#728,#729,#868,.T.);
#514=EDGE_CURVE('',#729,#730,#869,.T.);
#515=EDGE_CURVE('',#730,#731,#870,.T.);
#516=EDGE_CURVE('',#731,#732,#871,.T.);
#517=EDGE_CURVE('',#732,#733,#872,.T.);
#518=EDGE_CURVE('',#733,#734,#873,.T.);
#519=EDGE_CURVE('',#735,#734,#874,.T.);
#520=EDGE_CURVE('',#735,#736,#875,.T.);
#521=EDGE_CURVE('',#736,#737,#876,.T.);
#522=EDGE_CURVE('',#737,#738,#49,.T.);
#523=EDGE_CURVE('',#738,#739,#50,.T.);
#524=EDGE_CURVE('',#739,#740,#41,.T.);
#525=EDGE_CURVE('',#740,#741,#51,.T.);
#526=EDGE_CURVE('',#741,#742,#877,.T.);
#527=EDGE_CURVE('',#742,#743,#52,.T.);
#528=EDGE_CURVE('',#743,#744,#53,.T.);
#529=EDGE_CURVE('',#744,#745,#54,.T.);
#530=EDGE_CURVE('',#746,#745,#878,.T.);
#531=EDGE_CURVE('',#747,#746,#879,.T.);
#532=EDGE_CURVE('',#748,#747,#880,.T.);
#533=EDGE_CURVE('',#749,#748,#881,.T.);
#534=EDGE_CURVE('',#749,#750,#882,.T.);
#535=EDGE_CURVE('',#750,#751,#883,.T.);
#536=EDGE_CURVE('',#751,#752,#884,.T.);
#537=EDGE_CURVE('',#752,#727,#885,.T.);
#538=EDGE_CURVE('',#753,#754,#886,.T.);
#539=EDGE_CURVE('',#755,#753,#887,.T.);
#540=EDGE_CURVE('',#756,#755,#888,.T.);
#541=EDGE_CURVE('',#754,#756,#889,.T.);
#542=EDGE_CURVE('',#757,#753,#890,.T.);
#543=EDGE_CURVE('',#758,#757,#891,.T.);
#544=EDGE_CURVE('',#759,#758,#892,.T.);
#545=EDGE_CURVE('',#759,#760,#893,.T.);
#546=EDGE_CURVE('',#760,#761,#894,.T.);
#547=EDGE_CURVE('',#761,#762,#895,.T.);
#548=EDGE_CURVE('',#762,#763,#896,.T.);
#549=EDGE_CURVE('',#753,#763,#897,.T.);
#550=EDGE_CURVE('',#747,#764,#898,.T.);
#551=EDGE_CURVE('',#765,#747,#899,.T.);
#552=EDGE_CURVE('',#766,#765,#900,.T.);
#553=EDGE_CURVE('',#766,#764,#901,.T.);
#554=EDGE_CURVE('',#767,#768,#902,.T.);
#555=EDGE_CURVE('',#746,#767,#903,.T.);
#556=EDGE_CURVE('',#769,#745,#904,.T.);
#557=EDGE_CURVE('',#769,#770,#905,.T.);
#558=EDGE_CURVE('',#770,#735,#906,.T.);
#559=EDGE_CURVE('',#771,#734,#907,.T.);
#560=EDGE_CURVE('',#771,#772,#908,.T.);
#561=EDGE_CURVE('',#772,#722,#909,.T.);
#562=EDGE_CURVE('',#773,#723,#910,.T.);
#563=EDGE_CURVE('',#773,#774,#911,.T.);
#564=EDGE_CURVE('',#774,#726,#912,.T.);
#565=EDGE_CURVE('',#727,#763,#913,.T.);
#566=EDGE_CURVE('',#775,#762,#914,.T.);
#567=EDGE_CURVE('',#775,#776,#915,.T.);
#568=EDGE_CURVE('',#768,#776,#916,.T.);
#569=EDGE_CURVE('',#777,#778,#917,.T.);
#570=EDGE_CURVE('',#777,#779,#918,.T.);
#571=EDGE_CURVE('',#779,#780,#919,.F.);
#572=EDGE_CURVE('',#780,#781,#920,.F.);
#573=EDGE_CURVE('',#782,#781,#921,.T.);
#574=EDGE_CURVE('',#782,#783,#922,.T.);
#575=EDGE_CURVE('',#783,#784,#923,.T.);
#576=EDGE_CURVE('',#778,#784,#924,.T.);
#577=EDGE_CURVE('',#781,#785,#925,.T.);
#578=EDGE_CURVE('',#785,#786,#926,.T.);
#579=EDGE_CURVE('',#786,#777,#927,.F.);
#580=EDGE_CURVE('',#778,#787,#928,.T.);
#581=EDGE_CURVE('',#788,#787,#929,.T.);
#582=EDGE_CURVE('',#782,#788,#930,.T.);
#583=EDGE_CURVE('',#789,#789,#42,.T.);
#584=EDGE_CURVE('',#790,#790,#43,.T.);
#585=EDGE_CURVE('',#766,#759,#931,.T.);
#586=EDGE_CURVE('',#791,#758,#932,.T.);
#587=EDGE_CURVE('',#791,#792,#933,.T.);
#588=EDGE_CURVE('',#792,#754,#934,.T.);
#589=EDGE_CURVE('',#750,#756,#935,.T.);
#590=EDGE_CURVE('',#793,#749,#936,.T.);
#591=EDGE_CURVE('',#794,#793,#937,.T.);
#592=EDGE_CURVE('',#794,#764,#938,.T.);
#593=EDGE_CURVE('',#783,#795,#939,.T.);
#594=EDGE_CURVE('',#795,#796,#940,.T.);
#595=EDGE_CURVE('',#784,#796,#941,.T.);
#596=EDGE_CURVE('',#797,#798,#942,.T.);
#597=EDGE_CURVE('',#797,#799,#943,.T.);
#598=EDGE_CURVE('',#747,#799,#944,.T.);
#599=EDGE_CURVE('',#767,#800,#945,.T.);
#600=EDGE_CURVE('',#800,#801,#946,.T.);
#601=EDGE_CURVE('',#775,#801,#947,.T.);
#602=EDGE_CURVE('',#802,#761,#948,.T.);
#603=EDGE_CURVE('',#802,#798,#949,.F.);
#604=EDGE_CURVE('',#803,#804,#950,.T.);
#605=EDGE_CURVE('',#803,#805,#951,.T.);
#606=EDGE_CURVE('',#806,#805,#952,.F.);
#607=EDGE_CURVE('',#753,#806,#953,.T.);
#608=EDGE_CURVE('',#804,#752,#954,.T.);
#609=EDGE_CURVE('',#806,#804,#44,.T.);
#610=EDGE_CURVE('',#755,#751,#955,.T.);
#611=EDGE_CURVE('',#799,#802,#45,.T.);
#612=EDGE_CURVE('',#765,#760,#956,.T.);
#613=EDGE_CURVE('',#788,#795,#957,.T.);
#614=EDGE_CURVE('',#787,#796,#958,.T.);
#615=EDGE_CURVE('',#807,#800,#959,.T.);
#616=EDGE_CURVE('',#807,#808,#960,.T.);
#617=EDGE_CURVE('',#808,#801,#961,.T.);
#618=EDGE_CURVE('',#809,#810,#962,.F.);
#619=EDGE_CURVE('',#810,#807,#963,.T.);
#620=EDGE_CURVE('',#768,#809,#964,.T.);
#621=EDGE_CURVE('',#808,#811,#965,.F.);
#622=EDGE_CURVE('',#811,#812,#966,.T.);
#623=EDGE_CURVE('',#776,#812,#967,.T.);
#624=EDGE_CURVE('',#812,#809,#968,.F.);
#625=EDGE_CURVE('',#798,#797,#46,.T.);
#626=EDGE_CURVE('',#803,#805,#47,.T.);
#627=EDGE_CURVE('',#813,#748,#969,.T.);
#628=EDGE_CURVE('',#793,#813,#970,.T.);
#629=EDGE_CURVE('',#814,#747,#971,.T.);
#630=EDGE_CURVE('',#813,#814,#972,.T.);
#631=EDGE_CURVE('',#814,#794,#973,.T.);
#632=EDGE_CURVE('',#815,#757,#974,.T.);
#633=EDGE_CURVE('',#791,#815,#975,.T.);
#634=EDGE_CURVE('',#816,#753,#976,.T.);
#635=EDGE_CURVE('',#815,#816,#977,.T.);
#636=EDGE_CURVE('',#816,#792,#978,.T.);
#637=EDGE_CURVE('',#817,#818,#979,.T.);
#638=EDGE_CURVE('',#819,#817,#980,.T.);
#639=EDGE_CURVE('',#819,#820,#981,.T.);
#640=EDGE_CURVE('',#820,#818,#982,.T.);
#641=EDGE_CURVE('',#821,#817,#983,.T.);
#642=EDGE_CURVE('',#822,#821,#984,.T.);
#643=EDGE_CURVE('',#822,#819,#985,.T.);
#644=EDGE_CURVE('',#823,#821,#55,.T.);
#645=EDGE_CURVE('',#824,#823,#986,.T.);
#646=EDGE_CURVE('',#824,#822,#56,.T.);
#647=EDGE_CURVE('',#825,#823,#57,.T.);
#648=EDGE_CURVE('',#826,#825,#987,.T.);
#649=EDGE_CURVE('',#826,#824,#58,.T.);
#650=EDGE_CURVE('',#827,#825,#59,.T.);
#651=EDGE_CURVE('',#828,#827,#988,.T.);
#652=EDGE_CURVE('',#828,#826,#60,.T.);
#653=EDGE_CURVE('',#829,#827,#61,.T.);
#654=EDGE_CURVE('',#830,#829,#989,.T.);
#655=EDGE_CURVE('',#830,#828,#62,.T.);
#656=EDGE_CURVE('',#831,#832,#990,.T.);
#657=EDGE_CURVE('',#833,#831,#991,.T.);
#658=EDGE_CURVE('',#833,#834,#992,.T.);
#659=EDGE_CURVE('',#834,#832,#993,.T.);
#660=EDGE_CURVE('',#835,#831,#994,.T.);
#661=EDGE_CURVE('',#836,#835,#995,.T.);
#662=EDGE_CURVE('',#836,#833,#996,.T.);
#663=EDGE_CURVE('',#837,#835,#997,.T.);
#664=EDGE_CURVE('',#838,#837,#998,.T.);
#665=EDGE_CURVE('',#838,#836,#999,.T.);
#666=EDGE_CURVE('',#839,#837,#63,.T.);
#667=EDGE_CURVE('',#840,#839,#1000,.T.);
#668=EDGE_CURVE('',#840,#838,#64,.T.);
#669=EDGE_CURVE('',#841,#839,#65,.T.);
#670=EDGE_CURVE('',#842,#841,#1001,.T.);
#671=EDGE_CURVE('',#842,#840,#66,.T.);
#672=EDGE_CURVE('',#843,#841,#67,.T.);
#673=EDGE_CURVE('',#844,#843,#1002,.T.);
#674=EDGE_CURVE('',#844,#842,#68,.T.);
#675=EDGE_CURVE('',#845,#744,#1003,.T.);
#676=EDGE_CURVE('',#845,#769,#69,.T.);
#677=EDGE_CURVE('',#846,#743,#1004,.T.);
#678=EDGE_CURVE('',#846,#845,#70,.T.);
#679=EDGE_CURVE('',#847,#742,#1005,.T.);
#680=EDGE_CURVE('',#847,#846,#71,.T.);
#681=EDGE_CURVE('',#848,#741,#1006,.T.);
#682=EDGE_CURVE('',#848,#847,#1007,.T.);
#683=EDGE_CURVE('',#849,#740,#1008,.T.);
#684=EDGE_CURVE('',#849,#848,#72,.T.);
#685=EDGE_CURVE('',#850,#739,#1009,.T.);
#686=EDGE_CURVE('',#850,#849,#48,.T.);
#687=EDGE_CURVE('',#851,#738,#1010,.T.);
#688=EDGE_CURVE('',#851,#850,#73,.T.);
#689=EDGE_CURVE('',#852,#737,#1011,.T.);
#690=EDGE_CURVE('',#852,#851,#74,.T.);
#691=EDGE_CURVE('',#853,#736,#1012,.T.);
#692=EDGE_CURVE('',#853,#852,#1013,.T.);
#693=EDGE_CURVE('',#770,#853,#1014,.T.);
#694=EDGE_CURVE('',#832,#843,#75,.T.);
#695=EDGE_CURVE('',#834,#844,#76,.T.);
#696=EDGE_CURVE('',#818,#829,#1015,.T.);
#697=EDGE_CURVE('',#820,#830,#1016,.T.);
#698=EDGE_CURVE('',#772,#854,#1017,.T.);
#699=EDGE_CURVE('',#854,#724,#1018,.T.);
#700=EDGE_CURVE('',#855,#733,#1019,.T.);
#701=EDGE_CURVE('',#855,#771,#1020,.T.);
#702=EDGE_CURVE('',#856,#732,#1021,.T.);
#703=EDGE_CURVE('',#856,#855,#1022,.T.);
#704=EDGE_CURVE('',#857,#731,#1023,.T.);
#705=EDGE_CURVE('',#857,#856,#1024,.T.);
#706=EDGE_CURVE('',#858,#730,#1025,.T.);
#707=EDGE_CURVE('',#858,#857,#1026,.T.);
#708=EDGE_CURVE('',#859,#729,#1027,.T.);
#709=EDGE_CURVE('',#859,#858,#1028,.T.);
#710=EDGE_CURVE('',#860,#728,#1029,.T.);
#711=EDGE_CURVE('',#860,#859,#1030,.T.);
#712=EDGE_CURVE('',#774,#860,#1031,.T.);
#713=EDGE_CURVE('',#861,#725,#1032,.T.);
#714=EDGE_CURVE('',#861,#773,#1033,.T.);
#715=EDGE_CURVE('',#854,#861,#1034,.T.);
#716=EDGE_CURVE('',#810,#781,#12,.F.);
#717=EDGE_CURVE('',#785,#809,#13,.T.);
#718=EDGE_CURVE('',#786,#812,#14,.T.);
#719=EDGE_CURVE('',#807,#780,#15,.F.);
#720=EDGE_CURVE('',#777,#811,#16,.T.);
#721=EDGE_CURVE('',#808,#779,#17,.F.);
#722=VERTEX_POINT('',#1936);
#723=VERTEX_POINT('',#1937);
#724=VERTEX_POINT('',#1939);
#725=VERTEX_POINT('',#1941);
#726=VERTEX_POINT('',#1945);
#727=VERTEX_POINT('',#1946);
#728=VERTEX_POINT('',#1948);
#729=VERTEX_POINT('',#1950);
#730=VERTEX_POINT('',#1952);
#731=VERTEX_POINT('',#1954);
#732=VERTEX_POINT('',#1956);
#733=VERTEX_POINT('',#1958);
#734=VERTEX_POINT('',#1960);
#735=VERTEX_POINT('',#1962);
#736=VERTEX_POINT('',#1964);
#737=VERTEX_POINT('',#1966);
#738=VERTEX_POINT('',#1970);
#739=VERTEX_POINT('',#1974);
#740=VERTEX_POINT('',#1976);
#741=VERTEX_POINT('',#1980);
#742=VERTEX_POINT('',#1982);
#743=VERTEX_POINT('',#1986);
#744=VERTEX_POINT('',#1990);
#745=VERTEX_POINT('',#1994);
#746=VERTEX_POINT('',#1996);
#747=VERTEX_POINT('',#1998);
#748=VERTEX_POINT('',#2000);
#749=VERTEX_POINT('',#2002);
#750=VERTEX_POINT('',#2004);
#751=VERTEX_POINT('',#2006);
#752=VERTEX_POINT('',#2008);
#753=VERTEX_POINT('',#2012);
#754=VERTEX_POINT('',#2013);
#755=VERTEX_POINT('',#2015);
#756=VERTEX_POINT('',#2017);
#757=VERTEX_POINT('',#2021);
#758=VERTEX_POINT('',#2023);
#759=VERTEX_POINT('',#2025);
#760=VERTEX_POINT('',#2027);
#761=VERTEX_POINT('',#2029);
#762=VERTEX_POINT('',#2031);
#763=VERTEX_POINT('',#2033);
#764=VERTEX_POINT('',#2037);
#765=VERTEX_POINT('',#2039);
#766=VERTEX_POINT('',#2041);
#767=VERTEX_POINT('',#2045);
#768=VERTEX_POINT('',#2046);
#769=VERTEX_POINT('',#2049);
#770=VERTEX_POINT('',#2051);
#771=VERTEX_POINT('',#2054);
#772=VERTEX_POINT('',#2056);
#773=VERTEX_POINT('',#2059);
#774=VERTEX_POINT('',#2061);
#775=VERTEX_POINT('',#2065);
#776=VERTEX_POINT('',#2067);
#777=VERTEX_POINT('',#2071);
#778=VERTEX_POINT('',#2072);
#779=VERTEX_POINT('',#2074);
#780=VERTEX_POINT('',#2076);
#781=VERTEX_POINT('',#2078);
#782=VERTEX_POINT('',#2080);
#783=VERTEX_POINT('',#2082);
#784=VERTEX_POINT('',#2084);
#785=VERTEX_POINT('',#2088);
#786=VERTEX_POINT('',#2090);
#787=VERTEX_POINT('',#2093);
#788=VERTEX_POINT('',#2095);
#789=VERTEX_POINT('',#2099);
#790=VERTEX_POINT('',#2101);
#791=VERTEX_POINT('',#2104);
#792=VERTEX_POINT('',#2106);
#793=VERTEX_POINT('',#2110);
#794=VERTEX_POINT('',#2112);
#795=VERTEX_POINT('',#2115);
#796=VERTEX_POINT('',#2117);
#797=VERTEX_POINT('',#2121);
#798=VERTEX_POINT('',#2122);
#799=VERTEX_POINT('',#2124);
#800=VERTEX_POINT('',#2127);
#801=VERTEX_POINT('',#2129);
#802=VERTEX_POINT('',#2132);
#803=VERTEX_POINT('',#2136);
#804=VERTEX_POINT('',#2137);
#805=VERTEX_POINT('',#2139);
#806=VERTEX_POINT('',#2141);
#807=VERTEX_POINT('',#2159);
#808=VERTEX_POINT('',#2161);
#809=VERTEX_POINT('',#2165);
#810=VERTEX_POINT('',#2166);
#811=VERTEX_POINT('',#2171);
#812=VERTEX_POINT('',#2173);
#813=VERTEX_POINT('',#2185);
#814=VERTEX_POINT('',#2189);
#815=VERTEX_POINT('',#2196);
#816=VERTEX_POINT('',#2200);
#817=VERTEX_POINT('',#2207);
#818=VERTEX_POINT('',#2208);
#819=VERTEX_POINT('',#2210);
#820=VERTEX_POINT('',#2212);
#821=VERTEX_POINT('',#2216);
#822=VERTEX_POINT('',#2218);
#823=VERTEX_POINT('',#2231);
#824=VERTEX_POINT('',#2233);
#825=VERTEX_POINT('',#2248);
#826=VERTEX_POINT('',#2250);
#827=VERTEX_POINT('',#2265);
#828=VERTEX_POINT('',#2267);
#829=VERTEX_POINT('',#2282);
#830=VERTEX_POINT('',#2284);
#831=VERTEX_POINT('',#2290);
#832=VERTEX_POINT('',#2291);
#833=VERTEX_POINT('',#2293);
#834=VERTEX_POINT('',#2295);
#835=VERTEX_POINT('',#2299);
#836=VERTEX_POINT('',#2301);
#837=VERTEX_POINT('',#2305);
#838=VERTEX_POINT('',#2307);
#839=VERTEX_POINT('',#2320);
#840=VERTEX_POINT('',#2322);
#841=VERTEX_POINT('',#2337);
#842=VERTEX_POINT('',#2339);
#843=VERTEX_POINT('',#2354);
#844=VERTEX_POINT('',#2356);
#845=VERTEX_POINT('',#2369);
#846=VERTEX_POINT('',#2382);
#847=VERTEX_POINT('',#2395);
#848=VERTEX_POINT('',#2401);
#849=VERTEX_POINT('',#2412);
#850=VERTEX_POINT('',#2418);
#851=VERTEX_POINT('',#2429);
#852=VERTEX_POINT('',#2442);
#853=VERTEX_POINT('',#2448);
#854=VERTEX_POINT('',#2474);
#855=VERTEX_POINT('',#2478);
#856=VERTEX_POINT('',#2482);
#857=VERTEX_POINT('',#2486);
#858=VERTEX_POINT('',#2490);
#859=VERTEX_POINT('',#2494);
#860=VERTEX_POINT('',#2498);
#861=VERTEX_POINT('',#2504);
#862=LINE('',#1935,#1035);
#863=LINE('',#1938,#1036);
#864=LINE('',#1940,#1037);
#865=LINE('',#1942,#1038);
#866=LINE('',#1944,#1039);
#867=LINE('',#1947,#1040);
#868=LINE('',#1949,#1041);
#869=LINE('',#1951,#1042);
#870=LINE('',#1953,#1043);
#871=LINE('',#1955,#1044);
#872=LINE('',#1957,#1045);
#873=LINE('',#1959,#1046);
#874=LINE('',#1961,#1047);
#875=LINE('',#1963,#1048);
#876=LINE('',#1965,#1049);
#877=LINE('',#1981,#1050);
#878=LINE('',#1995,#1051);
#879=LINE('',#1997,#1052);
#880=LINE('',#1999,#1053);
#881=LINE('',#2001,#1054);
#882=LINE('',#2003,#1055);
#883=LINE('',#2005,#1056);
#884=LINE('',#2007,#1057);
#885=LINE('',#2009,#1058);
#886=LINE('',#2011,#1059);
#887=LINE('',#2014,#1060);
#888=LINE('',#2016,#1061);
#889=LINE('',#2018,#1062);
#890=LINE('',#2020,#1063);
#891=LINE('',#2022,#1064);
#892=LINE('',#2024,#1065);
#893=LINE('',#2026,#1066);
#894=LINE('',#2028,#1067);
#895=LINE('',#2030,#1068);
#896=LINE('',#2032,#1069);
#897=LINE('',#2034,#1070);
#898=LINE('',#2036,#1071);
#899=LINE('',#2038,#1072);
#900=LINE('',#2040,#1073);
#901=LINE('',#2042,#1074);
#902=LINE('',#2044,#1075);
#903=LINE('',#2047,#1076);
#904=LINE('',#2048,#1077);
#905=LINE('',#2050,#1078);
#906=LINE('',#2052,#1079);
#907=LINE('',#2053,#1080);
#908=LINE('',#2055,#1081);
#909=LINE('',#2057,#1082);
#910=LINE('',#2058,#1083);
#911=LINE('',#2060,#1084);
#912=LINE('',#2062,#1085);
#913=LINE('',#2063,#1086);
#914=LINE('',#2064,#1087);
#915=LINE('',#2066,#1088);
#916=LINE('',#2068,#1089);
#917=LINE('',#2070,#1090);
#918=LINE('',#2073,#1091);
#919=LINE('',#2075,#1092);
#920=LINE('',#2077,#1093);
#921=LINE('',#2079,#1094);
#922=LINE('',#2081,#1095);
#923=LINE('',#2083,#1096);
#924=LINE('',#2085,#1097);
#925=LINE('',#2087,#1098);
#926=LINE('',#2089,#1099);
#927=LINE('',#2091,#1100);
#928=LINE('',#2092,#1101);
#929=LINE('',#2094,#1102);
#930=LINE('',#2096,#1103);
#931=LINE('',#2102,#1104);
#932=LINE('',#2103,#1105);
#933=LINE('',#2105,#1106);
#934=LINE('',#2107,#1107);
#935=LINE('',#2108,#1108);
#936=LINE('',#2109,#1109);
#937=LINE('',#2111,#1110);
#938=LINE('',#2113,#1111);
#939=LINE('',#2114,#1112);
#940=LINE('',#2116,#1113);
#941=LINE('',#2118,#1114);
#942=LINE('',#2120,#1115);
#943=LINE('',#2123,#1116);
#944=LINE('',#2125,#1117);
#945=LINE('',#2126,#1118);
#946=LINE('',#2128,#1119);
#947=LINE('',#2130,#1120);
#948=LINE('',#2131,#1121);
#949=LINE('',#2133,#1122);
#950=LINE('',#2135,#1123);
#951=LINE('',#2138,#1124);
#952=LINE('',#2140,#1125);
#953=LINE('',#2142,#1126);
#954=LINE('',#2143,#1127);
#955=LINE('',#2146,#1128);
#956=LINE('',#2150,#1129);
#957=LINE('',#2153,#1130);
#958=LINE('',#2155,#1131);
#959=LINE('',#2158,#1132);
#960=LINE('',#2160,#1133);
#961=LINE('',#2162,#1134);
#962=LINE('',#2164,#1135);
#963=LINE('',#2167,#1136);
#964=LINE('',#2168,#1137);
#965=LINE('',#2170,#1138);
#966=LINE('',#2172,#1139);
#967=LINE('',#2174,#1140);
#968=LINE('',#2176,#1141);
#969=LINE('',#2184,#1142);
#970=LINE('',#2186,#1143);
#971=LINE('',#2188,#1144);
#972=LINE('',#2190,#1145);
#973=LINE('',#2192,#1146);
#974=LINE('',#2195,#1147);
#975=LINE('',#2197,#1148);
#976=LINE('',#2199,#1149);
#977=LINE('',#2201,#1150);
#978=LINE('',#2203,#1151);
#979=LINE('',#2206,#1152);
#980=LINE('',#2209,#1153);
#981=LINE('',#2211,#1154);
#982=LINE('',#2213,#1155);
#983=LINE('',#2215,#1156);
#984=LINE('',#2217,#1157);
#985=LINE('',#2219,#1158);
#986=LINE('',#2232,#1159);
#987=LINE('',#2249,#1160);
#988=LINE('',#2266,#1161);
#989=LINE('',#2283,#1162);
#990=LINE('',#2289,#1163);
#991=LINE('',#2292,#1164);
#992=LINE('',#2294,#1165);
#993=LINE('',#2296,#1166);
#994=LINE('',#2298,#1167);
#995=LINE('',#2300,#1168);
#996=LINE('',#2302,#1169);
#997=LINE('',#2304,#1170);
#998=LINE('',#2306,#1171);
#999=LINE('',#2308,#1172);
#1000=LINE('',#2321,#1173);
#1001=LINE('',#2338,#1174);
#1002=LINE('',#2355,#1175);
#1003=LINE('',#2368,#1176);
#1004=LINE('',#2381,#1177);
#1005=LINE('',#2394,#1178);
#1006=LINE('',#2400,#1179);
#1007=LINE('',#2402,#1180);
#1008=LINE('',#2411,#1181);
#1009=LINE('',#2417,#1182);
#1010=LINE('',#2428,#1183);
#1011=LINE('',#2441,#1184);
#1012=LINE('',#2447,#1185);
#1013=LINE('',#2449,#1186);
#1014=LINE('',#2451,#1187);
#1015=LINE('',#2467,#1188);
#1016=LINE('',#2468,#1189);
#1017=LINE('',#2473,#1190);
#1018=LINE('',#2475,#1191);
#1019=LINE('',#2477,#1192);
#1020=LINE('',#2479,#1193);
#1021=LINE('',#2481,#1194);
#1022=LINE('',#2483,#1195);
#1023=LINE('',#2485,#1196);
#1024=LINE('',#2487,#1197);
#1025=LINE('',#2489,#1198);
#1026=LINE('',#2491,#1199);
#1027=LINE('',#2493,#1200);
#1028=LINE('',#2495,#1201);
#1029=LINE('',#2497,#1202);
#1030=LINE('',#2499,#1203);
#1031=LINE('',#2501,#1204);
#1032=LINE('',#2503,#1205);
#1033=LINE('',#2505,#1206);
#1034=LINE('',#2507,#1207);
#1035=VECTOR('',#1606,1.);
#1036=VECTOR('',#1607,1.);
#1037=VECTOR('',#1608,1.);
#1038=VECTOR('',#1609,1.);
#1039=VECTOR('',#1612,1.);
#1040=VECTOR('',#1613,1.);
#1041=VECTOR('',#1614,1.);
#1042=VECTOR('',#1615,1.);
#1043=VECTOR('',#1616,1.);
#1044=VECTOR('',#1617,1.);
#1045=VECTOR('',#1618,1.);
#1046=VECTOR('',#1619,1.);
#1047=VECTOR('',#1620,1.);
#1048=VECTOR('',#1621,1.);
#1049=VECTOR('',#1622,1.);
#1050=VECTOR('',#1625,1.);
#1051=VECTOR('',#1626,1.);
#1052=VECTOR('',#1627,1.);
#1053=VECTOR('',#1628,1.);
#1054=VECTOR('',#1629,1.);
#1055=VECTOR('',#1630,1.);
#1056=VECTOR('',#1631,1.);
#1057=VECTOR('',#1632,1.);
#1058=VECTOR('',#1633,1.);
#1059=VECTOR('',#1636,1.);
#1060=VECTOR('',#1637,1.);
#1061=VECTOR('',#1638,1.);
#1062=VECTOR('',#1639,1.);
#1063=VECTOR('',#1642,1.);
#1064=VECTOR('',#1643,1.);
#1065=VECTOR('',#1644,1.);
#1066=VECTOR('',#1645,1.);
#1067=VECTOR('',#1646,1.);
#1068=VECTOR('',#1647,1.);
#1069=VECTOR('',#1648,1.);
#1070=VECTOR('',#1649,1.);
#1071=VECTOR('',#1652,1.);
#1072=VECTOR('',#1653,1.);
#1073=VECTOR('',#1654,1.);
#1074=VECTOR('',#1655,1.);
#1075=VECTOR('',#1658,1.);
#1076=VECTOR('',#1659,1.);
#1077=VECTOR('',#1660,1.);
#1078=VECTOR('',#1661,1.);
#1079=VECTOR('',#1662,1.);
#1080=VECTOR('',#1663,1.);
#1081=VECTOR('',#1664,1.);
#1082=VECTOR('',#1665,1.);
#1083=VECTOR('',#1666,1.);
#1084=VECTOR('',#1667,1.);
#1085=VECTOR('',#1668,1.);
#1086=VECTOR('',#1669,1.);
#1087=VECTOR('',#1670,1.);
#1088=VECTOR('',#1671,1.);
#1089=VECTOR('',#1672,1.);
#1090=VECTOR('',#1675,1.);
#1091=VECTOR('',#1676,1.);
#1092=VECTOR('',#1677,1.);
#1093=VECTOR('',#1678,1.);
#1094=VECTOR('',#1679,1.);
#1095=VECTOR('',#1680,1.);
#1096=VECTOR('',#1681,1.);
#1097=VECTOR('',#1682,1.);
#1098=VECTOR('',#1685,1.);
#1099=VECTOR('',#1686,1.);
#1100=VECTOR('',#1687,1.);
#1101=VECTOR('',#1688,1.);
#1102=VECTOR('',#1689,1.);
#1103=VECTOR('',#1690,1.);
#1104=VECTOR('',#1697,1.);
#1105=VECTOR('',#1698,1.);
#1106=VECTOR('',#1699,1.);
#1107=VECTOR('',#1700,1.);
#1108=VECTOR('',#1701,1.);
#1109=VECTOR('',#1702,1.);
#1110=VECTOR('',#1703,1.);
#1111=VECTOR('',#1704,1.);
#1112=VECTOR('',#1705,1.);
#1113=VECTOR('',#1706,1.);
#1114=VECTOR('',#1707,1.);
#1115=VECTOR('',#1710,1.);
#1116=VECTOR('',#1711,1.);
#1117=VECTOR('',#1712,1.);
#1118=VECTOR('',#1713,1.);
#1119=VECTOR('',#1714,1.);
#1120=VECTOR('',#1715,1.);
#1121=VECTOR('',#1716,1.);
#1122=VECTOR('',#1717,1.);
#1123=VECTOR('',#1720,1.);
#1124=VECTOR('',#1721,1.);
#1125=VECTOR('',#1722,1.);
#1126=VECTOR('',#1723,1.);
#1127=VECTOR('',#1724,1.);
#1128=VECTOR('',#1729,1.);
#1129=VECTOR('',#1736,1.);
#1130=VECTOR('',#1741,1.);
#1131=VECTOR('',#1744,1.);
#1132=VECTOR('',#1749,1.);
#1133=VECTOR('',#1750,1.);
#1134=VECTOR('',#1751,1.);
#1135=VECTOR('',#1754,1.);
#1136=VECTOR('',#1755,1.);
#1137=VECTOR('',#1756,1.);
#1138=VECTOR('',#1759,1.);
#1139=VECTOR('',#1760,1.);
#1140=VECTOR('',#1761,1.);
#1141=VECTOR('',#1764,1.);
#1142=VECTOR('',#1779,1.);
#1143=VECTOR('',#1780,1.);
#1144=VECTOR('',#1783,1.);
#1145=VECTOR('',#1784,1.);
#1146=VECTOR('',#1787,1.);
#1147=VECTOR('',#1792,1.);
#1148=VECTOR('',#1793,1.);
#1149=VECTOR('',#1796,1.);
#1150=VECTOR('',#1797,1.);
#1151=VECTOR('',#1800,1.);
#1152=VECTOR('',#1805,1.);
#1153=VECTOR('',#1806,1.);
#1154=VECTOR('',#1807,1.);
#1155=VECTOR('',#1808,1.);
#1156=VECTOR('',#1811,1.);
#1157=VECTOR('',#1812,1.);
#1158=VECTOR('',#1813,1.);
#1159=VECTOR('',#1814,1.);
#1160=VECTOR('',#1815,1.);
#1161=VECTOR('',#1816,1.);
#1162=VECTOR('',#1817,1.);
#1163=VECTOR('',#1820,1.);
#1164=VECTOR('',#1821,1.);
#1165=VECTOR('',#1822,1.);
#1166=VECTOR('',#1823,1.);
#1167=VECTOR('',#1826,1.);
#1168=VECTOR('',#1827,1.);
#1169=VECTOR('',#1828,1.);
#1170=VECTOR('',#1831,1.);
#1171=VECTOR('',#1832,1.);
#1172=VECTOR('',#1833,1.);
#1173=VECTOR('',#1834,1.);
#1174=VECTOR('',#1835,1.);
#1175=VECTOR('',#1836,1.);
#1176=VECTOR('',#1837,1.);
#1177=VECTOR('',#1838,1.);
#1178=VECTOR('',#1839,1.);
#1179=VECTOR('',#1842,1.);
#1180=VECTOR('',#1843,1.);
#1181=VECTOR('',#1844,1.);
#1182=VECTOR('',#1847,1.);
#1183=VECTOR('',#1850,1.);
#1184=VECTOR('',#1851,1.);
#1185=VECTOR('',#1854,1.);
#1186=VECTOR('',#1855,1.);
#1187=VECTOR('',#1858,1.);
#1188=VECTOR('',#1861,1.);
#1189=VECTOR('',#1862,1.);
#1190=VECTOR('',#1871,1.);
#1191=VECTOR('',#1872,1.);
#1192=VECTOR('',#1875,1.);
#1193=VECTOR('',#1876,1.);
#1194=VECTOR('',#1879,1.);
#1195=VECTOR('',#1880,1.);
#1196=VECTOR('',#1883,1.);
#1197=VECTOR('',#1884,1.);
#1198=VECTOR('',#1887,1.);
#1199=VECTOR('',#1888,1.);
#1200=VECTOR('',#1891,1.);
#1201=VECTOR('',#1892,1.);
#1202=VECTOR('',#1895,1.);
#1203=VECTOR('',#1896,1.);
#1204=VECTOR('',#1899,1.);
#1205=VECTOR('',#1902,1.);
#1206=VECTOR('',#1903,1.);
#1207=VECTOR('',#1906,1.);
#1208=EDGE_LOOP('',(#77,#78,#79,#80));
#1209=EDGE_LOOP('',(#81,#82,#83,#84,#85,#86,#87,#88,#89,#90,#91,#92,#93,
#94,#95,#96,#97,#98,#99,#100,#101,#102,#103,#104,#105,#106,#107));
#1210=EDGE_LOOP('',(#108,#109,#110,#111));
#1211=EDGE_LOOP('',(#112,#113,#114,#115,#116,#117,#118,#119));
#1212=EDGE_LOOP('',(#120,#121,#122,#123));
#1213=EDGE_LOOP('',(#124,#125,#126,#127,#128,#129,#130,#131,#132,#133,#134,
#135,#136,#137,#138,#139,#140,#141,#142,#143));
#1214=EDGE_LOOP('',(#144,#145,#146,#147,#148,#149,#150,#151));
#1215=EDGE_LOOP('',(#152,#153,#154,#155,#156,#157,#158,#159));
#1216=EDGE_LOOP('',(#160));
#1217=EDGE_LOOP('',(#161));
#1218=EDGE_LOOP('',(#162,#163,#164,#165,#166,#167,#168,#169,#170,#171,#172,
#173));
#1219=EDGE_LOOP('',(#174,#175,#176,#177));
#1220=EDGE_LOOP('',(#178,#179,#180,#181,#182,#183,#184,#185,#186,#187,#188,
#189));
#1221=EDGE_LOOP('',(#190,#191,#192,#193,#194,#195,#196,#197));
#1222=EDGE_LOOP('',(#198,#199,#200,#201,#202,#203));
#1223=EDGE_LOOP('',(#204,#205,#206,#207));
#1224=EDGE_LOOP('',(#208,#209,#210,#211,#212,#213));
#1225=EDGE_LOOP('',(#214,#215,#216,#217));
#1226=EDGE_LOOP('',(#218,#219,#220,#221));
#1227=EDGE_LOOP('',(#222,#223,#224,#225));
#1228=EDGE_LOOP('',(#226,#227,#228,#229));
#1229=EDGE_LOOP('',(#230,#231,#232,#233));
#1230=EDGE_LOOP('',(#234,#235,#236,#237,#238,#239));
#1231=EDGE_LOOP('',(#240,#241,#242,#243,#244,#245));
#1232=EDGE_LOOP('',(#246,#247,#248,#249));
#1233=EDGE_LOOP('',(#250,#251));
#1234=EDGE_LOOP('',(#252));
#1235=EDGE_LOOP('',(#253,#254,#255,#256));
#1236=EDGE_LOOP('',(#257,#258,#259,#260));
#1237=EDGE_LOOP('',(#261));
#1238=EDGE_LOOP('',(#262,#263));
#1239=EDGE_LOOP('',(#264,#265,#266,#267));
#1240=EDGE_LOOP('',(#268,#269,#270,#271));
#1241=EDGE_LOOP('',(#272,#273,#274,#275));
#1242=EDGE_LOOP('',(#276,#277,#278,#279));
#1243=EDGE_LOOP('',(#280,#281,#282,#283));
#1244=EDGE_LOOP('',(#284,#285,#286,#287));
#1245=EDGE_LOOP('',(#288,#289,#290,#291));
#1246=EDGE_LOOP('',(#292,#293,#294,#295));
#1247=EDGE_LOOP('',(#296,#297,#298,#299));
#1248=EDGE_LOOP('',(#300,#301,#302,#303));
#1249=EDGE_LOOP('',(#304,#305,#306,#307));
#1250=EDGE_LOOP('',(#308,#309,#310,#311));
#1251=EDGE_LOOP('',(#312,#313,#314,#315));
#1252=EDGE_LOOP('',(#316,#317,#318,#319));
#1253=EDGE_LOOP('',(#320,#321,#322,#323));
#1254=EDGE_LOOP('',(#324,#325,#326,#327));
#1255=EDGE_LOOP('',(#328,#329,#330,#331));
#1256=EDGE_LOOP('',(#332,#333,#334,#335));
#1257=EDGE_LOOP('',(#336,#337,#338,#339));
#1258=EDGE_LOOP('',(#340,#341,#342,#343));
#1259=EDGE_LOOP('',(#344,#345,#346,#347));
#1260=EDGE_LOOP('',(#348,#349,#350,#351));
#1261=EDGE_LOOP('',(#352,#353,#354,#355));
#1262=EDGE_LOOP('',(#356,#357,#358,#359));
#1263=EDGE_LOOP('',(#360,#361,#362,#363));
#1264=EDGE_LOOP('',(#364,#365,#366,#367));
#1265=EDGE_LOOP('',(#368,#369,#370,#371));
#1266=EDGE_LOOP('',(#372,#373,#374,#375));
#1267=EDGE_LOOP('',(#376,#377,#378,#379));
#1268=EDGE_LOOP('',(#380,#381,#382,#383));
#1269=EDGE_LOOP('',(#384,#385,#386,#387));
#1270=EDGE_LOOP('',(#388,#389,#390,#391));
#1271=EDGE_LOOP('',(#392,#393,#394,#395,#396,#397,#398,#399,#400,#401,#402));
#1272=EDGE_LOOP('',(#403,#404,#405,#406,#407,#408,#409));
#1273=EDGE_LOOP('',(#410,#411,#412,#413,#414,#415,#416));
#1274=EDGE_LOOP('',(#417,#418,#419,#420,#421,#422,#423));
#1275=EDGE_LOOP('',(#424,#425,#426,#427,#428,#429,#430));
#1276=EDGE_LOOP('',(#431,#432,#433,#434));
#1277=EDGE_LOOP('',(#435,#436,#437,#438));
#1278=EDGE_LOOP('',(#439,#440,#441,#442));
#1279=EDGE_LOOP('',(#443,#444,#445,#446));
#1280=EDGE_LOOP('',(#447,#448,#449,#450));
#1281=EDGE_LOOP('',(#451,#452,#453,#454));
#1282=EDGE_LOOP('',(#455,#456,#457,#458));
#1283=EDGE_LOOP('',(#459,#460,#461,#462));
#1284=EDGE_LOOP('',(#463,#464,#465,#466));
#1285=EDGE_LOOP('',(#467,#468,#469,#470));
#1286=EDGE_LOOP('',(#471,#472,#473,#474,#475,#476,#477,#478,#479,#480,#481,
#482));
#1287=EDGE_LOOP('',(#483,#484,#485,#486));
#1288=EDGE_LOOP('',(#487,#488,#489,#490));
#1289=EDGE_LOOP('',(#491,#492,#493,#494));
#1290=EDGE_LOOP('',(#495,#496,#497,#498));
#1291=EDGE_LOOP('',(#499,#500,#501,#502));
#1292=EDGE_LOOP('',(#503,#504,#505,#506));
#1293=FACE_BOUND('',#1208,.T.);
#1294=FACE_BOUND('',#1209,.T.);
#1295=FACE_BOUND('',#1210,.T.);
#1296=FACE_BOUND('',#1211,.T.);
#1297=FACE_BOUND('',#1212,.T.);
#1298=FACE_BOUND('',#1213,.T.);
#1299=FACE_BOUND('',#1214,.T.);
#1300=FACE_BOUND('',#1215,.T.);
#1301=FACE_BOUND('',#1216,.T.);
#1302=FACE_BOUND('',#1217,.T.);
#1303=FACE_BOUND('',#1218,.T.);
#1304=FACE_BOUND('',#1219,.T.);
#1305=FACE_BOUND('',#1220,.T.);
#1306=FACE_BOUND('',#1221,.T.);
#1307=FACE_BOUND('',#1222,.T.);
#1308=FACE_BOUND('',#1223,.T.);
#1309=FACE_BOUND('',#1224,.T.);
#1310=FACE_BOUND('',#1225,.T.);
#1311=FACE_BOUND('',#1226,.T.);
#1312=FACE_BOUND('',#1227,.T.);
#1313=FACE_BOUND('',#1228,.T.);
#1314=FACE_BOUND('',#1229,.T.);
#1315=FACE_BOUND('',#1230,.T.);
#1316=FACE_BOUND('',#1231,.T.);
#1317=FACE_BOUND('',#1232,.T.);
#1318=FACE_BOUND('',#1233,.T.);
#1319=FACE_BOUND('',#1234,.T.);
#1320=FACE_BOUND('',#1235,.T.);
#1321=FACE_BOUND('',#1236,.T.);
#1322=FACE_BOUND('',#1237,.T.);
#1323=FACE_BOUND('',#1238,.T.);
#1324=FACE_BOUND('',#1239,.T.);
#1325=FACE_BOUND('',#1240,.T.);
#1326=FACE_BOUND('',#1241,.T.);
#1327=FACE_BOUND('',#1242,.T.);
#1328=FACE_BOUND('',#1243,.T.);
#1329=FACE_BOUND('',#1244,.T.);
#1330=FACE_BOUND('',#1245,.T.);
#1331=FACE_BOUND('',#1246,.T.);
#1332=FACE_BOUND('',#1247,.T.);
#1333=FACE_BOUND('',#1248,.T.);
#1334=FACE_BOUND('',#1249,.T.);
#1335=FACE_BOUND('',#1250,.T.);
#1336=FACE_BOUND('',#1251,.T.);
#1337=FACE_BOUND('',#1252,.T.);
#1338=FACE_BOUND('',#1253,.T.);
#1339=FACE_BOUND('',#1254,.T.);
#1340=FACE_BOUND('',#1255,.T.);
#1341=FACE_BOUND('',#1256,.T.);
#1342=FACE_BOUND('',#1257,.T.);
#1343=FACE_BOUND('',#1258,.T.);
#1344=FACE_BOUND('',#1259,.T.);
#1345=FACE_BOUND('',#1260,.T.);
#1346=FACE_BOUND('',#1261,.T.);
#1347=FACE_BOUND('',#1262,.T.);
#1348=FACE_BOUND('',#1263,.T.);
#1349=FACE_BOUND('',#1264,.T.);
#1350=FACE_BOUND('',#1265,.T.);
#1351=FACE_BOUND('',#1266,.T.);
#1352=FACE_BOUND('',#1267,.T.);
#1353=FACE_BOUND('',#1268,.T.);
#1354=FACE_BOUND('',#1269,.T.);
#1355=FACE_BOUND('',#1270,.T.);
#1356=FACE_BOUND('',#1271,.T.);
#1357=FACE_BOUND('',#1272,.T.);
#1358=FACE_BOUND('',#1273,.T.);
#1359=FACE_BOUND('',#1274,.T.);
#1360=FACE_BOUND('',#1275,.T.);
#1361=FACE_BOUND('',#1276,.T.);
#1362=FACE_BOUND('',#1277,.T.);
#1363=FACE_BOUND('',#1278,.T.);
#1364=FACE_BOUND('',#1279,.T.);
#1365=FACE_BOUND('',#1280,.T.);
#1366=FACE_BOUND('',#1281,.T.);
#1367=FACE_BOUND('',#1282,.T.);
#1368=FACE_BOUND('',#1283,.T.);
#1369=FACE_BOUND('',#1284,.T.);
#1370=FACE_BOUND('',#1285,.T.);
#1371=FACE_BOUND('',#1286,.T.);
#1372=FACE_BOUND('',#1287,.T.);
#1373=FACE_BOUND('',#1288,.T.);
#1374=FACE_BOUND('',#1289,.T.);
#1375=FACE_BOUND('',#1290,.T.);
#1376=FACE_BOUND('',#1291,.T.);
#1377=FACE_BOUND('',#1292,.T.);
#1378=PLANE('',#1524);
#1379=PLANE('',#1525);
#1380=PLANE('',#1527);
#1381=PLANE('',#1528);
#1382=PLANE('',#1529);
#1383=PLANE('',#1530);
#1384=PLANE('',#1531);
#1385=PLANE('',#1532);
#1386=PLANE('',#1533);
#1387=PLANE('',#1536);
#1388=PLANE('',#1537);
#1389=PLANE('',#1538);
#1390=PLANE('',#1540);
#1391=PLANE('',#1541);
#1392=PLANE('',#1543);
#1393=PLANE('',#1544);
#1394=PLANE('',#1545);
#1395=PLANE('',#1546);
#1396=PLANE('',#1547);
#1397=PLANE('',#1548);
#1398=PLANE('',#1549);
#1399=PLANE('',#1550);
#1400=PLANE('',#1551);
#1401=PLANE('',#1556);
#1402=PLANE('',#1557);
#1403=PLANE('',#1558);
#1404=PLANE('',#1559);
#1405=PLANE('',#1560);
#1406=PLANE('',#1561);
#1407=PLANE('',#1562);
#1408=PLANE('',#1563);
#1409=PLANE('',#1564);
#1410=PLANE('',#1565);
#1411=PLANE('',#1566);
#1412=PLANE('',#1567);
#1413=PLANE('',#1568);
#1414=PLANE('',#1569);
#1415=PLANE('',#1570);
#1416=PLANE('',#1573);
#1417=PLANE('',#1574);
#1418=PLANE('',#1575);
#1419=PLANE('',#1576);
#1420=PLANE('',#1577);
#1421=PLANE('',#1578);
#1422=PLANE('',#1579);
#1423=PLANE('',#1580);
#1424=PLANE('',#1581);
#1425=PLANE('',#1582);
#1426=PLANE('',#1583);
#1427=PLANE('',#1584);
#1428=PLANE('',#1585);
#1429=PLANE('',#1586);
#1430=PLANE('',#1587);
#1431=PLANE('',#1588);
#1432=PLANE('',#1589);
#1433=ADVANCED_FACE('',(#1293),#1378,.T.);
#1434=ADVANCED_FACE('',(#1294),#1379,.T.);
#1435=ADVANCED_FACE('',(#1295),#1380,.F.);
#1436=ADVANCED_FACE('',(#1296),#1381,.F.);
#1437=ADVANCED_FACE('',(#1297),#1382,.T.);
#1438=ADVANCED_FACE('',(#1298),#1383,.F.);
#1439=ADVANCED_FACE('',(#1299),#1384,.F.);
#1440=ADVANCED_FACE('',(#1300),#1385,.T.);
#1441=ADVANCED_FACE('',(#1301,#1302,#1303,#1304),#1386,.T.);
#1442=ADVANCED_FACE('',(#1305),#1387,.F.);
#1443=ADVANCED_FACE('',(#1306),#1388,.T.);
#1444=ADVANCED_FACE('',(#1307),#1389,.F.);
#1445=ADVANCED_FACE('',(#1308),#1390,.T.);
#1446=ADVANCED_FACE('',(#1309),#1391,.F.);
#1447=ADVANCED_FACE('',(#1310),#1392,.T.);
#1448=ADVANCED_FACE('',(#1311),#1393,.T.);
#1449=ADVANCED_FACE('',(#1312),#1394,.F.);
#1450=ADVANCED_FACE('',(#1313),#1395,.T.);
#1451=ADVANCED_FACE('',(#1314),#1396,.T.);
#1452=ADVANCED_FACE('',(#1315),#1397,.T.);
#1453=ADVANCED_FACE('',(#1316),#1398,.F.);
#1454=ADVANCED_FACE('',(#1317),#1399,.T.);
#1455=ADVANCED_FACE('',(#1318),#1400,.T.);
#1456=ADVANCED_FACE('',(#1319,#1320),#32,.F.);
#1457=ADVANCED_FACE('',(#1321,#1322),#33,.F.);
#1458=ADVANCED_FACE('',(#1323),#1401,.T.);
#1459=ADVANCED_FACE('',(#1324),#1402,.F.);
#1460=ADVANCED_FACE('',(#1325),#1403,.F.);
#1461=ADVANCED_FACE('',(#1326),#1404,.F.);
#1462=ADVANCED_FACE('',(#1327),#1405,.T.);
#1463=ADVANCED_FACE('',(#1328),#1406,.F.);
#1464=ADVANCED_FACE('',(#1329),#1407,.F.);
#1465=ADVANCED_FACE('',(#1330),#1408,.F.);
#1466=ADVANCED_FACE('',(#1331),#1409,.T.);
#1467=ADVANCED_FACE('',(#1332),#1410,.T.);
#1468=ADVANCED_FACE('',(#1333),#1411,.T.);
#1469=ADVANCED_FACE('',(#1334),#18,.T.);
#1470=ADVANCED_FACE('',(#1335),#19,.T.);
#1471=ADVANCED_FACE('',(#1336),#20,.T.);
#1472=ADVANCED_FACE('',(#1337),#21,.T.);
#1473=ADVANCED_FACE('',(#1338),#1412,.T.);
#1474=ADVANCED_FACE('',(#1339),#1413,.T.);
#1475=ADVANCED_FACE('',(#1340),#1414,.T.);
#1476=ADVANCED_FACE('',(#1341),#22,.T.);
#1477=ADVANCED_FACE('',(#1342),#23,.T.);
#1478=ADVANCED_FACE('',(#1343),#24,.T.);
#1479=ADVANCED_FACE('',(#1344),#25,.T.);
#1480=ADVANCED_FACE('',(#1345),#26,.T.);
#1481=ADVANCED_FACE('',(#1346),#27,.T.);
#1482=ADVANCED_FACE('',(#1347),#1415,.T.);
#1483=ADVANCED_FACE('',(#1348),#28,.T.);
#1484=ADVANCED_FACE('',(#1349),#34,.T.);
#1485=ADVANCED_FACE('',(#1350),#29,.T.);
#1486=ADVANCED_FACE('',(#1351),#30,.T.);
#1487=ADVANCED_FACE('',(#1352),#1416,.T.);
#1488=ADVANCED_FACE('',(#1353),#1417,.T.);
#1489=ADVANCED_FACE('',(#1354),#31,.T.);
#1490=ADVANCED_FACE('',(#1355),#1418,.T.);
#1491=ADVANCED_FACE('',(#1356,#1357,#1358),#1419,.T.);
#1492=ADVANCED_FACE('',(#1359),#1420,.T.);
#1493=ADVANCED_FACE('',(#1360),#1421,.T.);
#1494=ADVANCED_FACE('',(#1361),#1422,.T.);
#1495=ADVANCED_FACE('',(#1362),#1423,.T.);
#1496=ADVANCED_FACE('',(#1363),#1424,.T.);
#1497=ADVANCED_FACE('',(#1364),#1425,.T.);
#1498=ADVANCED_FACE('',(#1365),#1426,.T.);
#1499=ADVANCED_FACE('',(#1366),#1427,.T.);
#1500=ADVANCED_FACE('',(#1367),#1428,.T.);
#1501=ADVANCED_FACE('',(#1368),#1429,.T.);
#1502=ADVANCED_FACE('',(#1369),#1430,.T.);
#1503=ADVANCED_FACE('',(#1370),#1431,.T.);
#1504=ADVANCED_FACE('',(#1371),#1432,.T.);
#1505=ADVANCED_FACE('',(#1372),#35,.T.);
#1506=ADVANCED_FACE('',(#1373),#36,.T.);
#1507=ADVANCED_FACE('',(#1374),#37,.T.);
#1508=ADVANCED_FACE('',(#1375),#38,.T.);
#1509=ADVANCED_FACE('',(#1376),#39,.T.);
#1510=ADVANCED_FACE('',(#1377),#40,.T.);
#1511=CLOSED_SHELL('',(#1433,#1434,#1435,#1436,#1437,#1438,#1439,#1440,
#1441,#1442,#1443,#1444,#1445,#1446,#1447,#1448,#1449,#1450,#1451,#1452,
#1453,#1454,#1455,#1456,#1457,#1458,#1459,#1460,#1461,#1462,#1463,#1464,
#1465,#1466,#1467,#1468,#1469,#1470,#1471,#1472,#1473,#1474,#1475,#1476,
#1477,#1478,#1479,#1480,#1481,#1482,#1483,#1484,#1485,#1486,#1487,#1488,
#1489,#1490,#1491,#1492,#1493,#1494,#1495,#1496,#1497,#1498,#1499,#1500,
#1501,#1502,#1503,#1504,#1505,#1506,#1507,#1508,#1509,#1510));
#1512=STYLED_ITEM('',(#1513),#1520);
#1513=PRESENTATION_STYLE_ASSIGNMENT((#1514));
#1514=SURFACE_STYLE_USAGE(.BOTH.,#1515);
#1515=SURFACE_SIDE_STYLE('',(#1516));
#1516=SURFACE_STYLE_FILL_AREA(#1517);
#1517=FILL_AREA_STYLE('',(#1518));
#1518=FILL_AREA_STYLE_COLOUR('',#1519);
#1519=COLOUR_RGB('',0.615686274509804,0.811764705882353,0.929411764705882);
#1520=MANIFOLD_SOLID_BREP('Part 1',#1511);
#1521=SHAPE_DEFINITION_REPRESENTATION(#2527,#1522);
#1522=SHAPE_REPRESENTATION('Part 1',(#1523),#2522);
#1523=AXIS2_PLACEMENT_3D('',#1933,#1602,#1603);
#1524=AXIS2_PLACEMENT_3D('',#1934,#1604,#1605);
#1525=AXIS2_PLACEMENT_3D('',#1943,#1610,#1611);
#1526=AXIS2_PLACEMENT_3D('',#1975,#1623,#1624);
#1527=AXIS2_PLACEMENT_3D('',#2010,#1634,#1635);
#1528=AXIS2_PLACEMENT_3D('',#2019,#1640,#1641);
#1529=AXIS2_PLACEMENT_3D('',#2035,#1650,#1651);
#1530=AXIS2_PLACEMENT_3D('',#2043,#1656,#1657);
#1531=AXIS2_PLACEMENT_3D('',#2069,#1673,#1674);
#1532=AXIS2_PLACEMENT_3D('',#2086,#1683,#1684);
#1533=AXIS2_PLACEMENT_3D('',#2097,#1691,#1692);
#1534=AXIS2_PLACEMENT_3D('',#2098,#1693,#1694);
#1535=AXIS2_PLACEMENT_3D('',#2100,#1695,#1696);
#1536=AXIS2_PLACEMENT_3D('',#2119,#1708,#1709);
#1537=AXIS2_PLACEMENT_3D('',#2134,#1718,#1719);
#1538=AXIS2_PLACEMENT_3D('',#2144,#1725,#1726);
#1539=AXIS2_PLACEMENT_3D('',#2145,#1727,#1728);
#1540=AXIS2_PLACEMENT_3D('',#2147,#1730,#1731);
#1541=AXIS2_PLACEMENT_3D('',#2148,#1732,#1733);
#1542=AXIS2_PLACEMENT_3D('',#2149,#1734,#1735);
#1543=AXIS2_PLACEMENT_3D('',#2151,#1737,#1738);
#1544=AXIS2_PLACEMENT_3D('',#2152,#1739,#1740);
#1545=AXIS2_PLACEMENT_3D('',#2154,#1742,#1743);
#1546=AXIS2_PLACEMENT_3D('',#2156,#1745,#1746);
#1547=AXIS2_PLACEMENT_3D('',#2157,#1747,#1748);
#1548=AXIS2_PLACEMENT_3D('',#2163,#1752,#1753);
#1549=AXIS2_PLACEMENT_3D('',#2169,#1757,#1758);
#1550=AXIS2_PLACEMENT_3D('',#2175,#1762,#1763);
#1551=AXIS2_PLACEMENT_3D('',#2177,#1765,#1766);
#1552=AXIS2_PLACEMENT_3D('',#2178,#1767,#1768);
#1553=AXIS2_PLACEMENT_3D('',#2179,#1769,#1770);
#1554=AXIS2_PLACEMENT_3D('',#2180,#1771,#1772);
#1555=AXIS2_PLACEMENT_3D('',#2181,#1773,#1774);
#1556=AXIS2_PLACEMENT_3D('',#2182,#1775,#1776);
#1557=AXIS2_PLACEMENT_3D('',#2183,#1777,#1778);
#1558=AXIS2_PLACEMENT_3D('',#2187,#1781,#1782);
#1559=AXIS2_PLACEMENT_3D('',#2191,#1785,#1786);
#1560=AXIS2_PLACEMENT_3D('',#2193,#1788,#1789);
#1561=AXIS2_PLACEMENT_3D('',#2194,#1790,#1791);
#1562=AXIS2_PLACEMENT_3D('',#2198,#1794,#1795);
#1563=AXIS2_PLACEMENT_3D('',#2202,#1798,#1799);
#1564=AXIS2_PLACEMENT_3D('',#2204,#1801,#1802);
#1565=AXIS2_PLACEMENT_3D('',#2205,#1803,#1804);
#1566=AXIS2_PLACEMENT_3D('',#2214,#1809,#1810);
#1567=AXIS2_PLACEMENT_3D('',#2288,#1818,#1819);
#1568=AXIS2_PLACEMENT_3D('',#2297,#1824,#1825);
#1569=AXIS2_PLACEMENT_3D('',#2303,#1829,#1830);
#1570=AXIS2_PLACEMENT_3D('',#2399,#1840,#1841);
#1571=AXIS2_PLACEMENT_3D('',#2416,#1845,#1846);
#1572=AXIS2_PLACEMENT_3D('',#2419,#1848,#1849);
#1573=AXIS2_PLACEMENT_3D('',#2446,#1852,#1853);
#1574=AXIS2_PLACEMENT_3D('',#2450,#1856,#1857);
#1575=AXIS2_PLACEMENT_3D('',#2466,#1859,#1860);
#1576=AXIS2_PLACEMENT_3D('',#2469,#1863,#1864);
#1577=AXIS2_PLACEMENT_3D('',#2470,#1865,#1866);
#1578=AXIS2_PLACEMENT_3D('',#2471,#1867,#1868);
#1579=AXIS2_PLACEMENT_3D('',#2472,#1869,#1870);
#1580=AXIS2_PLACEMENT_3D('',#2476,#1873,#1874);
#1581=AXIS2_PLACEMENT_3D('',#2480,#1877,#1878);
#1582=AXIS2_PLACEMENT_3D('',#2484,#1881,#1882);
#1583=AXIS2_PLACEMENT_3D('',#2488,#1885,#1886);
#1584=AXIS2_PLACEMENT_3D('',#2492,#1889,#1890);
#1585=AXIS2_PLACEMENT_3D('',#2496,#1893,#1894);
#1586=AXIS2_PLACEMENT_3D('',#2500,#1897,#1898);
#1587=AXIS2_PLACEMENT_3D('',#2502,#1900,#1901);
#1588=AXIS2_PLACEMENT_3D('',#2506,#1904,#1905);
#1589=AXIS2_PLACEMENT_3D('',#2508,#1907,#1908);
#1590=AXIS2_PLACEMENT_3D('',#2509,#1909,#1910);
#1591=AXIS2_PLACEMENT_3D('',#2510,#1911,#1912);
#1592=AXIS2_PLACEMENT_3D('',#2511,#1913,#1914);
#1593=AXIS2_PLACEMENT_3D('',#2512,#1915,#1916);
#1594=AXIS2_PLACEMENT_3D('',#2513,#1917,#1918);
#1595=AXIS2_PLACEMENT_3D('',#2514,#1919,#1920);
#1596=AXIS2_PLACEMENT_3D('',#2515,#1921,#1922);
#1597=AXIS2_PLACEMENT_3D('',#2516,#1923,#1924);
#1598=AXIS2_PLACEMENT_3D('',#2517,#1925,#1926);
#1599=AXIS2_PLACEMENT_3D('',#2518,#1927,#1928);
#1600=AXIS2_PLACEMENT_3D('',#2519,#1929,#1930);
#1601=AXIS2_PLACEMENT_3D('',#2520,#1931,#1932);
#1602=DIRECTION('',(0.,0.,1.));
#1603=DIRECTION('',(1.,0.,0.));
#1604=DIRECTION('',(0.,1.,0.));
#1605=DIRECTION('',(0.,0.,1.));
#1606=DIRECTION('',(1.,0.,0.));
#1607=DIRECTION('',(0.600692465494991,0.,0.799480182304445));
#1608=DIRECTION('',(0.748012116015907,0.,-0.663685071621628));
#1609=DIRECTION('',(0.,0.,-1.));
#1610=DIRECTION('',(0.,1.,0.));
#1611=DIRECTION('',(0.,0.,1.));
#1612=DIRECTION('',(1.,0.,0.));
#1613=DIRECTION('',(0.,0.,1.));
#1614=DIRECTION('',(-1.,0.,0.));
#1615=DIRECTION('',(0.,0.,-1.));
#1616=DIRECTION('',(-0.674809745661384,0.,0.737991739222343));
#1617=DIRECTION('',(-1.,0.,0.));
#1618=DIRECTION('',(0.679216310393519,0.,-0.733938147050155));
#1619=DIRECTION('',(-0.593602659931917,0.,-0.804758275584509));
#1620=DIRECTION('',(1.,0.,0.));
#1621=DIRECTION('',(0.,0.,1.));
#1622=DIRECTION('',(-1.,0.,0.));
#1623=DIRECTION('',(0.,-1.,0.));
#1624=DIRECTION('',(0.,0.,-1.));
#1625=DIRECTION('',(0.,0.,-1.));
#1626=DIRECTION('',(1.,0.,0.));
#1627=DIRECTION('',(0.,0.,-1.));
#1628=DIRECTION('',(-1.,0.,2.31296463463574E-16));
#1629=DIRECTION('',(0.,0.,-1.));
#1630=DIRECTION('',(1.,0.,0.));
#1631=DIRECTION('',(0.,0.,-1.));
#1632=DIRECTION('',(-1.,2.31296463463574E-16,0.));
#1633=DIRECTION('',(0.,0.,-1.));
#1634=DIRECTION('',(0.,1.,0.));
#1635=DIRECTION('',(0.,0.,1.));
#1636=DIRECTION('',(0.,0.,1.));
#1637=DIRECTION('',(-1.,2.31296463463574E-16,0.));
#1638=DIRECTION('',(0.,0.,-1.));
#1639=DIRECTION('',(1.,0.,0.));
#1640=DIRECTION('',(0.,1.,0.));
#1641=DIRECTION('',(0.,0.,1.));
#1642=DIRECTION('',(1.,0.,4.62592926927149E-16));
#1643=DIRECTION('',(0.,0.,-1.));
#1644=DIRECTION('',(1.,0.,0.));
#1645=DIRECTION('',(0.,0.,-1.));
#1646=DIRECTION('',(1.,-2.31296463463574E-16,0.));
#1647=DIRECTION('',(0.,0.,-1.));
#1648=DIRECTION('',(1.,0.,0.));
#1649=DIRECTION('',(0.,0.,-1.));
#1650=DIRECTION('',(0.,1.,0.));
#1651=DIRECTION('',(0.,0.,1.));
#1652=DIRECTION('',(0.,0.,1.));
#1653=DIRECTION('',(1.,-2.31296463463574E-16,0.));
#1654=DIRECTION('',(0.,0.,-1.));
#1655=DIRECTION('',(1.,0.,0.));
#1656=DIRECTION('',(0.,0.,1.));
#1657=DIRECTION('',(1.,0.,0.));
#1658=DIRECTION('',(1.,-2.31296463463574E-16,0.));
#1659=DIRECTION('',(-2.31296463463574E-16,-1.,0.));
#1660=DIRECTION('',(0.,-1.,0.));
#1661=DIRECTION('',(1.,0.,0.));
#1662=DIRECTION('',(0.,-1.,0.));
#1663=DIRECTION('',(0.,-1.,0.));
#1664=DIRECTION('',(1.,0.,0.));
#1665=DIRECTION('',(0.,-1.,0.));
#1666=DIRECTION('',(0.,-1.,0.));
#1667=DIRECTION('',(1.,0.,0.));
#1668=DIRECTION('',(0.,-1.,0.));
#1669=DIRECTION('',(-2.31296463463574E-16,-1.,0.));
#1670=DIRECTION('',(-2.31296463463574E-16,-1.,0.));
#1671=DIRECTION('',(1.,-2.31296463463574E-16,0.));
#1672=DIRECTION('',(-2.31296463463574E-16,-1.,0.));
#1673=DIRECTION('',(-1.,2.77555756156289E-16,0.));
#1674=DIRECTION('',(-2.77555756156289E-16,-1.,0.));
#1675=DIRECTION('',(-2.77555756156289E-16,-1.,0.));
#1676=DIRECTION('',(0.,0.,1.));
#1677=DIRECTION('',(-2.77555756156289E-16,-1.,0.));
#1678=DIRECTION('',(0.,0.,1.));
#1679=DIRECTION('',(-2.77555756156289E-16,-1.,0.));
#1680=DIRECTION('',(0.,0.,1.));
#1681=DIRECTION('',(-2.77555756156289E-16,-1.,0.));
#1682=DIRECTION('',(0.,0.,1.));
#1683=DIRECTION('',(0.,0.,1.));
#1684=DIRECTION('',(1.,0.,0.));
#1685=DIRECTION('',(1.,-2.31296463463574E-16,0.));
#1686=DIRECTION('',(-2.31296463463574E-16,-1.,0.));
#1687=DIRECTION('',(1.,-2.31296463463574E-16,0.));
#1688=DIRECTION('',(1.,0.,0.));
#1689=DIRECTION('',(-2.77555756156289E-16,-1.,0.));
#1690=DIRECTION('',(1.,0.,0.));
#1691=DIRECTION('',(0.,0.,1.));
#1692=DIRECTION('',(1.,0.,0.));
#1693=DIRECTION('',(0.,0.,1.));
#1694=DIRECTION('',(1.,0.,0.));
#1695=DIRECTION('',(0.,0.,1.));
#1696=DIRECTION('',(1.,0.,0.));
#1697=DIRECTION('',(-2.31296463463574E-16,-1.,0.));
#1698=DIRECTION('',(0.,1.,0.));
#1699=DIRECTION('',(1.,0.,0.));
#1700=DIRECTION('',(0.,1.,0.));
#1701=DIRECTION('',(-2.31296463463574E-16,-1.,0.));
#1702=DIRECTION('',(0.,-1.,0.));
#1703=DIRECTION('',(1.,0.,0.));
#1704=DIRECTION('',(0.,-1.,0.));
#1705=DIRECTION('',(1.,0.,0.));
#1706=DIRECTION('',(-2.77555756156289E-16,-1.,0.));
#1707=DIRECTION('',(1.,0.,0.));
#1708=DIRECTION('',(1.,-2.31296463463574E-16,0.));
#1709=DIRECTION('',(2.31296463463574E-16,1.,0.));
#1710=DIRECTION('',(-2.31296463463574E-16,-1.,0.));
#1711=DIRECTION('',(0.,0.,1.));
#1712=DIRECTION('',(-2.31296463463574E-16,-1.,0.));
#1713=DIRECTION('',(0.,0.,1.));
#1714=DIRECTION('',(-2.31296463463574E-16,-1.,0.));
#1715=DIRECTION('',(0.,0.,1.));
#1716=DIRECTION('',(-2.31296463463574E-16,-1.,0.));
#1717=DIRECTION('',(0.,0.,1.));
#1718=DIRECTION('',(1.,-2.31296463463574E-16,0.));
#1719=DIRECTION('',(2.31296463463574E-16,1.,0.));
#1720=DIRECTION('',(0.,0.,1.));
#1721=DIRECTION('',(-2.31296463463574E-16,-1.,0.));
#1722=DIRECTION('',(0.,0.,1.));
#1723=DIRECTION('',(2.31296463463574E-16,1.,0.));
#1724=DIRECTION('',(2.31296463463574E-16,1.,0.));
#1725=DIRECTION('',(0.,0.,1.));
#1726=DIRECTION('',(1.,0.,0.));
#1727=DIRECTION('',(0.,0.,1.));
#1728=DIRECTION('',(1.,0.,0.));
#1729=DIRECTION('',(2.31296463463574E-16,1.,0.));
#1730=DIRECTION('',(1.,-2.31296463463574E-16,0.));
#1731=DIRECTION('',(2.31296463463574E-16,1.,0.));
#1732=DIRECTION('',(0.,0.,1.));
#1733=DIRECTION('',(1.,0.,0.));
#1734=DIRECTION('',(0.,0.,1.));
#1735=DIRECTION('',(1.,0.,0.));
#1736=DIRECTION('',(-2.31296463463574E-16,-1.,0.));
#1737=DIRECTION('',(-1.,2.31296463463574E-16,0.));
#1738=DIRECTION('',(-2.31296463463574E-16,-1.,0.));
#1739=DIRECTION('',(0.,-1.,0.));
#1740=DIRECTION('',(0.,0.,-1.));
#1741=DIRECTION('',(0.,0.,1.));
#1742=DIRECTION('',(0.,-1.,0.));
#1743=DIRECTION('',(0.,0.,-1.));
#1744=DIRECTION('',(0.,0.,1.));
#1745=DIRECTION('',(-1.,2.77555756156289E-16,0.));
#1746=DIRECTION('',(-2.77555756156289E-16,-1.,0.));
#1747=DIRECTION('',(0.,0.,-1.));
#1748=DIRECTION('',(-1.,0.,0.));
#1749=DIRECTION('',(-1.,2.31296463463574E-16,0.));
#1750=DIRECTION('',(-2.77555756156289E-16,-1.,0.));
#1751=DIRECTION('',(-1.,2.31296463463574E-16,0.));
#1752=DIRECTION('',(-2.31296463463574E-16,-1.,0.));
#1753=DIRECTION('',(1.,-2.31296463463574E-16,0.));
#1754=DIRECTION('',(1.,-2.31296463463574E-16,0.));
#1755=DIRECTION('',(0.,0.,1.));
#1756=DIRECTION('',(0.,0.,1.));
#1757=DIRECTION('',(-2.31296463463574E-16,-1.,0.));
#1758=DIRECTION('',(1.,-2.31296463463574E-16,0.));
#1759=DIRECTION('',(0.,0.,1.));
#1760=DIRECTION('',(1.,-2.31296463463574E-16,0.));
#1761=DIRECTION('',(0.,0.,1.));
#1762=DIRECTION('',(-1.,2.31296463463574E-16,0.));
#1763=DIRECTION('',(-2.31296463463574E-16,-1.,0.));
#1764=DIRECTION('',(-2.31296463463574E-16,-1.,0.));
#1765=DIRECTION('',(0.,0.,1.));
#1766=DIRECTION('',(1.,0.,0.));
#1767=DIRECTION('',(0.,0.,1.));
#1768=DIRECTION('',(1.,0.,0.));
#1769=DIRECTION('',(0.,0.,1.));
#1770=DIRECTION('',(1.,0.,0.));
#1771=DIRECTION('',(0.,0.,1.));
#1772=DIRECTION('',(1.,0.,0.));
#1773=DIRECTION('',(0.,0.,1.));
#1774=DIRECTION('',(1.,0.,0.));
#1775=DIRECTION('',(0.,0.,1.));
#1776=DIRECTION('',(1.,0.,0.));
#1777=DIRECTION('',(-1.,0.,0.));
#1778=DIRECTION('',(0.,0.,1.));
#1779=DIRECTION('',(0.,-1.,0.));
#1780=DIRECTION('',(0.,0.,-1.));
#1781=DIRECTION('',(2.31296463463574E-16,0.,1.));
#1782=DIRECTION('',(1.,0.,-2.31296463463574E-16));
#1783=DIRECTION('',(0.,-1.,0.));
#1784=DIRECTION('',(-1.,0.,2.31296463463574E-16));
#1785=DIRECTION('',(1.,0.,0.));
#1786=DIRECTION('',(0.,0.,-1.));
#1787=DIRECTION('',(0.,0.,1.));
#1788=DIRECTION('',(0.,1.,0.));
#1789=DIRECTION('',(-1.,0.,0.));
#1790=DIRECTION('',(1.,0.,0.));
#1791=DIRECTION('',(0.,0.,-1.));
#1792=DIRECTION('',(0.,1.,0.));
#1793=DIRECTION('',(0.,0.,-1.));
#1794=DIRECTION('',(-4.62592926927149E-16,0.,1.));
#1795=DIRECTION('',(1.,0.,4.62592926927149E-16));
#1796=DIRECTION('',(0.,1.,0.));
#1797=DIRECTION('',(1.,0.,4.62592926927149E-16));
#1798=DIRECTION('',(-1.,0.,0.));
#1799=DIRECTION('',(0.,0.,1.));
#1800=DIRECTION('',(0.,0.,1.));
#1801=DIRECTION('',(0.,-1.,0.));
#1802=DIRECTION('',(1.,0.,0.));
#1803=DIRECTION('',(-1.,0.,0.));
#1804=DIRECTION('',(0.,0.,1.));
#1805=DIRECTION('',(0.,0.,-1.));
#1806=DIRECTION('',(0.,-1.,0.));
#1807=DIRECTION('',(0.,0.,-1.));
#1808=DIRECTION('',(0.,-1.,0.));
#1809=DIRECTION('',(0.,0.,-1.));
#1810=DIRECTION('',(-1.,0.,0.));
#1811=DIRECTION('',(1.,0.,0.));
#1812=DIRECTION('',(0.,-1.,0.));
#1813=DIRECTION('',(1.,0.,0.));
#1814=DIRECTION('',(0.,-1.,0.));
#1815=DIRECTION('',(0.,-1.,0.));
#1816=DIRECTION('',(0.,-1.,0.));
#1817=DIRECTION('',(0.,-1.,0.));
#1818=DIRECTION('',(0.,0.,1.));
#1819=DIRECTION('',(1.,0.,0.));
#1820=DIRECTION('',(-1.,0.,0.));
#1821=DIRECTION('',(0.,-1.,0.));
#1822=DIRECTION('',(-1.,0.,0.));
#1823=DIRECTION('',(0.,-1.,0.));
#1824=DIRECTION('',(-1.,0.,0.));
#1825=DIRECTION('',(0.,0.,1.));
#1826=DIRECTION('',(0.,0.,-1.));
#1827=DIRECTION('',(0.,-1.,0.));
#1828=DIRECTION('',(0.,0.,-1.));
#1829=DIRECTION('',(0.,0.,-1.));
#1830=DIRECTION('',(-1.,0.,0.));
#1831=DIRECTION('',(1.,0.,0.));
#1832=DIRECTION('',(0.,-1.,0.));
#1833=DIRECTION('',(1.,0.,0.));
#1834=DIRECTION('',(0.,-1.,0.));
#1835=DIRECTION('',(0.,-1.,0.));
#1836=DIRECTION('',(0.,-1.,0.));
#1837=DIRECTION('',(0.,-1.,0.));
#1838=DIRECTION('',(0.,-1.,0.));
#1839=DIRECTION('',(0.,-1.,0.));
#1840=DIRECTION('',(-1.,0.,0.));
#1841=DIRECTION('',(0.,0.,1.));
#1842=DIRECTION('',(0.,-1.,0.));
#1843=DIRECTION('',(0.,0.,-1.));
#1844=DIRECTION('',(0.,-1.,0.));
#1845=DIRECTION('',(0.,-1.,0.));
#1846=DIRECTION('',(-0.94407863604446,0.,-0.329720379965253));
#1847=DIRECTION('',(0.,-1.,0.));
#1848=DIRECTION('',(0.,-1.,0.));
#1849=DIRECTION('',(0.,0.,-1.));
#1850=DIRECTION('',(0.,-1.,0.));
#1851=DIRECTION('',(0.,-1.,0.));
#1852=DIRECTION('',(0.,0.,1.));
#1853=DIRECTION('',(1.,0.,0.));
#1854=DIRECTION('',(0.,-1.,0.));
#1855=DIRECTION('',(-1.,0.,0.));
#1856=DIRECTION('',(1.,0.,0.));
#1857=DIRECTION('',(0.,0.,-1.));
#1858=DIRECTION('',(0.,0.,1.));
#1859=DIRECTION('',(0.,0.,1.));
#1860=DIRECTION('',(1.,0.,0.));
#1861=DIRECTION('',(-1.,0.,0.));
#1862=DIRECTION('',(-1.,0.,0.));
#1863=DIRECTION('',(0.,1.,0.));
#1864=DIRECTION('',(-1.,0.,0.));
#1865=DIRECTION('',(0.,1.,0.));
#1866=DIRECTION('',(0.,0.,1.));
#1867=DIRECTION('',(0.,1.,0.));
#1868=DIRECTION('',(0.,0.,1.));
#1869=DIRECTION('',(0.799480182304445,0.,-0.600692465494991));
#1870=DIRECTION('',(-0.600692465494991,0.,-0.799480182304445));
#1871=DIRECTION('',(0.600692465494991,0.,0.799480182304445));
#1872=DIRECTION('',(0.,-1.,0.));
#1873=DIRECTION('',(-0.804758275584509,0.,0.593602659931917));
#1874=DIRECTION('',(0.593602659931917,0.,0.804758275584509));
#1875=DIRECTION('',(0.,-1.,0.));
#1876=DIRECTION('',(-0.593602659931917,0.,-0.804758275584509));
#1877=DIRECTION('',(-0.733938147050155,0.,-0.679216310393519));
#1878=DIRECTION('',(-0.679216310393519,0.,0.733938147050155));
#1879=DIRECTION('',(0.,-1.,0.));
#1880=DIRECTION('',(0.679216310393519,0.,-0.733938147050155));
#1881=DIRECTION('',(0.,0.,1.));
#1882=DIRECTION('',(1.,0.,0.));
#1883=DIRECTION('',(0.,-1.,0.));
#1884=DIRECTION('',(-1.,0.,0.));
#1885=DIRECTION('',(0.737991739222343,0.,0.674809745661384));
#1886=DIRECTION('',(0.674809745661384,0.,-0.737991739222343));
#1887=DIRECTION('',(0.,-1.,0.));
#1888=DIRECTION('',(-0.674809745661384,0.,0.737991739222343));
#1889=DIRECTION('',(-1.,0.,0.));
#1890=DIRECTION('',(0.,0.,1.));
#1891=DIRECTION('',(0.,-1.,0.));
#1892=DIRECTION('',(0.,0.,-1.));
#1893=DIRECTION('',(0.,0.,1.));
#1894=DIRECTION('',(1.,0.,0.));
#1895=DIRECTION('',(0.,-1.,0.));
#1896=DIRECTION('',(-1.,0.,0.));
#1897=DIRECTION('',(1.,0.,0.));
#1898=DIRECTION('',(0.,0.,-1.));
#1899=DIRECTION('',(0.,0.,1.));
#1900=DIRECTION('',(-1.,0.,0.));
#1901=DIRECTION('',(0.,0.,1.));
#1902=DIRECTION('',(0.,-1.,0.));
#1903=DIRECTION('',(0.,0.,-1.));
#1904=DIRECTION('',(-0.663685071621628,0.,-0.748012116015907));
#1905=DIRECTION('',(-0.748012116015907,0.,0.663685071621628));
#1906=DIRECTION('',(0.748012116015907,0.,-0.663685071621628));
#1907=DIRECTION('',(0.,1.,0.));
#1908=DIRECTION('',(-1.,0.,0.));
#1909=DIRECTION('',(1.,-2.31296463463574E-16,0.));
#1910=DIRECTION('',(2.31296463463574E-16,1.,0.));
#1911=DIRECTION('',(0.707106781186548,-1.6355129777956E-16,-0.707106781186548));
#1912=DIRECTION('',(-0.707106781186548,1.6355129777956E-16,-0.707106781186548));
#1913=DIRECTION('',(0.707106781186547,-0.707106781186548,0.));
#1914=DIRECTION('',(0.707106781186548,0.707106781186547,0.));
#1915=DIRECTION('',(-2.31296463463574E-16,-1.,0.));
#1916=DIRECTION('',(1.,-2.31296463463574E-16,0.));
#1917=DIRECTION('',(-0.707106781186548,-0.707106781186547,0.));
#1918=DIRECTION('',(0.707106781186547,-0.707106781186548,0.));
#1919=DIRECTION('',(0.,0.,-1.));
#1920=DIRECTION('',(-1.,0.,0.));
#1921=DIRECTION('',(1.96261557335472E-16,0.707106781186548,-0.707106781186548));
#1922=DIRECTION('',(1.96261557335472E-16,0.707106781186548,0.707106781186548));
#1923=DIRECTION('',(-1.,2.31296463463574E-16,0.));
#1924=DIRECTION('',(-2.31296463463574E-16,-1.,0.));
#1925=DIRECTION('',(-0.707106781186548,1.6355129777956E-16,0.707106781186548));
#1926=DIRECTION('',(0.707106781186548,-1.6355129777956E-16,0.707106781186548));
#1927=DIRECTION('',(2.77555756156289E-16,1.,0.));
#1928=DIRECTION('',(-1.,2.77555756156289E-16,0.));
#1929=DIRECTION('',(1.96261557335472E-16,0.707106781186548,0.707106781186548));
#1930=DIRECTION('',(-1.96261557335472E-16,-0.707106781186548,0.707106781186548));
#1931=DIRECTION('',(0.,0.,1.));
#1932=DIRECTION('',(1.,0.,0.));
#1933=CARTESIAN_POINT('',(0.,0.,0.));
#1934=CARTESIAN_POINT('',(1.7347234759768E-18,0.0075,0.02));
#1935=CARTESIAN_POINT('',(1.7347234759768E-18,0.0075,0.));
#1936=CARTESIAN_POINT('',(0.0136717305632737,0.0075,0.));
#1937=CARTESIAN_POINT('',(0.0145339193832377,0.0075,0.));
#1938=CARTESIAN_POINT('',(0.0140065123695331,0.0075,0.000445571461063487));
#1939=CARTESIAN_POINT('',(0.0143412941757924,0.0075,0.000891142922126973));
#1940=CARTESIAN_POINT('',(0.0144376067795151,0.0075,0.000805688106715429));
#1941=CARTESIAN_POINT('',(0.0145339193832377,0.0075,0.000720233291303881));
#1942=CARTESIAN_POINT('',(0.0145339193832377,0.0075,0.000360116645651942));
#1943=CARTESIAN_POINT('',(1.7347234759768E-18,0.0075,0.02));
#1944=CARTESIAN_POINT('',(1.7347234759768E-18,0.0075,0.));
#1945=CARTESIAN_POINT('',(0.0147474558866896,0.0075,0.));
#1946=CARTESIAN_POINT('',(0.015,0.0075,0.));
#1947=CARTESIAN_POINT('',(0.0147474558866896,0.0075,0.000918689533212576));
#1948=CARTESIAN_POINT('',(0.0147474558866896,0.0075,0.00183737906642515));
#1949=CARTESIAN_POINT('',(0.0146406876349637,0.0075,0.00183737906642515));
#1950=CARTESIAN_POINT('',(0.0145339193832377,0.0075,0.00183737906642515));
#1951=CARTESIAN_POINT('',(0.0145339193832377,0.0075,0.00138175409766619));
#1952=CARTESIAN_POINT('',(0.0145339193832377,0.0075,0.00092612912890723));
#1953=CARTESIAN_POINT('',(0.0141173020243372,0.0075,0.00138175409766619));
#1954=CARTESIAN_POINT('',(0.0137006846654367,0.0075,0.00183737906642515));
#1955=CARTESIAN_POINT('',(0.0135744126087815,0.0075,0.00183737906642515));
#1956=CARTESIAN_POINT('',(0.0134481405521264,0.0075,0.00183737906642515));
#1957=CARTESIAN_POINT('',(0.0138175064248581,0.0075,0.00143825481091476));
#1958=CARTESIAN_POINT('',(0.0141868722975899,0.0075,0.00103913055540437));
#1959=CARTESIAN_POINT('',(0.0138036325842384,0.0075,0.000519565277702188));
#1960=CARTESIAN_POINT('',(0.0134203928708868,0.0075,0.));
#1961=CARTESIAN_POINT('',(1.7347234759768E-18,0.0075,0.));
#1962=CARTESIAN_POINT('',(0.0131678487575765,0.0075,0.));
#1963=CARTESIAN_POINT('',(0.0131678487575765,0.0075,0.000918689533212576));
#1964=CARTESIAN_POINT('',(0.0131678487575765,0.0075,0.00183737906642515));
#1965=CARTESIAN_POINT('',(0.0129082671888793,0.0075,0.00183737906642515));
#1966=CARTESIAN_POINT('',(0.0126486856201821,0.0075,0.00183737906642515));
#1967=CARTESIAN_POINT('',(0.0126486856201821,0.0075,0.00183737906642515));
#1968=CARTESIAN_POINT('',(0.0122831400803746,0.0075,0.00183737906642515));
#1969=CARTESIAN_POINT('',(0.0121196700452462,0.0075,0.00172799690269837));
#1970=CARTESIAN_POINT('',(0.0121196700452462,0.0075,0.00172799690269837));
#1971=CARTESIAN_POINT('',(0.0121196700452462,0.0075,0.00172799690269837));
#1972=CARTESIAN_POINT('',(0.0119562000101178,0.0075,0.0016186147389716));
#1973=CARTESIAN_POINT('',(0.0119562000101178,0.0075,0.00138255837828183));
#1974=CARTESIAN_POINT('',(0.0119562000101178,0.0075,0.00138255837828183));
#1975=CARTESIAN_POINT('',(0.0123568061711324,0.0075,0.0013652230176372));
#1976=CARTESIAN_POINT('',(0.0120472847898388,0.0075,0.00111272223173526));
#1977=CARTESIAN_POINT('',(0.0120472847898388,0.0075,0.00111272223173526));
#1978=CARTESIAN_POINT('',(0.0121383695695598,0.0075,0.00100655719047103));
#1979=CARTESIAN_POINT('',(0.0123133006034611,0.0075,0.00097519024646115));
#1980=CARTESIAN_POINT('',(0.0123133006034611,0.0075,0.00097519024646115));
#1981=CARTESIAN_POINT('',(0.0123133006034611,0.0075,0.000968957071689955));
#1982=CARTESIAN_POINT('',(0.0123133006034611,0.0075,0.00096272389691876));
#1983=CARTESIAN_POINT('',(0.0123133006034611,0.0075,0.00096272389691876));
#1984=CARTESIAN_POINT('',(0.0118946725430214,0.0075,0.000891142922126973));
#1985=CARTESIAN_POINT('',(0.0118946725430214,0.0075,0.00052278240016474));
#1986=CARTESIAN_POINT('',(0.0118946725430214,0.0075,0.00052278240016474));
#1987=CARTESIAN_POINT('',(0.0118946725430214,0.0075,0.00052278240016474));
#1988=CARTESIAN_POINT('',(0.0118946725430214,0.0075,0.000276672531779493));
#1989=CARTESIAN_POINT('',(0.0120611586304585,0.0075,0.000138336265889747));
#1990=CARTESIAN_POINT('',(0.0120611586304585,0.0075,0.000138336265889747));
#1991=CARTESIAN_POINT('',(0.0120611586304585,0.0075,0.000138336265889747));
#1992=CARTESIAN_POINT('',(0.0122276447178956,0.0075,0.));
#1993=CARTESIAN_POINT('',(0.012526837106913,0.0075,0.));
#1994=CARTESIAN_POINT('',(0.012526837106913,0.0075,0.));
#1995=CARTESIAN_POINT('',(1.7347234759768E-18,0.0075,0.));
#1996=CARTESIAN_POINT('',(-0.015,0.0075,0.));
#1997=CARTESIAN_POINT('',(-0.015,0.0075,0.02));
#1998=CARTESIAN_POINT('',(-0.015,0.0075,0.018));
#1999=CARTESIAN_POINT('',(-0.0075,0.0075,0.018));
#2000=CARTESIAN_POINT('',(0.,0.0075,0.018));
#2001=CARTESIAN_POINT('',(1.7347234759768E-18,0.0075,0.019));
#2002=CARTESIAN_POINT('',(4.33680868994202E-19,0.0075,0.02));
#2003=CARTESIAN_POINT('',(1.7347234759768E-18,0.0075,0.02));
#2004=CARTESIAN_POINT('',(0.021,0.0075,0.02));
#2005=CARTESIAN_POINT('',(0.021,0.0075,0.02));
#2006=CARTESIAN_POINT('',(0.021,0.0075,0.018));
#2007=CARTESIAN_POINT('',(0.021,0.0075,0.018));
#2008=CARTESIAN_POINT('',(0.015,0.0075,0.018));
#2009=CARTESIAN_POINT('',(0.015,0.0075,0.02));
#2010=CARTESIAN_POINT('',(-1.7347234759768E-18,-0.0075,0.02));
#2011=CARTESIAN_POINT('',(0.015,-0.0075,0.019));
#2012=CARTESIAN_POINT('',(0.015,-0.0075,0.018));
#2013=CARTESIAN_POINT('',(0.015,-0.0075,0.02));
#2014=CARTESIAN_POINT('',(0.021,-0.0075,0.018));
#2015=CARTESIAN_POINT('',(0.021,-0.0075,0.018));
#2016=CARTESIAN_POINT('',(0.021,-0.0075,0.02));
#2017=CARTESIAN_POINT('',(0.021,-0.0075,0.02));
#2018=CARTESIAN_POINT('',(-1.7347234759768E-18,-0.0075,0.02));
#2019=CARTESIAN_POINT('',(-1.7347234759768E-18,-0.0075,0.02));
#2020=CARTESIAN_POINT('',(0.0075,-0.0075,0.018));
#2021=CARTESIAN_POINT('',(0.,-0.0075,0.018));
#2022=CARTESIAN_POINT('',(-1.7347234759768E-18,-0.0075,0.019));
#2023=CARTESIAN_POINT('',(-4.33680868994202E-19,-0.0075,0.02));
#2024=CARTESIAN_POINT('',(-1.7347234759768E-18,-0.0075,0.02));
#2025=CARTESIAN_POINT('',(-0.021,-0.0075,0.02));
#2026=CARTESIAN_POINT('',(-0.021,-0.0075,0.02));
#2027=CARTESIAN_POINT('',(-0.021,-0.0075,0.018));
#2028=CARTESIAN_POINT('',(-0.021,-0.0075,0.018));
#2029=CARTESIAN_POINT('',(-0.015,-0.0075,0.018));
#2030=CARTESIAN_POINT('',(-0.015,-0.0075,0.02));
#2031=CARTESIAN_POINT('',(-0.015,-0.0075,0.));
#2032=CARTESIAN_POINT('',(-1.7347234759768E-18,-0.0075,0.));
#2033=CARTESIAN_POINT('',(0.015,-0.0075,0.));
#2034=CARTESIAN_POINT('',(0.015,-0.0075,0.02));
#2035=CARTESIAN_POINT('',(1.7347234759768E-18,0.0075,0.02));
#2036=CARTESIAN_POINT('',(-0.015,0.0075,0.019));
#2037=CARTESIAN_POINT('',(-0.015,0.0075,0.02));
#2038=CARTESIAN_POINT('',(-0.021,0.0075,0.018));
#2039=CARTESIAN_POINT('',(-0.021,0.0075,0.018));
#2040=CARTESIAN_POINT('',(-0.021,0.0075,0.02));
#2041=CARTESIAN_POINT('',(-0.021,0.0075,0.02));
#2042=CARTESIAN_POINT('',(1.7347234759768E-18,0.0075,0.02));
#2043=CARTESIAN_POINT('',(0.,0.,0.));
#2044=CARTESIAN_POINT('',(1.04083408558608E-18,0.0045,0.));
#2045=CARTESIAN_POINT('',(-0.015,0.0045,0.));
#2046=CARTESIAN_POINT('',(-0.005,0.0045,0.));
#2047=CARTESIAN_POINT('',(-0.015,0.,0.));
#2048=CARTESIAN_POINT('',(0.012526837106913,0.0077,0.));
#2049=CARTESIAN_POINT('',(0.012526837106913,0.0077,0.));
#2050=CARTESIAN_POINT('',(1.7347234759768E-18,0.0077,0.));
#2051=CARTESIAN_POINT('',(0.0131678487575765,0.0077,0.));
#2052=CARTESIAN_POINT('',(0.0131678487575765,0.0077,0.));
#2053=CARTESIAN_POINT('',(0.0134203928708868,0.0077,-5.42101086242752E-19));
#2054=CARTESIAN_POINT('',(0.0134203928708868,0.0077,-5.42101086242752E-19));
#2055=CARTESIAN_POINT('',(1.7347234759768E-18,0.0077,0.));
#2056=CARTESIAN_POINT('',(0.0136717305632737,0.0077,-4.60785923306339E-19));
#2057=CARTESIAN_POINT('',(0.0136717305632737,0.0077,-4.60785923306339E-19));
#2058=CARTESIAN_POINT('',(0.0145339193832377,0.0077,0.));
#2059=CARTESIAN_POINT('',(0.0145339193832377,0.0077,0.));
#2060=CARTESIAN_POINT('',(1.7347234759768E-18,0.0077,0.));
#2061=CARTESIAN_POINT('',(0.0147474558866896,0.0077,0.));
#2062=CARTESIAN_POINT('',(0.0147474558866896,0.0077,0.));
#2063=CARTESIAN_POINT('',(0.015,0.,0.));
#2064=CARTESIAN_POINT('',(-0.015,0.,0.));
#2065=CARTESIAN_POINT('',(-0.015,-0.0045,0.));
#2066=CARTESIAN_POINT('',(-1.04083408558608E-18,-0.0045,0.));
#2067=CARTESIAN_POINT('',(-0.005,-0.0045,0.));
#2068=CARTESIAN_POINT('',(-0.005,1.15648231731787E-18,0.));
#2069=CARTESIAN_POINT('',(-0.01125,0.,0.002));
#2070=CARTESIAN_POINT('',(-0.01125,0.,0.002));
#2071=CARTESIAN_POINT('',(-0.01125,-0.00476556,0.002));
#2072=CARTESIAN_POINT('',(-0.01125,-0.00625,0.002));
#2073=CARTESIAN_POINT('',(-0.01125,-0.00476556,0.002));
#2074=CARTESIAN_POINT('',(-0.01125,-0.00476556,0.00526556));
#2075=CARTESIAN_POINT('',(-0.01125,0.0045,0.00526556));
#2076=CARTESIAN_POINT('',(-0.01125,0.00476556,0.00526556));
#2077=CARTESIAN_POINT('',(-0.01125,0.00476556,0.002));
#2078=CARTESIAN_POINT('',(-0.01125,0.00476556,0.002));
#2079=CARTESIAN_POINT('',(-0.01125,0.,0.002));
#2080=CARTESIAN_POINT('',(-0.01125,0.00625,0.002));
#2081=CARTESIAN_POINT('',(-0.01125,0.00625,0.002));
#2082=CARTESIAN_POINT('',(-0.01125,0.00625,0.02));
#2083=CARTESIAN_POINT('',(-0.01125,0.,0.02));
#2084=CARTESIAN_POINT('',(-0.01125,-0.00625,0.02));
#2085=CARTESIAN_POINT('',(-0.01125,-0.00625,0.002));
#2086=CARTESIAN_POINT('',(0.,0.,0.002));
#2087=CARTESIAN_POINT('',(1.10225717442347E-18,0.00476556,0.002));
#2088=CARTESIAN_POINT('',(-0.00473444,0.00476556,0.002));
#2089=CARTESIAN_POINT('',(-0.00473444,1.09505922848048E-18,0.002));
#2090=CARTESIAN_POINT('',(-0.00473444,-0.00476556,0.002));
#2091=CARTESIAN_POINT('',(-0.01125,-0.00476556,0.002));
#2092=CARTESIAN_POINT('',(-1.7347234759768E-18,-0.00625,0.002));
#2093=CARTESIAN_POINT('',(0.01125,-0.00625,0.002));
#2094=CARTESIAN_POINT('',(0.01125,0.,0.002));
#2095=CARTESIAN_POINT('',(0.01125,0.00625,0.002));
#2096=CARTESIAN_POINT('',(1.7347234759768E-18,0.00625,0.002));
#2097=CARTESIAN_POINT('',(0.,0.,0.02));
#2098=CARTESIAN_POINT('',(0.01475,-3.3987898307507E-18,0.02));
#2099=CARTESIAN_POINT('',(0.01725,-3.3987898307507E-18,0.02));
#2100=CARTESIAN_POINT('',(-0.01475,-3.26555831038806E-18,0.02));
#2101=CARTESIAN_POINT('',(-0.01225,-3.26555831038806E-18,0.02));
#2102=CARTESIAN_POINT('',(-0.021,1.38777878078145E-18,0.02));
#2103=CARTESIAN_POINT('',(-8.67361737988404E-19,-0.0125,0.02));
#2104=CARTESIAN_POINT('',(-8.67361737988404E-19,-0.0125,0.02));
#2105=CARTESIAN_POINT('',(-1.7347234759768E-18,-0.0125,0.02));
#2106=CARTESIAN_POINT('',(0.015,-0.0125,0.02));
#2107=CARTESIAN_POINT('',(0.015,-0.0125,0.02));
#2108=CARTESIAN_POINT('',(0.021,-1.38777878078145E-18,0.02));
#2109=CARTESIAN_POINT('',(8.67361737988404E-19,0.0125,0.02));
#2110=CARTESIAN_POINT('',(8.67361737988404E-19,0.0125,0.02));
#2111=CARTESIAN_POINT('',(1.7347234759768E-18,0.0125,0.02));
#2112=CARTESIAN_POINT('',(-0.015,0.0125,0.02));
#2113=CARTESIAN_POINT('',(-0.015,0.0125,0.02));
#2114=CARTESIAN_POINT('',(1.7347234759768E-18,0.00625,0.02));
#2115=CARTESIAN_POINT('',(0.01125,0.00625,0.02));
#2116=CARTESIAN_POINT('',(0.01125,0.,0.02));
#2117=CARTESIAN_POINT('',(0.01125,-0.00625,0.02));
#2118=CARTESIAN_POINT('',(-1.7347234759768E-18,-0.00625,0.02));
#2119=CARTESIAN_POINT('',(-0.015,0.,0.02));
#2120=CARTESIAN_POINT('',(-0.015,0.,0.012));
#2121=CARTESIAN_POINT('',(-0.015,0.00248746859276654,0.012));
#2122=CARTESIAN_POINT('',(-0.015,-0.00248746859276656,0.012));
#2123=CARTESIAN_POINT('',(-0.015,0.00248746859276654,0.012));
#2124=CARTESIAN_POINT('',(-0.015,0.00248746859276654,0.018));
#2125=CARTESIAN_POINT('',(-0.015,0.,0.018));
#2126=CARTESIAN_POINT('',(-0.015,0.0045,-8.67361737988404E-19));
#2127=CARTESIAN_POINT('',(-0.015,0.0045,0.005));
#2128=CARTESIAN_POINT('',(-0.015,0.,0.005));
#2129=CARTESIAN_POINT('',(-0.015,-0.0045,0.005));
#2130=CARTESIAN_POINT('',(-0.015,-0.0045,0.));
#2131=CARTESIAN_POINT('',(-0.015,0.,0.018));
#2132=CARTESIAN_POINT('',(-0.015,-0.00248746859276656,0.018));
#2133=CARTESIAN_POINT('',(-0.015,-0.00248746859276656,0.012));
#2134=CARTESIAN_POINT('',(0.015,0.,0.02));
#2135=CARTESIAN_POINT('',(0.015,0.00248746859276654,0.012));
#2136=CARTESIAN_POINT('',(0.015,0.00248746859276654,0.012));
#2137=CARTESIAN_POINT('',(0.015,0.00248746859276654,0.018));
#2138=CARTESIAN_POINT('',(0.015,0.,0.012));
#2139=CARTESIAN_POINT('',(0.015,-0.00248746859276656,0.012));
#2140=CARTESIAN_POINT('',(0.015,-0.00248746859276656,0.012));
#2141=CARTESIAN_POINT('',(0.015,-0.00248746859276656,0.018));
#2142=CARTESIAN_POINT('',(0.015,0.,0.018));
#2143=CARTESIAN_POINT('',(0.015,0.,0.018));
#2144=CARTESIAN_POINT('',(0.021,-1.38777878078145E-18,0.018));
#2145=CARTESIAN_POINT('',(0.01475,-3.3987898307507E-18,0.018));
#2146=CARTESIAN_POINT('',(0.021,-1.38777878078145E-18,0.018));
#2147=CARTESIAN_POINT('',(0.021,-1.38777878078145E-18,0.01));
#2148=CARTESIAN_POINT('',(-0.021,1.38777878078145E-18,0.018));
#2149=CARTESIAN_POINT('',(-0.01475,-3.26555831038806E-18,0.018));
#2150=CARTESIAN_POINT('',(-0.021,1.38777878078145E-18,0.018));
#2151=CARTESIAN_POINT('',(-0.021,1.38777878078145E-18,0.01));
#2152=CARTESIAN_POINT('',(1.7347234759768E-18,0.00625,0.002));
#2153=CARTESIAN_POINT('',(0.01125,0.00625,0.002));
#2154=CARTESIAN_POINT('',(-1.7347234759768E-18,-0.00625,0.002));
#2155=CARTESIAN_POINT('',(0.01125,-0.00625,0.002));
#2156=CARTESIAN_POINT('',(0.01125,0.,0.002));
#2157=CARTESIAN_POINT('',(-0.005,-2.31296463463574E-18,0.005));
#2158=CARTESIAN_POINT('',(-0.005,0.0045,0.005));
#2159=CARTESIAN_POINT('',(-0.01151556,0.0045,0.005));
#2160=CARTESIAN_POINT('',(-0.01151556,-0.0045,0.005));
#2161=CARTESIAN_POINT('',(-0.01151556,-0.0045,0.005));
#2162=CARTESIAN_POINT('',(-0.005,-0.0045,0.005));
#2163=CARTESIAN_POINT('',(-0.005,0.0045,-8.67361737988404E-19));
#2164=CARTESIAN_POINT('',(-0.005,0.0045,0.00173444));
#2165=CARTESIAN_POINT('',(-0.005,0.0045,0.00173444));
#2166=CARTESIAN_POINT('',(-0.01151556,0.0045,0.00173444));
#2167=CARTESIAN_POINT('',(-0.01151556,0.0045,0.005));
#2168=CARTESIAN_POINT('',(-0.005,0.0045,-8.67361737988404E-19));
#2169=CARTESIAN_POINT('',(-0.005,-0.0045,0.));
#2170=CARTESIAN_POINT('',(-0.01151556,-0.0045,0.));
#2171=CARTESIAN_POINT('',(-0.01151556,-0.0045,0.00173444));
#2172=CARTESIAN_POINT('',(-0.005,-0.0045,0.00173444));
#2173=CARTESIAN_POINT('',(-0.005,-0.0045,0.00173444));
#2174=CARTESIAN_POINT('',(-0.005,-0.0045,0.));
#2175=CARTESIAN_POINT('',(-0.005,-2.31296463463574E-18,0.0065));
#2176=CARTESIAN_POINT('',(-0.005,-2.31296463463574E-18,0.00173444));
#2177=CARTESIAN_POINT('',(0.,0.,0.012));
#2178=CARTESIAN_POINT('',(-0.01475,-3.26555831038806E-18,0.012));
#2179=CARTESIAN_POINT('',(-0.01475,-3.26555831038806E-18,0.012));
#2180=CARTESIAN_POINT('',(0.01475,-3.3987898307507E-18,0.012));
#2181=CARTESIAN_POINT('',(0.01475,-3.3987898307507E-18,0.012));
#2182=CARTESIAN_POINT('',(0.,0.,0.012));
#2183=CARTESIAN_POINT('',(1.7347234759768E-18,0.0125,0.019));
#2184=CARTESIAN_POINT('',(0.,0.0125,0.018));
#2185=CARTESIAN_POINT('',(0.,0.0125,0.018));
#2186=CARTESIAN_POINT('',(1.7347234759768E-18,0.0125,0.019));
#2187=CARTESIAN_POINT('',(-0.0075,0.0125,0.018));
#2188=CARTESIAN_POINT('',(-0.015,0.0125,0.018));
#2189=CARTESIAN_POINT('',(-0.015,0.0125,0.018));
#2190=CARTESIAN_POINT('',(-0.0075,0.0125,0.018));
#2191=CARTESIAN_POINT('',(-0.015,0.0125,0.019));
#2192=CARTESIAN_POINT('',(-0.015,0.0125,0.019));
#2193=CARTESIAN_POINT('',(0.,0.0125,0.01));
#2194=CARTESIAN_POINT('',(-1.7347234759768E-18,-0.0125,0.019));
#2195=CARTESIAN_POINT('',(0.,-0.0125,0.018));
#2196=CARTESIAN_POINT('',(0.,-0.0125,0.018));
#2197=CARTESIAN_POINT('',(-1.7347234759768E-18,-0.0125,0.019));
#2198=CARTESIAN_POINT('',(0.0075,-0.0125,0.018));
#2199=CARTESIAN_POINT('',(0.015,-0.0125,0.018));
#2200=CARTESIAN_POINT('',(0.015,-0.0125,0.018));
#2201=CARTESIAN_POINT('',(0.0075,-0.0125,0.018));
#2202=CARTESIAN_POINT('',(0.015,-0.0125,0.019));
#2203=CARTESIAN_POINT('',(0.015,-0.0125,0.019));
#2204=CARTESIAN_POINT('',(0.,-0.0125,0.01));
#2205=CARTESIAN_POINT('',(0.0129543122541246,0.0077,0.000525999522627293));
#2206=CARTESIAN_POINT('',(0.0129543122541246,0.0075,0.000525999522627293));
#2207=CARTESIAN_POINT('',(0.0129543122541246,0.0075,0.000869829485812563));
#2208=CARTESIAN_POINT('',(0.0129543122541246,0.0075,0.000182169559442021));
#2209=CARTESIAN_POINT('',(0.0129543122541246,0.0077,0.000869829485812564));
#2210=CARTESIAN_POINT('',(0.0129543122541246,0.0077,0.000869829485812564));
#2211=CARTESIAN_POINT('',(0.0129543122541246,0.0077,0.000525999522627293));
#2212=CARTESIAN_POINT('',(0.0129543122541246,0.0077,0.000182169559442021));
#2213=CARTESIAN_POINT('',(0.0129543122541246,0.0077,0.000182169559442021));
#2214=CARTESIAN_POINT('',(0.0127713384140669,0.0077,0.000869829485812564));
#2215=CARTESIAN_POINT('',(0.0127713384140669,0.0075,0.000869829485812564));
#2216=CARTESIAN_POINT('',(0.0125883645740093,0.0075,0.000869829485812564));
#2217=CARTESIAN_POINT('',(0.0125883645740093,0.0077,0.000869829485812564));
#2218=CARTESIAN_POINT('',(0.0125883645740093,0.0077,0.000869829485812564));
#2219=CARTESIAN_POINT('',(0.0127713384140669,0.0077,0.000869829485812564));
#2220=CARTESIAN_POINT('',(0.0122385025062067,0.0077,0.000789401424248758));
#2221=CARTESIAN_POINT('',(0.0122385025062067,0.0075,0.000789401424248758));
#2222=CARTESIAN_POINT('',(0.0123151772582309,0.0077,0.000843020131957962));
#2223=CARTESIAN_POINT('',(0.0123151772582309,0.0075,0.000843020131957962));
#2224=CARTESIAN_POINT('',(0.0124317979474984,0.0077,0.000869829485812564));
#2225=CARTESIAN_POINT('',(0.0124317979474984,0.0075,0.000869829485812564));
#2226=CARTESIAN_POINT('',(0.0125883645740093,0.0077,0.000869829485812564));
#2227=CARTESIAN_POINT('',(0.0125883645740093,0.0075,0.000869829485812564));
#2228=CARTESIAN_POINT('',(0.0122385025062067,0.0075,0.000789401424248758));
#2229=CARTESIAN_POINT('',(0.012353514634243,0.0075,0.000869829485812564));
#2230=CARTESIAN_POINT('',(0.0125883645740093,0.0075,0.000869829485812564));
#2231=CARTESIAN_POINT('',(0.0122385025062067,0.0075,0.000789401424248758));
#2232=CARTESIAN_POINT('',(0.0122385025062067,0.0077,0.000789401424248758));
#2233=CARTESIAN_POINT('',(0.0122385025062067,0.0077,0.000789401424248758));
#2234=CARTESIAN_POINT('',(0.0122385025062067,0.0077,0.000789401424248758));
#2235=CARTESIAN_POINT('',(0.012353514634243,0.0077,0.000869829485812564));
#2236=CARTESIAN_POINT('',(0.0125883645740093,0.0077,0.000869829485812564));
#2237=CARTESIAN_POINT('',(0.0121234903781705,0.0077,0.000538063731861863));
#2238=CARTESIAN_POINT('',(0.0121234903781705,0.0075,0.000538063731861863));
#2239=CARTESIAN_POINT('',(0.0121234903781705,0.0077,0.000652003485743922));
#2240=CARTESIAN_POINT('',(0.0121234903781705,0.0075,0.000652003485743922));
#2241=CARTESIAN_POINT('',(0.0121618277541825,0.0077,0.000735782716539554));
#2242=CARTESIAN_POINT('',(0.0121618277541825,0.0075,0.000735782716539554));
#2243=CARTESIAN_POINT('',(0.0122385025062067,0.0077,0.000789401424248758));
#2244=CARTESIAN_POINT('',(0.0122385025062067,0.0075,0.000789401424248758));
#2245=CARTESIAN_POINT('',(0.0121234903781705,0.0075,0.000538063731861863));
#2246=CARTESIAN_POINT('',(0.0121234903781705,0.0075,0.000708973362684952));
#2247=CARTESIAN_POINT('',(0.0122385025062067,0.0075,0.000789401424248758));
#2248=CARTESIAN_POINT('',(0.0121234903781705,0.0075,0.000538063731861863));
#2249=CARTESIAN_POINT('',(0.0121234903781705,0.0077,0.000538063731861863));
#2250=CARTESIAN_POINT('',(0.0121234903781705,0.0077,0.000538063731861863));
#2251=CARTESIAN_POINT('',(0.0121234903781705,0.0077,0.000538063731861863));
#2252=CARTESIAN_POINT('',(0.0121234903781705,0.0077,0.000708973362684952));
#2253=CARTESIAN_POINT('',(0.0122385025062067,0.0077,0.000789401424248758));
#2254=CARTESIAN_POINT('',(0.0122358885942059,0.0077,0.000268227585315294));
#2255=CARTESIAN_POINT('',(0.0122358885942059,0.0075,0.000268227585315294));
#2256=CARTESIAN_POINT('',(0.0121609564501823,0.0077,0.000325599602564142));
#2257=CARTESIAN_POINT('',(0.0121609564501823,0.0075,0.000325599602564142));
#2258=CARTESIAN_POINT('',(0.0121234903781705,0.0077,0.000415544984746332));
#2259=CARTESIAN_POINT('',(0.0121234903781705,0.0075,0.000415544984746332));
#2260=CARTESIAN_POINT('',(0.0121234903781705,0.0077,0.000538063731861863));
#2261=CARTESIAN_POINT('',(0.0121234903781705,0.0075,0.000538063731861863));
#2262=CARTESIAN_POINT('',(0.0122358885942059,0.0075,0.000268227585315294));
#2263=CARTESIAN_POINT('',(0.0121234903781705,0.0075,0.000354285611188567));
#2264=CARTESIAN_POINT('',(0.0121234903781705,0.0075,0.000538063731861863));
#2265=CARTESIAN_POINT('',(0.0122358885942059,0.0075,0.000268227585315294));
#2266=CARTESIAN_POINT('',(0.0122358885942059,0.0077,0.000268227585315294));
#2267=CARTESIAN_POINT('',(0.0122358885942059,0.0077,0.000268227585315294));
#2268=CARTESIAN_POINT('',(0.0122358885942059,0.0077,0.000268227585315294));
#2269=CARTESIAN_POINT('',(0.0121234903781705,0.0077,0.000354285611188567));
#2270=CARTESIAN_POINT('',(0.0121234903781705,0.0077,0.000538063731861863));
#2271=CARTESIAN_POINT('',(0.0125706704004652,0.0077,0.000182169559442021));
#2272=CARTESIAN_POINT('',(0.0125706704004652,0.0075,0.000182169559442021));
#2273=CARTESIAN_POINT('',(0.0124224146736493,0.0077,0.000182169559442021));
#2274=CARTESIAN_POINT('',(0.0124224146736493,0.0075,0.000182169559442021));
#2275=CARTESIAN_POINT('',(0.0123108207382295,0.0077,0.000210855568066445));
#2276=CARTESIAN_POINT('',(0.0123108207382295,0.0075,0.000210855568066445));
#2277=CARTESIAN_POINT('',(0.0122358885942059,0.0077,0.000268227585315294));
#2278=CARTESIAN_POINT('',(0.0122358885942059,0.0075,0.000268227585315294));
#2279=CARTESIAN_POINT('',(0.0125706704004652,0.0075,0.000182169559442021));
#2280=CARTESIAN_POINT('',(0.0123482868102413,0.0075,0.000182169559442021));
#2281=CARTESIAN_POINT('',(0.0122358885942059,0.0075,0.000268227585315294));
#2282=CARTESIAN_POINT('',(0.0125706704004652,0.0075,0.00018216955944202));
#2283=CARTESIAN_POINT('',(0.0125706704004652,0.0077,0.000182169559442021));
#2284=CARTESIAN_POINT('',(0.0125706704004652,0.0077,0.000182169559442021));
#2285=CARTESIAN_POINT('',(0.0125706704004652,0.0077,0.000182169559442021));
#2286=CARTESIAN_POINT('',(0.0123482868102413,0.0077,0.000182169559442021));
#2287=CARTESIAN_POINT('',(0.0122358885942059,0.0077,0.000268227585315294));
#2288=CARTESIAN_POINT('',(0.0127783758694538,0.0077,0.00105079262433113));
#2289=CARTESIAN_POINT('',(0.0127783758694538,0.0075,0.00105079262433113));
#2290=CARTESIAN_POINT('',(0.0129543122541246,0.0075,0.00105079262433113));
#2291=CARTESIAN_POINT('',(0.0126024394847829,0.0075,0.00105079262433113));
#2292=CARTESIAN_POINT('',(0.0129543122541246,0.0077,0.00105079262433113));
#2293=CARTESIAN_POINT('',(0.0129543122541246,0.0077,0.00105079262433113));
#2294=CARTESIAN_POINT('',(0.0127783758694538,0.0077,0.00105079262433113));
#2295=CARTESIAN_POINT('',(0.0126024394847829,0.0077,0.00105079262433113));
#2296=CARTESIAN_POINT('',(0.0126024394847829,0.0077,0.00105079262433113));
#2297=CARTESIAN_POINT('',(0.0129543122541246,0.0077,0.00135159357457976));
#2298=CARTESIAN_POINT('',(0.0129543122541246,0.0075,0.00135159357457976));
#2299=CARTESIAN_POINT('',(0.0129543122541246,0.0075,0.0016523945248284));
#2300=CARTESIAN_POINT('',(0.0129543122541246,0.0077,0.0016523945248284));
#2301=CARTESIAN_POINT('',(0.0129543122541246,0.0077,0.0016523945248284));
#2302=CARTESIAN_POINT('',(0.0129543122541246,0.0077,0.00135159357457976));
#2303=CARTESIAN_POINT('',(0.0127970753937673,0.0077,0.0016523945248284));
#2304=CARTESIAN_POINT('',(0.0127970753937673,0.0075,0.0016523945248284));
#2305=CARTESIAN_POINT('',(0.0126398385334101,0.0075,0.0016523945248284));
#2306=CARTESIAN_POINT('',(0.0126398385334101,0.0077,0.0016523945248284));
#2307=CARTESIAN_POINT('',(0.0126398385334101,0.0077,0.0016523945248284));
#2308=CARTESIAN_POINT('',(0.0127970753937673,0.0077,0.0016523945248284));
#2309=CARTESIAN_POINT('',(0.0122879657640685,0.0077,0.00158403067249917));
#2310=CARTESIAN_POINT('',(0.0122879657640685,0.0075,0.00158403067249917));
#2311=CARTESIAN_POINT('',(0.0123616914871686,0.0077,0.00162960657405199));
#2312=CARTESIAN_POINT('',(0.0123616914871686,0.0075,0.00162960657405199));
#2313=CARTESIAN_POINT('',(0.0124789824102825,0.0077,0.0016523945248284));
#2314=CARTESIAN_POINT('',(0.0124789824102825,0.0075,0.0016523945248284));
#2315=CARTESIAN_POINT('',(0.0126398385334101,0.0077,0.0016523945248284));
#2316=CARTESIAN_POINT('',(0.0126398385334101,0.0075,0.0016523945248284));
#2317=CARTESIAN_POINT('',(0.0122879657640685,0.0075,0.00158403067249917));
#2318=CARTESIAN_POINT('',(0.0123985543487187,0.0075,0.0016523945248284));
#2319=CARTESIAN_POINT('',(0.0126398385334101,0.0075,0.0016523945248284));
#2320=CARTESIAN_POINT('',(0.0122879657640685,0.0075,0.00158403067249917));
#2321=CARTESIAN_POINT('',(0.0122879657640685,0.0077,0.00158403067249917));
#2322=CARTESIAN_POINT('',(0.0122879657640685,0.0077,0.00158403067249917));
#2323=CARTESIAN_POINT('',(0.0122879657640685,0.0077,0.00158403067249917));
#2324=CARTESIAN_POINT('',(0.0123985543487187,0.0077,0.0016523945248284));
#2325=CARTESIAN_POINT('',(0.0126398385334101,0.0077,0.0016523945248284));
#2326=CARTESIAN_POINT('',(0.0121773771794182,0.0077,0.0013608428016596));
#2327=CARTESIAN_POINT('',(0.0121773771794182,0.0075,0.0013608428016596));
#2328=CARTESIAN_POINT('',(0.0121773771794182,0.0077,0.00146405881399982));
#2329=CARTESIAN_POINT('',(0.0121773771794182,0.0075,0.00146405881399982));
#2330=CARTESIAN_POINT('',(0.0122142400409683,0.0077,0.00153845477094634));
#2331=CARTESIAN_POINT('',(0.0122142400409683,0.0075,0.00153845477094634));
#2332=CARTESIAN_POINT('',(0.0122879657640685,0.0077,0.00158403067249917));
#2333=CARTESIAN_POINT('',(0.0122879657640685,0.0075,0.00158403067249917));
#2334=CARTESIAN_POINT('',(0.0121773771794182,0.0075,0.0013608428016596));
#2335=CARTESIAN_POINT('',(0.0121773771794182,0.0075,0.00151566682016993));
#2336=CARTESIAN_POINT('',(0.0122879657640685,0.0075,0.00158403067249917));
#2337=CARTESIAN_POINT('',(0.0121773771794182,0.0075,0.0013608428016596));
#2338=CARTESIAN_POINT('',(0.0121773771794182,0.0077,0.0013608428016596));
#2339=CARTESIAN_POINT('',(0.0121773771794182,0.0077,0.0013608428016596));
#2340=CARTESIAN_POINT('',(0.0121773771794182,0.0077,0.0013608428016596));
#2341=CARTESIAN_POINT('',(0.0121773771794182,0.0077,0.00151566682016993));
#2342=CARTESIAN_POINT('',(0.0122879657640685,0.0077,0.00158403067249917));
#2343=CARTESIAN_POINT('',(0.0122767058354495,0.0077,0.00112177038866119));
#2344=CARTESIAN_POINT('',(0.0122767058354495,0.0075,0.00112177038866119));
#2345=CARTESIAN_POINT('',(0.0122104867314287,0.0077,0.00116908889821456));
#2346=CARTESIAN_POINT('',(0.0122104867314287,0.0075,0.00116908889821456));
#2347=CARTESIAN_POINT('',(0.0121773771794182,0.0077,0.00124877970254736));
#2348=CARTESIAN_POINT('',(0.0121773771794182,0.0075,0.00124877970254736));
#2349=CARTESIAN_POINT('',(0.0121773771794182,0.0077,0.0013608428016596));
#2350=CARTESIAN_POINT('',(0.0121773771794182,0.0075,0.0013608428016596));
#2351=CARTESIAN_POINT('',(0.0122767058354495,0.0075,0.00112177038866119));
#2352=CARTESIAN_POINT('',(0.0121773771794182,0.0075,0.00119274815299125));
#2353=CARTESIAN_POINT('',(0.0121773771794182,0.0075,0.0013608428016596));
#2354=CARTESIAN_POINT('',(0.0122767058354495,0.0075,0.00112177038866119));
#2355=CARTESIAN_POINT('',(0.0122767058354495,0.0077,0.00112177038866119));
#2356=CARTESIAN_POINT('',(0.0122767058354495,0.0077,0.00112177038866119));
#2357=CARTESIAN_POINT('',(0.0122767058354495,0.0077,0.00112177038866119));
#2358=CARTESIAN_POINT('',(0.0121773771794182,0.0077,0.00119274815299125));
#2359=CARTESIAN_POINT('',(0.0121773771794182,0.0077,0.0013608428016596));
#2360=CARTESIAN_POINT('',(0.0120611586304585,0.0077,0.000138336265889747));
#2361=CARTESIAN_POINT('',(0.0120611586304585,0.0075,0.000138336265889747));
#2362=CARTESIAN_POINT('',(0.0121721493554166,0.0077,4.61120886299155E-5));
#2363=CARTESIAN_POINT('',(0.0121721493554166,0.0075,4.61120886299155E-5));
#2364=CARTESIAN_POINT('',(0.0123273755142347,0.0077,0.));
#2365=CARTESIAN_POINT('',(0.0123273755142347,0.0075,0.));
#2366=CARTESIAN_POINT('',(0.012526837106913,0.0077,0.));
#2367=CARTESIAN_POINT('',(0.012526837106913,0.0075,0.));
#2368=CARTESIAN_POINT('',(0.0120611586304585,0.0077,0.000138336265889747));
#2369=CARTESIAN_POINT('',(0.0120611586304585,0.0077,0.000138336265889747));
#2370=CARTESIAN_POINT('',(0.0120611586304585,0.0077,0.000138336265889747));
#2371=CARTESIAN_POINT('',(0.0122276447178956,0.0077,0.));
#2372=CARTESIAN_POINT('',(0.012526837106913,0.0077,0.));
#2373=CARTESIAN_POINT('',(0.0118946725430214,0.0077,0.00052278240016474));
#2374=CARTESIAN_POINT('',(0.0118946725430214,0.0075,0.00052278240016474));
#2375=CARTESIAN_POINT('',(0.0118946725430214,0.0077,0.000358709154574576));
#2376=CARTESIAN_POINT('',(0.0118946725430214,0.0075,0.000358709154574576));
#2377=CARTESIAN_POINT('',(0.0119501679055005,0.0077,0.000230560443149578));
#2378=CARTESIAN_POINT('',(0.0119501679055005,0.0075,0.000230560443149578));
#2379=CARTESIAN_POINT('',(0.0120611586304585,0.0077,0.000138336265889747));
#2380=CARTESIAN_POINT('',(0.0120611586304585,0.0075,0.000138336265889747));
#2381=CARTESIAN_POINT('',(0.0118946725430214,0.0077,0.00052278240016474));
#2382=CARTESIAN_POINT('',(0.0118946725430214,0.0077,0.00052278240016474));
#2383=CARTESIAN_POINT('',(0.0118946725430214,0.0077,0.00052278240016474));
#2384=CARTESIAN_POINT('',(0.0118946725430214,0.0077,0.000276672531779493));
#2385=CARTESIAN_POINT('',(0.0120611586304585,0.0077,0.000138336265889747));
#2386=CARTESIAN_POINT('',(0.0123133006034611,0.0077,0.00096272389691876));
#2387=CARTESIAN_POINT('',(0.0123133006034611,0.0075,0.00096272389691876));
#2388=CARTESIAN_POINT('',(0.0120342152298346,0.0077,0.000915003247057569));
#2389=CARTESIAN_POINT('',(0.0120342152298346,0.0075,0.000915003247057569));
#2390=CARTESIAN_POINT('',(0.0118946725430214,0.0077,0.000768356081472895));
#2391=CARTESIAN_POINT('',(0.0118946725430214,0.0075,0.000768356081472895));
#2392=CARTESIAN_POINT('',(0.0118946725430214,0.0077,0.00052278240016474));
#2393=CARTESIAN_POINT('',(0.0118946725430214,0.0075,0.00052278240016474));
#2394=CARTESIAN_POINT('',(0.0123133006034611,0.0077,0.00096272389691876));
#2395=CARTESIAN_POINT('',(0.0123133006034611,0.0077,0.00096272389691876));
#2396=CARTESIAN_POINT('',(0.0123133006034611,0.0077,0.00096272389691876));
#2397=CARTESIAN_POINT('',(0.0118946725430214,0.0077,0.000891142922126973));
#2398=CARTESIAN_POINT('',(0.0118946725430214,0.0077,0.00052278240016474));
#2399=CARTESIAN_POINT('',(0.0123133006034611,0.0077,0.000968957071689955));
#2400=CARTESIAN_POINT('',(0.0123133006034611,0.0077,0.00097519024646115));
#2401=CARTESIAN_POINT('',(0.0123133006034611,0.0077,0.00097519024646115));
#2402=CARTESIAN_POINT('',(0.0123133006034611,0.0077,0.000968957071689955));
#2403=CARTESIAN_POINT('',(0.0120472847898388,0.0077,0.00111272223173526));
#2404=CARTESIAN_POINT('',(0.0120472847898388,0.0075,0.00111272223173526));
#2405=CARTESIAN_POINT('',(0.0121080079763194,0.0077,0.00104194553755911));
#2406=CARTESIAN_POINT('',(0.0121080079763194,0.0075,0.00104194553755911));
#2407=CARTESIAN_POINT('',(0.0121966799141935,0.0077,0.000996101542467739));
#2408=CARTESIAN_POINT('',(0.0121966799141935,0.0075,0.000996101542467739));
#2409=CARTESIAN_POINT('',(0.0123133006034611,0.0077,0.00097519024646115));
#2410=CARTESIAN_POINT('',(0.0123133006034611,0.0075,0.00097519024646115));
#2411=CARTESIAN_POINT('',(0.0120472847898388,0.0077,0.00111272223173526));
#2412=CARTESIAN_POINT('',(0.0120472847898388,0.0077,0.00111272223173526));
#2413=CARTESIAN_POINT('',(0.0120472847898388,0.0077,0.00111272223173526));
#2414=CARTESIAN_POINT('',(0.0121383695695598,0.0077,0.00100655719047103));
#2415=CARTESIAN_POINT('',(0.0123133006034611,0.0077,0.00097519024646115));
#2416=CARTESIAN_POINT('',(0.0123568061711324,0.0077,0.0013652230176372));
#2417=CARTESIAN_POINT('',(0.0119562000101178,0.0077,0.00138255837828183));
#2418=CARTESIAN_POINT('',(0.0119562000101178,0.0077,0.00138255837828183));
#2419=CARTESIAN_POINT('',(0.0123568061711324,0.0077,0.0013652230176372));
#2420=CARTESIAN_POINT('',(0.0121196700452462,0.0077,0.00172799690269837));
#2421=CARTESIAN_POINT('',(0.0121196700452462,0.0075,0.00172799690269837));
#2422=CARTESIAN_POINT('',(0.0120106900218272,0.0077,0.00165507546021386));
#2423=CARTESIAN_POINT('',(0.0120106900218272,0.0075,0.00165507546021386));
#2424=CARTESIAN_POINT('',(0.0119562000101178,0.0077,0.00153992928540834));
#2425=CARTESIAN_POINT('',(0.0119562000101178,0.0075,0.00153992928540834));
#2426=CARTESIAN_POINT('',(0.0119562000101178,0.0077,0.00138255837828183));
#2427=CARTESIAN_POINT('',(0.0119562000101178,0.0075,0.00138255837828183));
#2428=CARTESIAN_POINT('',(0.0121196700452462,0.0077,0.00172799690269837));
#2429=CARTESIAN_POINT('',(0.0121196700452462,0.0077,0.00172799690269837));
#2430=CARTESIAN_POINT('',(0.0121196700452462,0.0077,0.00172799690269837));
#2431=CARTESIAN_POINT('',(0.0119562000101178,0.0077,0.0016186147389716));
#2432=CARTESIAN_POINT('',(0.0119562000101178,0.0077,0.00138255837828183));
#2433=CARTESIAN_POINT('',(0.0126486856201821,0.0077,0.00183737906642515));
#2434=CARTESIAN_POINT('',(0.0126486856201821,0.0075,0.00183737906642515));
#2435=CARTESIAN_POINT('',(0.0124049885936438,0.0077,0.00183737906642515));
#2436=CARTESIAN_POINT('',(0.0124049885936438,0.0075,0.00183737906642515));
#2437=CARTESIAN_POINT('',(0.0122286500686651,0.0077,0.00180091834518289));
#2438=CARTESIAN_POINT('',(0.0122286500686651,0.0075,0.00180091834518289));
#2439=CARTESIAN_POINT('',(0.0121196700452462,0.0077,0.00172799690269837));
#2440=CARTESIAN_POINT('',(0.0121196700452462,0.0075,0.00172799690269837));
#2441=CARTESIAN_POINT('',(0.0126486856201821,0.0077,0.00183737906642515));
#2442=CARTESIAN_POINT('',(0.0126486856201821,0.0077,0.00183737906642515));
#2443=CARTESIAN_POINT('',(0.0126486856201821,0.0077,0.00183737906642515));
#2444=CARTESIAN_POINT('',(0.0122831400803746,0.0077,0.00183737906642515));
#2445=CARTESIAN_POINT('',(0.0121196700452462,0.0077,0.00172799690269837));
#2446=CARTESIAN_POINT('',(0.0129082671888793,0.0077,0.00183737906642515));
#2447=CARTESIAN_POINT('',(0.0131678487575765,0.0077,0.00183737906642515));
#2448=CARTESIAN_POINT('',(0.0131678487575765,0.0077,0.00183737906642515));
#2449=CARTESIAN_POINT('',(0.0129082671888793,0.0077,0.00183737906642515));
#2450=CARTESIAN_POINT('',(0.0131678487575765,0.0077,0.000918689533212576));
#2451=CARTESIAN_POINT('',(0.0131678487575765,0.0077,0.000918689533212576));
#2452=CARTESIAN_POINT('',(0.0126024394847829,0.0077,0.00105079262433113));
#2453=CARTESIAN_POINT('',(0.0126024394847829,0.0075,0.00105079262433113));
#2454=CARTESIAN_POINT('',(0.0124515028225815,0.0077,0.00105079262433113));
#2455=CARTESIAN_POINT('',(0.0124515028225815,0.0075,0.00105079262433113));
#2456=CARTESIAN_POINT('',(0.0123429249394704,0.0077,0.00107445187910781));
#2457=CARTESIAN_POINT('',(0.0123429249394704,0.0075,0.00107445187910781));
#2458=CARTESIAN_POINT('',(0.0122767058354495,0.0077,0.00112177038866119));
#2459=CARTESIAN_POINT('',(0.0122767058354495,0.0075,0.00112177038866119));
#2460=CARTESIAN_POINT('',(0.0126024394847829,0.0075,0.00105079262433113));
#2461=CARTESIAN_POINT('',(0.0123760344914808,0.0075,0.00105079262433113));
#2462=CARTESIAN_POINT('',(0.0122767058354495,0.0075,0.00112177038866119));
#2463=CARTESIAN_POINT('',(0.0126024394847829,0.0077,0.00105079262433113));
#2464=CARTESIAN_POINT('',(0.0123760344914808,0.0077,0.00105079262433113));
#2465=CARTESIAN_POINT('',(0.0122767058354495,0.0077,0.00112177038866119));
#2466=CARTESIAN_POINT('',(0.0127624913272949,0.0077,0.000182169559442021));
#2467=CARTESIAN_POINT('',(0.0127624913272949,0.0075,0.000182169559442021));
#2468=CARTESIAN_POINT('',(0.0127624913272949,0.0077,0.000182169559442021));
#2469=CARTESIAN_POINT('',(0.003,0.0077,0.01));
#2470=CARTESIAN_POINT('',(1.7347234759768E-18,0.0075,0.02));
#2471=CARTESIAN_POINT('',(1.7347234759768E-18,0.0075,0.02));
#2472=CARTESIAN_POINT('',(0.0140065123695331,0.0077,0.000445571461063487));
#2473=CARTESIAN_POINT('',(0.0140065123695331,0.0077,0.000445571461063487));
#2474=CARTESIAN_POINT('',(0.0143412941757924,0.0077,0.000891142922126973));
#2475=CARTESIAN_POINT('',(0.0143412941757924,0.0077,0.000891142922126973));
#2476=CARTESIAN_POINT('',(0.0138036325842384,0.0077,0.000519565277702188));
#2477=CARTESIAN_POINT('',(0.0141868722975899,0.0077,0.00103913055540438));
#2478=CARTESIAN_POINT('',(0.0141868722975899,0.0077,0.00103913055540438));
#2479=CARTESIAN_POINT('',(0.0138036325842384,0.0077,0.000519565277702188));
#2480=CARTESIAN_POINT('',(0.0138175064248581,0.0077,0.00143825481091476));
#2481=CARTESIAN_POINT('',(0.0134481405521264,0.0077,0.00183737906642515));
#2482=CARTESIAN_POINT('',(0.0134481405521264,0.0077,0.00183737906642515));
#2483=CARTESIAN_POINT('',(0.0138175064248581,0.0077,0.00143825481091476));
#2484=CARTESIAN_POINT('',(0.0135744126087815,0.0077,0.00183737906642515));
#2485=CARTESIAN_POINT('',(0.0137006846654367,0.0077,0.00183737906642515));
#2486=CARTESIAN_POINT('',(0.0137006846654367,0.0077,0.00183737906642515));
#2487=CARTESIAN_POINT('',(0.0135744126087815,0.0077,0.00183737906642515));
#2488=CARTESIAN_POINT('',(0.0141173020243372,0.0077,0.00138175409766619));
#2489=CARTESIAN_POINT('',(0.0145339193832377,0.0077,0.000926129128907228));
#2490=CARTESIAN_POINT('',(0.0145339193832377,0.0077,0.000926129128907228));
#2491=CARTESIAN_POINT('',(0.0141173020243372,0.0077,0.00138175409766619));
#2492=CARTESIAN_POINT('',(0.0145339193832377,0.0077,0.00138175409766619));
#2493=CARTESIAN_POINT('',(0.0145339193832377,0.0077,0.00183737906642515));
#2494=CARTESIAN_POINT('',(0.0145339193832377,0.0077,0.00183737906642515));
#2495=CARTESIAN_POINT('',(0.0145339193832377,0.0077,0.00138175409766619));
#2496=CARTESIAN_POINT('',(0.0146406876349637,0.0077,0.00183737906642515));
#2497=CARTESIAN_POINT('',(0.0147474558866896,0.0077,0.00183737906642515));
#2498=CARTESIAN_POINT('',(0.0147474558866896,0.0077,0.00183737906642515));
#2499=CARTESIAN_POINT('',(0.0146406876349637,0.0077,0.00183737906642515));
#2500=CARTESIAN_POINT('',(0.0147474558866896,0.0077,0.000918689533212576));
#2501=CARTESIAN_POINT('',(0.0147474558866896,0.0077,0.000918689533212576));
#2502=CARTESIAN_POINT('',(0.0145339193832377,0.0077,0.000360116645651942));
#2503=CARTESIAN_POINT('',(0.0145339193832377,0.0077,0.000720233291303885));
#2504=CARTESIAN_POINT('',(0.0145339193832377,0.0077,0.000720233291303885));
#2505=CARTESIAN_POINT('',(0.0145339193832377,0.0077,0.000360116645651942));
#2506=CARTESIAN_POINT('',(0.0144376067795151,0.0077,0.000805688106715429));
#2507=CARTESIAN_POINT('',(0.0144376067795151,0.0077,0.000805688106715429));
#2508=CARTESIAN_POINT('',(0.003,0.0077,0.01));
#2509=CARTESIAN_POINT('',(1.10225717442347E-18,0.00476556,0.00173444));
#2510=CARTESIAN_POINT('',(-0.01151556,0.00476556,0.00173444));
#2511=CARTESIAN_POINT('',(-0.00473444,0.00476556,0.00173444));
#2512=CARTESIAN_POINT('',(-0.00473444,1.09505922848048E-18,0.00173444));
#2513=CARTESIAN_POINT('',(-0.00473444,-0.00476556,0.00173444));
#2514=CARTESIAN_POINT('',(-0.01151556,0.00476556,-8.67361737988404E-19));
#2515=CARTESIAN_POINT('',(-0.01151556,0.00476556,0.00526556));
#2516=CARTESIAN_POINT('',(-0.005,-0.00476556,0.00173444));
#2517=CARTESIAN_POINT('',(-0.01151556,-0.00476556,0.00173444));
#2518=CARTESIAN_POINT('',(-0.01151556,-5.04533452054072E-19,0.00526556));
#2519=CARTESIAN_POINT('',(-0.01151556,-0.00476556,0.00526556));
#2520=CARTESIAN_POINT('',(-0.01151556,-0.00476556,0.002));
#2521=MECHANICAL_DESIGN_GEOMETRIC_PRESENTATION_REPRESENTATION('',(#1512),
#2522);
#2522=(
GEOMETRIC_REPRESENTATION_CONTEXT(3)
GLOBAL_UNCERTAINTY_ASSIGNED_CONTEXT((#2523))
GLOBAL_UNIT_ASSIGNED_CONTEXT((#2526,#2525,#2524))
REPRESENTATION_CONTEXT('Part 1','TOP_LEVEL_ASSEMBLY_PART')
);
#2523=UNCERTAINTY_MEASURE_WITH_UNIT(LENGTH_MEASURE(2.E-5),#2526,
'DISTANCE_ACCURACY_VALUE','Maximum Tolerance applied to model');
#2524=(
NAMED_UNIT(*)
SI_UNIT($,.STERADIAN.)
SOLID_ANGLE_UNIT()
);
#2525=(
NAMED_UNIT(*)
PLANE_ANGLE_UNIT()
SI_UNIT($,.RADIAN.)
);
#2526=(
LENGTH_UNIT()
NAMED_UNIT(*)
SI_UNIT($,.METRE.)
);
#2527=PRODUCT_DEFINITION_SHAPE('','',#2528);
#2528=PRODUCT_DEFINITION('','',#2530,#2529);
#2529=PRODUCT_DEFINITION_CONTEXT('',#2536,'design');
#2530=PRODUCT_DEFINITION_FORMATION_WITH_SPECIFIED_SOURCE('','',#2532,
 .NOT_KNOWN.);
#2531=PRODUCT_RELATED_PRODUCT_CATEGORY('','',(#2532));
#2532=PRODUCT('Part 1','Part 1','Part 1',(#2534));
#2533=PRODUCT_CATEGORY('','');
#2534=PRODUCT_CONTEXT('',#2536,'mechanical');
#2535=APPLICATION_PROTOCOL_DEFINITION('international standard',
'ap242_managed_model_based_3d_engineering',2020,#2536);
#2536=APPLICATION_CONTEXT('managed model based 3d engineering');
ENDSEC;
END-ISO-10303-21;
